2026-03-15 10:07:53.558 INFO  [main] c.f.t.b.s.FundTransferBankServiceApplication : Starting FundTransferBankServiceApplication using Java 21.0.9 with PID 1732 (D:\Learning\FundTransfer\FundTransfer\FundTransferBankService\target\classes started by CRYSTAL TECHNOLOGY in D:\Learning\FundTransfer\FundTransfer)
2026-03-15 10:07:53.569 DEBUG [main] c.f.t.b.s.FundTransferBankServiceApplication : Running with Spring Boot v3.4.1, Spring v6.2.1
2026-03-15 10:07:53.571 INFO  [main] c.f.t.b.s.FundTransferBankServiceApplication : The following 1 profile is active: "dev"
2026-03-15 10:07:55.679 INFO  [main] o.s.d.r.c.RepositoryConfigurationDelegate : Multiple Spring Data modules found, entering strict repository configuration mode
2026-03-15 10:07:55.685 INFO  [main] o.s.d.r.c.RepositoryConfigurationDelegate : Bootstrapping Spring Data R2DBC repositories in DEFAULT mode.
2026-03-15 10:07:55.934 INFO  [main] o.s.d.r.c.RepositoryConfigurationDelegate : Finished Spring Data repository scanning in 238 ms. Found 2 R2DBC repository interfaces.
2026-03-15 10:07:55.954 INFO  [main] o.s.d.r.c.RepositoryConfigurationDelegate : Multiple Spring Data modules found, entering strict repository configuration mode
2026-03-15 10:07:55.955 INFO  [main] o.s.d.r.c.RepositoryConfigurationDelegate : Bootstrapping Spring Data Redis repositories in DEFAULT mode.
2026-03-15 10:07:55.988 INFO  [main] o.s.d.r.c.RepositoryConfigurationExtensionSupport : Spring Data Redis - Could not safely identify store assignment for repository candidate interface com.fund.transfer.bank.service.data.bankaccount.BankAccountRepository; If you want this repository to be a Redis repository, consider annotating your entities with one of these annotations: org.springframework.data.redis.core.RedisHash (preferred), or consider extending one of the following types with your repository: org.springframework.data.keyvalue.repository.KeyValueRepository
2026-03-15 10:07:55.988 INFO  [main] o.s.d.r.c.RepositoryConfigurationExtensionSupport : Spring Data Redis - Could not safely identify store assignment for repository candidate interface com.fund.transfer.bank.service.data.bank.BankRepository; If you want this repository to be a Redis repository, consider annotating your entities with one of these annotations: org.springframework.data.redis.core.RedisHash (preferred), or consider extending one of the following types with your repository: org.springframework.data.keyvalue.repository.KeyValueRepository
2026-03-15 10:07:55.989 INFO  [main] o.s.d.r.c.RepositoryConfigurationDelegate : Finished Spring Data repository scanning in 19 ms. Found 0 Redis repository interfaces.
2026-03-15 10:07:56.510 INFO  [main] o.s.cloud.context.scope.GenericScope : BeanFactory id=28afcfed-5513-3f6d-9ec0-19eb2f2f0bb5
2026-03-15 10:07:57.707 DEBUG [main] io.r2dbc.postgresql.Extensions : Discovering Extensions using ServiceLoader
2026-03-15 10:07:57.710 DEBUG [main] io.r2dbc.postgresql.Extensions : Registering extension io.r2dbc.postgresql.codec.BuiltinDynamicCodecs
2026-03-15 10:07:59.321 INFO  [main] c.f.t.b.s.g.schema.SchemaInitializer : ╔══════════════════════════════════════════╗
2026-03-15 10:07:59.322 INFO  [main] c.f.t.b.s.g.schema.SchemaInitializer : ║   User Service Schema Initialization...  ║
2026-03-15 10:07:59.322 INFO  [main] c.f.t.b.s.g.schema.SchemaInitializer : ╚══════════════════════════════════════════╝
2026-03-15 10:07:59.322 INFO  [main] c.f.t.b.s.g.schema.SchemaInitializer : Checking schema 'banking_service'...
2026-03-15 10:07:59.565 INFO  [main] c.f.t.b.s.g.schema.SchemaInitializer : Schema 'banking_service' already exists — skipping
2026-03-15 10:08:00.477 INFO  [main] c.f.t.b.s.g.schema.LiquibaseConfig : Liquibase configured — schema: banking_service, changelog: classpath:db/changelog/db.changelog-master.xml
2026-03-15 10:08:01.481 DEBUG [main] liquibase.executor : Changelog query completed.
2026-03-15 10:08:01.490 INFO  [main] liquibase.changelog : Reading from banking_service.databasechangelog
2026-03-15 10:08:01.494 DEBUG [main] liquibase.executor : Changelog query completed.
2026-03-15 10:08:01.505 DEBUG [main] liquibase.executor : Changelog query completed.
2026-03-15 10:08:01.568 DEBUG [main] liquibase.changelog : Fast check found no un-run changesets
2026-03-15 10:08:01.569 INFO  [main] liquibase.ui : Database is up to date, no changesets to execute
2026-03-15 10:08:01.571 INFO  [main] liquibase.changelog : Reading from banking_service.databasechangelog
2026-03-15 10:08:01.574 DEBUG [main] liquibase.executor : Changelog query completed.
2026-03-15 10:08:01.584 INFO  [main] liquibase.util : UPDATE SUMMARY
2026-03-15 10:08:01.585 INFO  [main] liquibase.util : Run:                          0
2026-03-15 10:08:01.585 INFO  [main] liquibase.util : Previously run:               8
2026-03-15 10:08:01.585 INFO  [main] liquibase.util : Filtered out:                 0
2026-03-15 10:08:01.585 INFO  [main] liquibase.util : -------------------------------
2026-03-15 10:08:01.585 INFO  [main] liquibase.util : Total change sets:            8
2026-03-15 10:08:01.586 INFO  [main] liquibase.util : Update summary generated
2026-03-15 10:08:01.586 INFO  [main] liquibase.command : Command execution complete
2026-03-15 10:08:01.627 INFO  [main] o.s.b.a.s.r.ReactiveUserDetailsServiceAutoConfiguration : 

Using generated security password: 6ee1dda5-d217-4df1-bd79-1a709221a735

2026-03-15 10:08:01.745 DEBUG [main] o.s.w.r.r.m.a.RequestMappingHandlerMapping : 10 mappings in 'requestMappingHandlerMapping'
2026-03-15 10:08:01.771 INFO  [main] o.s.b.f.a.AutowiredAnnotationBeanPostProcessor : Inconsistent constructor declaration on bean with name '_reactiveMethodSecurityConfiguration': single autowire-marked constructor flagged as optional - this constructor is effectively required since there is no default constructor to fall back to: org.springframework.security.config.annotation.method.configuration.ReactiveAuthorizationManagerMethodSecurityConfiguration(org.springframework.security.access.expression.method.MethodSecurityExpressionHandler,org.springframework.beans.factory.ObjectProvider,org.springframework.beans.factory.ObjectProvider)
2026-03-15 10:08:02.006 DEBUG [main] o.s.w.r.r.m.a.ControllerMethodResolver : ControllerAdvice beans: 0 @ModelAttribute, 0 @InitBinder, 1 @ExceptionHandler
2026-03-15 10:08:02.047 DEBUG [main] o.s.w.s.a.HttpWebHandlerAdapter : enableLoggingRequestDetails='false': form data and headers will be masked to prevent unsafe logging of potentially sensitive data
2026-03-15 10:08:02.115 INFO  [main] o.s.c.n.e.c.DiscoveryClientOptionalArgsConfiguration : Eureka HTTP Client uses RestTemplate.
2026-03-15 10:08:02.175 INFO  [main] n.d.b.g.s.a.GrpcServerFactoryAutoConfiguration : Detected grpc-netty-shaded: Creating ShadedNettyGrpcServerFactory
2026-03-15 10:08:02.215 DEBUG [main] n.d.b.g.s.i.AnnotationGlobalServerInterceptorConfigurer : Registering GlobalServerInterceptor: grpcRequestScope (net.devh.boot.grpc.server.scope.GrpcRequestScope@533690d)
2026-03-15 10:08:02.222 DEBUG [main] n.d.b.g.s.s.AnnotationGrpcServiceDiscoverer : Found gRPC service: bank.account.BankAccountService, bean: bankAccountGrpcServer, class: com.fund.transfer.bank.service.global.grpc.service.BankAccountGrpcServer
2026-03-15 10:08:02.226 DEBUG [main] n.d.b.g.s.s.AnnotationGrpcServiceDiscoverer : Found gRPC service: grpc.health.v1.Health, bean: grpcHealthService, class: io.grpc.protobuf.services.HealthServiceImpl
2026-03-15 10:08:02.244 DEBUG [main] n.d.b.g.s.s.AnnotationGrpcServiceDiscoverer : Found gRPC service: grpc.reflection.v1alpha.ServerReflection, bean: protoReflectionService, class: io.grpc.protobuf.services.ProtoReflectionService
2026-03-15 10:08:02.674 WARN  [main] o.s.c.l.c.LoadBalancerCacheAutoConfiguration$LoadBalancerCaffeineWarnLogger : Spring Cloud LoadBalancer is currently working with the default cache. While this cache implementation is useful for development and tests, it's recommended to use Caffeine cache in production.You can switch to using Caffeine cache, by adding it and org.springframework.cache.caffeine.CaffeineCacheManager to the classpath.
2026-03-15 10:08:02.754 DEBUG [main] o.s.a.r.l.a.MessagingMessageListenerAdapter : Inferred argument type for public void com.fund.transfer.bank.service.global.messaging.bankaccount.consumer.BankAccountEventConsumer.saveBankAccountConsume(com.fund.transfer.bank.service.global.messaging.bankaccount.model.BankAccountMessage,long,com.rabbitmq.client.Channel) throws java.io.IOException is class com.fund.transfer.bank.service.global.messaging.bankaccount.model.BankAccountMessage
2026-03-15 10:08:02.769 DEBUG [main] o.s.a.r.l.SimpleMessageListenerContainer : No global properties bean
2026-03-15 10:08:02.769 DEBUG [main] o.s.a.r.l.SimpleMessageListenerContainer : No global properties bean
2026-03-15 10:08:02.771 DEBUG [main] o.s.a.r.l.SimpleMessageListenerContainer : Could not enable micrometer timers
java.lang.IllegalStateException: No micrometer registry present (or more than one and there is not exactly one marked with @Primary)
	at org.springframework.amqp.rabbit.listener.MicrometerHolder.<init>(MicrometerHolder.java:65)
	at org.springframework.amqp.rabbit.listener.ObservableListenerContainer.checkMicrometer(ObservableListenerContainer.java:107)
	at org.springframework.amqp.rabbit.listener.AbstractMessageListenerContainer.afterPropertiesSet(AbstractMessageListenerContainer.java:1205)
	at org.springframework.amqp.rabbit.listener.RabbitListenerEndpointRegistry.createListenerContainer(RabbitListenerEndpointRegistry.java:192)
	at org.springframework.amqp.rabbit.listener.RabbitListenerEndpointRegistry.registerListenerContainer(RabbitListenerEndpointRegistry.java:157)
	at org.springframework.amqp.rabbit.listener.RabbitListenerEndpointRegistry.registerListenerContainer(RabbitListenerEndpointRegistry.java:130)
	at org.springframework.amqp.rabbit.listener.RabbitListenerEndpointRegistrar.registerAllEndpoints(RabbitListenerEndpointRegistrar.java:199)
	at org.springframework.amqp.rabbit.listener.RabbitListenerEndpointRegistrar.afterPropertiesSet(RabbitListenerEndpointRegistrar.java:188)
	at org.springframework.amqp.rabbit.annotation.RabbitListenerAnnotationBeanPostProcessor.afterSingletonsInstantiated(RabbitListenerAnnotationBeanPostProcessor.java:292)
	at org.springframework.beans.factory.support.DefaultListableBeanFactory.preInstantiateSingletons(DefaultListableBeanFactory.java:1057)
	at org.springframework.context.support.AbstractApplicationContext.finishBeanFactoryInitialization(AbstractApplicationContext.java:987)
	at org.springframework.context.support.AbstractApplicationContext.refresh(AbstractApplicationContext.java:627)
	at org.springframework.boot.web.reactive.context.ReactiveWebServerApplicationContext.refresh(ReactiveWebServerApplicationContext.java:66)
	at org.springframework.boot.SpringApplication.refresh(SpringApplication.java:752)
	at org.springframework.boot.SpringApplication.refreshContext(SpringApplication.java:439)
	at org.springframework.boot.SpringApplication.run(SpringApplication.java:318)
	at org.springframework.boot.SpringApplication.run(SpringApplication.java:1361)
	at org.springframework.boot.SpringApplication.run(SpringApplication.java:1350)
	at com.fund.transfer.bank.service.FundTransferBankServiceApplication.main(FundTransferBankServiceApplication.java:14)
2026-03-15 10:08:02.774 DEBUG [main] o.s.a.r.l.a.BatchMessagingMessageListenerAdapter : Inferred argument type for public void com.fund.transfer.bank.service.global.messaging.bankaccount.consumer.BankAccountEventConsumer.updateBankAccountConsume(java.util.List,com.rabbitmq.client.Channel) throws java.io.IOException is class org.springframework.amqp.core.Message
2026-03-15 10:08:02.774 DEBUG [main] o.s.a.r.l.SimpleMessageListenerContainer : No global properties bean
2026-03-15 10:08:02.774 DEBUG [main] o.s.a.r.l.SimpleMessageListenerContainer : No global properties bean
2026-03-15 10:08:02.775 DEBUG [main] o.s.a.r.l.SimpleMessageListenerContainer : Could not enable micrometer timers
java.lang.IllegalStateException: No micrometer registry present (or more than one and there is not exactly one marked with @Primary)
	at org.springframework.amqp.rabbit.listener.MicrometerHolder.<init>(MicrometerHolder.java:65)
	at org.springframework.amqp.rabbit.listener.ObservableListenerContainer.checkMicrometer(ObservableListenerContainer.java:107)
	at org.springframework.amqp.rabbit.listener.AbstractMessageListenerContainer.afterPropertiesSet(AbstractMessageListenerContainer.java:1205)
	at org.springframework.amqp.rabbit.listener.RabbitListenerEndpointRegistry.createListenerContainer(RabbitListenerEndpointRegistry.java:192)
	at org.springframework.amqp.rabbit.listener.RabbitListenerEndpointRegistry.registerListenerContainer(RabbitListenerEndpointRegistry.java:157)
	at org.springframework.amqp.rabbit.listener.RabbitListenerEndpointRegistry.registerListenerContainer(RabbitListenerEndpointRegistry.java:130)
	at org.springframework.amqp.rabbit.listener.RabbitListenerEndpointRegistrar.registerAllEndpoints(RabbitListenerEndpointRegistrar.java:199)
	at org.springframework.amqp.rabbit.listener.RabbitListenerEndpointRegistrar.afterPropertiesSet(RabbitListenerEndpointRegistrar.java:188)
	at org.springframework.amqp.rabbit.annotation.RabbitListenerAnnotationBeanPostProcessor.afterSingletonsInstantiated(RabbitListenerAnnotationBeanPostProcessor.java:292)
	at org.springframework.beans.factory.support.DefaultListableBeanFactory.preInstantiateSingletons(DefaultListableBeanFactory.java:1057)
	at org.springframework.context.support.AbstractApplicationContext.finishBeanFactoryInitialization(AbstractApplicationContext.java:987)
	at org.springframework.context.support.AbstractApplicationContext.refresh(AbstractApplicationContext.java:627)
	at org.springframework.boot.web.reactive.context.ReactiveWebServerApplicationContext.refresh(ReactiveWebServerApplicationContext.java:66)
	at org.springframework.boot.SpringApplication.refresh(SpringApplication.java:752)
	at org.springframework.boot.SpringApplication.refreshContext(SpringApplication.java:439)
	at org.springframework.boot.SpringApplication.run(SpringApplication.java:318)
	at org.springframework.boot.SpringApplication.run(SpringApplication.java:1361)
	at org.springframework.boot.SpringApplication.run(SpringApplication.java:1350)
	at com.fund.transfer.bank.service.FundTransferBankServiceApplication.main(FundTransferBankServiceApplication.java:14)
2026-03-15 10:08:02.812 INFO  [main] o.s.c.n.eureka.InstanceInfoFactory : Setting initial instance status as: STARTING
2026-03-15 10:08:02.834 INFO  [main] c.netflix.discovery.DiscoveryClient : Initializing Eureka in region us-east-1
2026-03-15 10:08:02.839 INFO  [main] c.n.d.s.r.aws.ConfigClusterResolver : Resolving eureka endpoints via configuration
2026-03-15 10:08:02.852 INFO  [main] c.netflix.discovery.DiscoveryClient : Disable delta property : false
2026-03-15 10:08:02.852 INFO  [main] c.netflix.discovery.DiscoveryClient : Single vip registry refresh property : null
2026-03-15 10:08:02.852 INFO  [main] c.netflix.discovery.DiscoveryClient : Force full registry fetch : false
2026-03-15 10:08:02.852 INFO  [main] c.netflix.discovery.DiscoveryClient : Application is null : false
2026-03-15 10:08:02.852 INFO  [main] c.netflix.discovery.DiscoveryClient : Registered Applications size is zero : true
2026-03-15 10:08:02.853 INFO  [main] c.netflix.discovery.DiscoveryClient : Application version is -1: true
2026-03-15 10:08:02.853 INFO  [main] c.netflix.discovery.DiscoveryClient : Getting all instance registry info from the eureka server
2026-03-15 10:08:03.013 DEBUG [main] o.s.web.client.RestTemplate : HTTP GET http://localhost:8761/eureka/apps/
2026-03-15 10:08:03.140 DEBUG [main] o.s.web.client.RestTemplate : Accept=[application/json, application/*+json]
2026-03-15 10:08:03.181 INFO  [main] c.n.d.s.t.d.RedirectingEurekaHttpClient : Request execution error. endpoint=DefaultEndpoint{ serviceUrl='http://localhost:8761/eureka/}, exception=I/O error on GET request for "http://localhost:8761/eureka/apps/": Connect to http://localhost:8761 [localhost/127.0.0.1, localhost/0:0:0:0:0:0:0:1] failed: Connection refused: getsockopt stacktrace=org.springframework.web.client.ResourceAccessException: I/O error on GET request for "http://localhost:8761/eureka/apps/": Connect to http://localhost:8761 [localhost/127.0.0.1, localhost/0:0:0:0:0:0:0:1] failed: Connection refused: getsockopt
	at org.springframework.web.client.RestTemplate.createResourceAccessException(RestTemplate.java:926)
	at org.springframework.web.client.RestTemplate.doExecute(RestTemplate.java:906)
	at org.springframework.web.client.RestTemplate.execute(RestTemplate.java:841)
	at org.springframework.web.client.RestTemplate.exchange(RestTemplate.java:702)
	at org.springframework.cloud.netflix.eureka.http.RestTemplateEurekaHttpClient.getApplicationsInternal(RestTemplateEurekaHttpClient.java:174)
	at org.springframework.cloud.netflix.eureka.http.RestTemplateEurekaHttpClient.getApplications(RestTemplateEurekaHttpClient.java:162)
	at com.netflix.discovery.shared.transport.decorator.EurekaHttpClientDecorator$6.execute(EurekaHttpClientDecorator.java:137)
	at com.netflix.discovery.shared.transport.decorator.RedirectingEurekaHttpClient.executeOnNewServer(RedirectingEurekaHttpClient.java:121)
	at com.netflix.discovery.shared.transport.decorator.RedirectingEurekaHttpClient.execute(RedirectingEurekaHttpClient.java:80)
	at com.netflix.discovery.shared.transport.decorator.EurekaHttpClientDecorator.getApplications(EurekaHttpClientDecorator.java:134)
	at com.netflix.discovery.shared.transport.decorator.EurekaHttpClientDecorator$6.execute(EurekaHttpClientDecorator.java:137)
	at com.netflix.discovery.shared.transport.decorator.RetryableEurekaHttpClient.execute(RetryableEurekaHttpClient.java:120)
	at com.netflix.discovery.shared.transport.decorator.EurekaHttpClientDecorator.getApplications(EurekaHttpClientDecorator.java:134)
	at com.netflix.discovery.shared.transport.decorator.EurekaHttpClientDecorator$6.execute(EurekaHttpClientDecorator.java:137)
	at com.netflix.discovery.shared.transport.decorator.SessionedEurekaHttpClient.execute(SessionedEurekaHttpClient.java:76)
	at com.netflix.discovery.shared.transport.decorator.EurekaHttpClientDecorator.getApplications(EurekaHttpClientDecorator.java:134)
	at com.netflix.discovery.DiscoveryClient.getAndStoreFullRegistry(DiscoveryClient.java:1046)
	at com.netflix.discovery.DiscoveryClient.fetchRegistry(DiscoveryClient.java:961)
	at com.netflix.discovery.DiscoveryClient.<init>(DiscoveryClient.java:410)
	at com.netflix.discovery.DiscoveryClient.<init>(DiscoveryClient.java:245)
	at com.netflix.discovery.DiscoveryClient.<init>(DiscoveryClient.java:240)
	at org.springframework.cloud.netflix.eureka.CloudEurekaClient.<init>(CloudEurekaClient.java:68)
	at org.springframework.cloud.netflix.eureka.EurekaClientAutoConfiguration$RefreshableEurekaClientConfiguration.eurekaClient(EurekaClientAutoConfiguration.java:324)
	at java.base/jdk.internal.reflect.DirectMethodHandleAccessor.invoke(DirectMethodHandleAccessor.java:103)
	at java.base/java.lang.reflect.Method.invoke(Method.java:580)
	at org.springframework.beans.factory.support.SimpleInstantiationStrategy.lambda$instantiate$0(SimpleInstantiationStrategy.java:171)
	at org.springframework.beans.factory.support.SimpleInstantiationStrategy.instantiateWithFactoryMethod(SimpleInstantiationStrategy.java:88)
	at org.springframework.beans.factory.support.SimpleInstantiationStrategy.instantiate(SimpleInstantiationStrategy.java:168)
	at org.springframework.beans.factory.support.ConstructorResolver.instantiate(ConstructorResolver.java:653)
	at org.springframework.beans.factory.support.ConstructorResolver.instantiateUsingFactoryMethod(ConstructorResolver.java:645)
	at org.springframework.beans.factory.support.AbstractAutowireCapableBeanFactory.instantiateUsingFactoryMethod(AbstractAutowireCapableBeanFactory.java:1357)
	at org.springframework.beans.factory.support.AbstractAutowireCapableBeanFactory.createBeanInstance(AbstractAutowireCapableBeanFactory.java:1187)
	at org.springframework.beans.factory.support.AbstractAutowireCapableBeanFactory.doCreateBean(AbstractAutowireCapableBeanFactory.java:563)
	at org.springframework.beans.factory.support.AbstractAutowireCapableBeanFactory.createBean(AbstractAutowireCapableBeanFactory.java:523)
	at org.springframework.beans.factory.support.AbstractBeanFactory.lambda$doGetBean$1(AbstractBeanFactory.java:375)
	at org.springframework.cloud.context.scope.GenericScope$BeanLifecycleWrapper.getBean(GenericScope.java:375)
	at org.springframework.cloud.context.scope.GenericScope.get(GenericScope.java:179)
	at org.springframework.beans.factory.support.AbstractBeanFactory.doGetBean(AbstractBeanFactory.java:372)
	at org.springframework.beans.factory.support.AbstractBeanFactory.getBean(AbstractBeanFactory.java:199)
	at org.springframework.aop.target.SimpleBeanTargetSource.getTarget(SimpleBeanTargetSource.java:35)
	at org.springframework.cloud.netflix.eureka.serviceregistry.EurekaRegistration.getTargetObject(EurekaRegistration.java:128)
	at org.springframework.cloud.netflix.eureka.serviceregistry.EurekaRegistration.getEurekaClient(EurekaRegistration.java:116)
	at java.base/jdk.internal.reflect.DirectMethodHandleAccessor.invoke(DirectMethodHandleAccessor.java:103)
	at java.base/java.lang.reflect.Method.invoke(Method.java:580)
	at org.springframework.aop.support.AopUtils.invokeJoinpointUsingReflection(AopUtils.java:359)
	at org.springframework.aop.framework.ReflectiveMethodInvocation.invokeJoinpoint(ReflectiveMethodInvocation.java:196)
	at org.springframework.aop.framework.ReflectiveMethodInvocation.proceed(ReflectiveMethodInvocation.java:163)
	at org.springframework.aop.support.DelegatingIntroductionInterceptor.doProceed(DelegatingIntroductionInterceptor.java:137)
	at org.springframework.aop.support.DelegatingIntroductionInterceptor.invoke(DelegatingIntroductionInterceptor.java:124)
	at org.springframework.aop.framework.ReflectiveMethodInvocation.proceed(ReflectiveMethodInvocation.java:184)
	at org.springframework.aop.framework.CglibAopProxy$DynamicAdvisedInterceptor.intercept(CglibAopProxy.java:727)
	at org.springframework.cloud.netflix.eureka.serviceregistry.EurekaRegistration$$SpringCGLIB$$0.getEurekaClient(<generated>)
	at org.springframework.cloud.netflix.eureka.serviceregistry.EurekaServiceRegistry.maybeInitializeClient(EurekaServiceRegistry.java:83)
	at org.springframework.cloud.netflix.eureka.serviceregistry.EurekaServiceRegistry.register(EurekaServiceRegistry.java:66)
	at org.springframework.cloud.netflix.eureka.serviceregistry.EurekaAutoServiceRegistration.start(EurekaAutoServiceRegistration.java:89)
	at org.springframework.context.support.DefaultLifecycleProcessor.doStart(DefaultLifecycleProcessor.java:323)
	at org.springframework.context.support.DefaultLifecycleProcessor$LifecycleGroup.start(DefaultLifecycleProcessor.java:510)
	at java.base/java.lang.Iterable.forEach(Iterable.java:75)
	at org.springframework.context.support.DefaultLifecycleProcessor.startBeans(DefaultLifecycleProcessor.java:295)
	at org.springframework.context.support.DefaultLifecycleProcessor.onRefresh(DefaultLifecycleProcessor.java:240)
	at org.springframework.context.support.AbstractApplicationContext.finishRefresh(AbstractApplicationContext.java:1006)
	at org.springframework.context.support.AbstractApplicationContext.refresh(AbstractApplicationContext.java:630)
	at org.springframework.boot.web.reactive.context.ReactiveWebServerApplicationContext.refresh(ReactiveWebServerApplicationContext.java:66)
	at org.springframework.boot.SpringApplication.refresh(SpringApplication.java:752)
	at org.springframework.boot.SpringApplication.refreshContext(SpringApplication.java:439)
	at org.springframework.boot.SpringApplication.run(SpringApplication.java:318)
	at org.springframework.boot.SpringApplication.run(SpringApplication.java:1361)
	at org.springframework.boot.SpringApplication.run(SpringApplication.java:1350)
	at com.fund.transfer.bank.service.FundTransferBankServiceApplication.main(FundTransferBankServiceApplication.java:14)
Caused by: org.apache.hc.client5.http.HttpHostConnectException: Connect to http://localhost:8761 [localhost/127.0.0.1, localhost/0:0:0:0:0:0:0:1] failed: Connection refused: getsockopt
	at java.base/sun.nio.ch.Net.pollConnect(Native Method)
	at java.base/sun.nio.ch.Net.pollConnectNow(Net.java:682)
	at java.base/sun.nio.ch.NioSocketImpl.timedFinishConnect(NioSocketImpl.java:542)
	at java.base/sun.nio.ch.NioSocketImpl.connect(NioSocketImpl.java:592)
	at java.base/java.net.SocksSocketImpl.connect(SocksSocketImpl.java:327)
	at java.base/java.net.Socket.connect(Socket.java:751)
	at org.apache.hc.client5.http.impl.io.DefaultHttpClientConnectionOperator.connect(DefaultHttpClientConnectionOperator.java:216)
	at org.apache.hc.client5.http.impl.io.PoolingHttpClientConnectionManager.connect(PoolingHttpClientConnectionManager.java:490)
	at org.apache.hc.client5.http.impl.classic.InternalExecRuntime.connectEndpoint(InternalExecRuntime.java:164)
	at org.apache.hc.client5.http.impl.classic.InternalExecRuntime.connectEndpoint(InternalExecRuntime.java:174)
	at org.apache.hc.client5.http.impl.classic.ConnectExec.execute(ConnectExec.java:144)
	at org.apache.hc.client5.http.impl.classic.ExecChainElement.execute(ExecChainElement.java:51)
	at org.apache.hc.client5.http.impl.classic.ProtocolExec.execute(ProtocolExec.java:192)
	at org.apache.hc.client5.http.impl.classic.ExecChainElement.execute(ExecChainElement.java:51)
	at org.apache.hc.client5.http.impl.classic.ContentCompressionExec.execute(ContentCompressionExec.java:150)
	at org.apache.hc.client5.http.impl.classic.ExecChainElement.execute(ExecChainElement.java:51)
	at org.apache.hc.client5.http.impl.classic.HttpRequestRetryExec.execute(HttpRequestRetryExec.java:113)
	at org.apache.hc.client5.http.impl.classic.ExecChainElement.execute(ExecChainElement.java:51)
	at org.apache.hc.client5.http.impl.classic.RedirectExec.execute(RedirectExec.java:110)
	at org.apache.hc.client5.http.impl.classic.ExecChainElement.execute(ExecChainElement.java:51)
	at org.apache.hc.client5.http.impl.classic.InternalHttpClient.doExecute(InternalHttpClient.java:174)
	at org.apache.hc.client5.http.impl.classic.CloseableHttpClient.execute(CloseableHttpClient.java:87)
	at org.apache.hc.client5.http.impl.classic.CloseableHttpClient.execute(CloseableHttpClient.java:55)
	at org.apache.hc.client5.http.classic.HttpClient.executeOpen(HttpClient.java:183)
	at org.springframework.http.client.HttpComponentsClientHttpRequest.executeInternal(HttpComponentsClientHttpRequest.java:99)
	at org.springframework.http.client.AbstractStreamingClientHttpRequest.executeInternal(AbstractStreamingClientHttpRequest.java:71)
	at org.springframework.http.client.AbstractClientHttpRequest.execute(AbstractClientHttpRequest.java:81)
	at org.springframework.http.client.InterceptingClientHttpRequest$InterceptingRequestExecution.execute(InterceptingClientHttpRequest.java:117)
	at org.springframework.cloud.netflix.eureka.http.RestTemplateTransportClientFactory.lambda$restTemplate$3(RestTemplateTransportClientFactory.java:141)
	at org.springframework.http.client.InterceptingClientHttpRequest$InterceptingRequestExecution.execute(InterceptingClientHttpRequest.java:88)
	at org.springframework.http.client.InterceptingClientHttpRequest.executeInternal(InterceptingClientHttpRequest.java:72)
	at org.springframework.http.client.AbstractBufferingClientHttpRequest.executeInternal(AbstractBufferingClientHttpRequest.java:48)
	at org.springframework.http.client.AbstractClientHttpRequest.execute(AbstractClientHttpRequest.java:81)
	at org.springframework.web.client.RestTemplate.doExecute(RestTemplate.java:900)
	... 67 more

2026-03-15 10:08:03.182 WARN  [main] c.n.d.s.t.d.RetryableEurekaHttpClient : Request execution failed with message: I/O error on GET request for "http://localhost:8761/eureka/apps/": Connect to http://localhost:8761 [localhost/127.0.0.1, localhost/0:0:0:0:0:0:0:1] failed: Connection refused: getsockopt
2026-03-15 10:08:03.183 INFO  [main] c.netflix.discovery.DiscoveryClient : DiscoveryClient_BANK-SERVICE/bank-service:9091 - was unable to refresh its cache! This periodic background refresh will be retried in 30 seconds. status = Cannot execute request on any known server stacktrace = com.netflix.discovery.shared.transport.TransportException: Cannot execute request on any known server
	at com.netflix.discovery.shared.transport.decorator.RetryableEurekaHttpClient.execute(RetryableEurekaHttpClient.java:112)
	at com.netflix.discovery.shared.transport.decorator.EurekaHttpClientDecorator.getApplications(EurekaHttpClientDecorator.java:134)
	at com.netflix.discovery.shared.transport.decorator.EurekaHttpClientDecorator$6.execute(EurekaHttpClientDecorator.java:137)
	at com.netflix.discovery.shared.transport.decorator.SessionedEurekaHttpClient.execute(SessionedEurekaHttpClient.java:76)
	at com.netflix.discovery.shared.transport.decorator.EurekaHttpClientDecorator.getApplications(EurekaHttpClientDecorator.java:134)
	at com.netflix.discovery.DiscoveryClient.getAndStoreFullRegistry(DiscoveryClient.java:1046)
	at com.netflix.discovery.DiscoveryClient.fetchRegistry(DiscoveryClient.java:961)
	at com.netflix.discovery.DiscoveryClient.<init>(DiscoveryClient.java:410)
	at com.netflix.discovery.DiscoveryClient.<init>(DiscoveryClient.java:245)
	at com.netflix.discovery.DiscoveryClient.<init>(DiscoveryClient.java:240)
	at org.springframework.cloud.netflix.eureka.CloudEurekaClient.<init>(CloudEurekaClient.java:68)
	at org.springframework.cloud.netflix.eureka.EurekaClientAutoConfiguration$RefreshableEurekaClientConfiguration.eurekaClient(EurekaClientAutoConfiguration.java:324)
	at java.base/jdk.internal.reflect.DirectMethodHandleAccessor.invoke(DirectMethodHandleAccessor.java:103)
	at java.base/java.lang.reflect.Method.invoke(Method.java:580)
	at org.springframework.beans.factory.support.SimpleInstantiationStrategy.lambda$instantiate$0(SimpleInstantiationStrategy.java:171)
	at org.springframework.beans.factory.support.SimpleInstantiationStrategy.instantiateWithFactoryMethod(SimpleInstantiationStrategy.java:88)
	at org.springframework.beans.factory.support.SimpleInstantiationStrategy.instantiate(SimpleInstantiationStrategy.java:168)
	at org.springframework.beans.factory.support.ConstructorResolver.instantiate(ConstructorResolver.java:653)
	at org.springframework.beans.factory.support.ConstructorResolver.instantiateUsingFactoryMethod(ConstructorResolver.java:645)
	at org.springframework.beans.factory.support.AbstractAutowireCapableBeanFactory.instantiateUsingFactoryMethod(AbstractAutowireCapableBeanFactory.java:1357)
	at org.springframework.beans.factory.support.AbstractAutowireCapableBeanFactory.createBeanInstance(AbstractAutowireCapableBeanFactory.java:1187)
	at org.springframework.beans.factory.support.AbstractAutowireCapableBeanFactory.doCreateBean(AbstractAutowireCapableBeanFactory.java:563)
	at org.springframework.beans.factory.support.AbstractAutowireCapableBeanFactory.createBean(AbstractAutowireCapableBeanFactory.java:523)
	at org.springframework.beans.factory.support.AbstractBeanFactory.lambda$doGetBean$1(AbstractBeanFactory.java:375)
	at org.springframework.cloud.context.scope.GenericScope$BeanLifecycleWrapper.getBean(GenericScope.java:375)
	at org.springframework.cloud.context.scope.GenericScope.get(GenericScope.java:179)
	at org.springframework.beans.factory.support.AbstractBeanFactory.doGetBean(AbstractBeanFactory.java:372)
	at org.springframework.beans.factory.support.AbstractBeanFactory.getBean(AbstractBeanFactory.java:199)
	at org.springframework.aop.target.SimpleBeanTargetSource.getTarget(SimpleBeanTargetSource.java:35)
	at org.springframework.cloud.netflix.eureka.serviceregistry.EurekaRegistration.getTargetObject(EurekaRegistration.java:128)
	at org.springframework.cloud.netflix.eureka.serviceregistry.EurekaRegistration.getEurekaClient(EurekaRegistration.java:116)
	at java.base/jdk.internal.reflect.DirectMethodHandleAccessor.invoke(DirectMethodHandleAccessor.java:103)
	at java.base/java.lang.reflect.Method.invoke(Method.java:580)
	at org.springframework.aop.support.AopUtils.invokeJoinpointUsingReflection(AopUtils.java:359)
	at org.springframework.aop.framework.ReflectiveMethodInvocation.invokeJoinpoint(ReflectiveMethodInvocation.java:196)
	at org.springframework.aop.framework.ReflectiveMethodInvocation.proceed(ReflectiveMethodInvocation.java:163)
	at org.springframework.aop.support.DelegatingIntroductionInterceptor.doProceed(DelegatingIntroductionInterceptor.java:137)
	at org.springframework.aop.support.DelegatingIntroductionInterceptor.invoke(DelegatingIntroductionInterceptor.java:124)
	at org.springframework.aop.framework.ReflectiveMethodInvocation.proceed(ReflectiveMethodInvocation.java:184)
	at org.springframework.aop.framework.CglibAopProxy$DynamicAdvisedInterceptor.intercept(CglibAopProxy.java:727)
	at org.springframework.cloud.netflix.eureka.serviceregistry.EurekaRegistration$$SpringCGLIB$$0.getEurekaClient(<generated>)
	at org.springframework.cloud.netflix.eureka.serviceregistry.EurekaServiceRegistry.maybeInitializeClient(EurekaServiceRegistry.java:83)
	at org.springframework.cloud.netflix.eureka.serviceregistry.EurekaServiceRegistry.register(EurekaServiceRegistry.java:66)
	at org.springframework.cloud.netflix.eureka.serviceregistry.EurekaAutoServiceRegistration.start(EurekaAutoServiceRegistration.java:89)
	at org.springframework.context.support.DefaultLifecycleProcessor.doStart(DefaultLifecycleProcessor.java:323)
	at org.springframework.context.support.DefaultLifecycleProcessor$LifecycleGroup.start(DefaultLifecycleProcessor.java:510)
	at java.base/java.lang.Iterable.forEach(Iterable.java:75)
	at org.springframework.context.support.DefaultLifecycleProcessor.startBeans(DefaultLifecycleProcessor.java:295)
	at org.springframework.context.support.DefaultLifecycleProcessor.onRefresh(DefaultLifecycleProcessor.java:240)
	at org.springframework.context.support.AbstractApplicationContext.finishRefresh(AbstractApplicationContext.java:1006)
	at org.springframework.context.support.AbstractApplicationContext.refresh(AbstractApplicationContext.java:630)
	at org.springframework.boot.web.reactive.context.ReactiveWebServerApplicationContext.refresh(ReactiveWebServerApplicationContext.java:66)
	at org.springframework.boot.SpringApplication.refresh(SpringApplication.java:752)
	at org.springframework.boot.SpringApplication.refreshContext(SpringApplication.java:439)
	at org.springframework.boot.SpringApplication.run(SpringApplication.java:318)
	at org.springframework.boot.SpringApplication.run(SpringApplication.java:1361)
	at org.springframework.boot.SpringApplication.run(SpringApplication.java:1350)
	at com.fund.transfer.bank.service.FundTransferBankServiceApplication.main(FundTransferBankServiceApplication.java:14)

2026-03-15 10:08:03.183 INFO  [main] c.netflix.discovery.DiscoveryClient : Initial registry fetch from primary servers failed
2026-03-15 10:08:03.183 WARN  [main] c.netflix.discovery.DiscoveryClient : Using default backup registry implementation which does not do anything.
2026-03-15 10:08:03.184 INFO  [main] c.netflix.discovery.DiscoveryClient : Initial registry fetch from backup servers failed
2026-03-15 10:08:03.184 INFO  [main] c.netflix.discovery.DiscoveryClient : Starting heartbeat executor: renew interval is: 15
2026-03-15 10:08:03.186 INFO  [main] c.n.discovery.InstanceInfoReplicator : InstanceInfoReplicator onDemand update allowed rate per min is 4
2026-03-15 10:08:03.189 INFO  [main] c.netflix.discovery.DiscoveryClient : Discovery Client initialized at timestamp 1773547683187 with initial instances count: 0
2026-03-15 10:08:03.197 INFO  [main] o.s.c.n.e.s.EurekaServiceRegistry : Registering application BANK-SERVICE with eureka with status UP
2026-03-15 10:08:03.198 INFO  [main] c.netflix.discovery.DiscoveryClient : Saw local status change event StatusChangeEvent [timestamp=1773547683198, current=UP, previous=STARTING]
2026-03-15 10:08:03.200 INFO  [DiscoveryClient-InstanceInfoReplicator-%d] c.netflix.discovery.DiscoveryClient : DiscoveryClient_BANK-SERVICE/bank-service:9091: registering service...
2026-03-15 10:08:03.207 DEBUG [DiscoveryClient-InstanceInfoReplicator-%d] o.s.web.client.RestTemplate : HTTP POST http://localhost:8761/eureka/apps/BANK-SERVICE
2026-03-15 10:08:03.210 DEBUG [DiscoveryClient-InstanceInfoReplicator-%d] o.s.web.client.RestTemplate : Accept=[application/json, application/*+json]
2026-03-15 10:08:03.234 DEBUG [DiscoveryClient-InstanceInfoReplicator-%d] o.s.web.client.RestTemplate : Writing [InstanceInfo [instanceId = bank-service:9091, appName = BANK-SERVICE, hostName = 192.168.1.136, status = UP, ipAddr = 192.168.1.136, port = 9091, securePort = 443, dataCenterInfo = com.netflix.appinfo.MyDataCenterInfo@5de13c89] as "application/json"
2026-03-15 10:08:03.263 INFO  [DiscoveryClient-InstanceInfoReplicator-%d] c.n.d.s.t.d.RedirectingEurekaHttpClient : Request execution error. endpoint=DefaultEndpoint{ serviceUrl='http://localhost:8761/eureka/}, exception=I/O error on POST request for "http://localhost:8761/eureka/apps/BANK-SERVICE": Connect to http://localhost:8761 [localhost/127.0.0.1, localhost/0:0:0:0:0:0:0:1] failed: Connection refused: getsockopt stacktrace=org.springframework.web.client.ResourceAccessException: I/O error on POST request for "http://localhost:8761/eureka/apps/BANK-SERVICE": Connect to http://localhost:8761 [localhost/127.0.0.1, localhost/0:0:0:0:0:0:0:1] failed: Connection refused: getsockopt
	at org.springframework.web.client.RestTemplate.createResourceAccessException(RestTemplate.java:926)
	at org.springframework.web.client.RestTemplate.doExecute(RestTemplate.java:906)
	at org.springframework.web.client.RestTemplate.execute(RestTemplate.java:841)
	at org.springframework.web.client.RestTemplate.exchange(RestTemplate.java:702)
	at org.springframework.cloud.netflix.eureka.http.RestTemplateEurekaHttpClient.register(RestTemplateEurekaHttpClient.java:87)
	at com.netflix.discovery.shared.transport.decorator.EurekaHttpClientDecorator$1.execute(EurekaHttpClientDecorator.java:59)
	at com.netflix.discovery.shared.transport.decorator.RedirectingEurekaHttpClient.executeOnNewServer(RedirectingEurekaHttpClient.java:121)
	at com.netflix.discovery.shared.transport.decorator.RedirectingEurekaHttpClient.execute(RedirectingEurekaHttpClient.java:80)
	at com.netflix.discovery.shared.transport.decorator.EurekaHttpClientDecorator.register(EurekaHttpClientDecorator.java:56)
	at com.netflix.discovery.shared.transport.decorator.EurekaHttpClientDecorator$1.execute(EurekaHttpClientDecorator.java:59)
	at com.netflix.discovery.shared.transport.decorator.RetryableEurekaHttpClient.execute(RetryableEurekaHttpClient.java:120)
	at com.netflix.discovery.shared.transport.decorator.EurekaHttpClientDecorator.register(EurekaHttpClientDecorator.java:56)
	at com.netflix.discovery.shared.transport.decorator.EurekaHttpClientDecorator$1.execute(EurekaHttpClientDecorator.java:59)
	at com.netflix.discovery.shared.transport.decorator.SessionedEurekaHttpClient.execute(SessionedEurekaHttpClient.java:76)
	at com.netflix.discovery.shared.transport.decorator.EurekaHttpClientDecorator.register(EurekaHttpClientDecorator.java:56)
	at com.netflix.discovery.DiscoveryClient.register(DiscoveryClient.java:828)
	at com.netflix.discovery.InstanceInfoReplicator.run(InstanceInfoReplicator.java:125)
	at com.netflix.discovery.InstanceInfoReplicator$2.run(InstanceInfoReplicator.java:105)
	at java.base/java.util.concurrent.Executors$RunnableAdapter.call(Executors.java:572)
	at java.base/java.util.concurrent.FutureTask.run(FutureTask.java:317)
	at java.base/java.util.concurrent.ScheduledThreadPoolExecutor$ScheduledFutureTask.run(ScheduledThreadPoolExecutor.java:304)
	at java.base/java.util.concurrent.ThreadPoolExecutor.runWorker(ThreadPoolExecutor.java:1144)
	at java.base/java.util.concurrent.ThreadPoolExecutor$Worker.run(ThreadPoolExecutor.java:642)
	at java.base/java.lang.Thread.run(Thread.java:1583)
Caused by: org.apache.hc.client5.http.HttpHostConnectException: Connect to http://localhost:8761 [localhost/127.0.0.1, localhost/0:0:0:0:0:0:0:1] failed: Connection refused: getsockopt
	at java.base/sun.nio.ch.Net.pollConnect(Native Method)
	at java.base/sun.nio.ch.Net.pollConnectNow(Net.java:682)
	at java.base/sun.nio.ch.NioSocketImpl.timedFinishConnect(NioSocketImpl.java:542)
	at java.base/sun.nio.ch.NioSocketImpl.connect(NioSocketImpl.java:592)
	at java.base/java.net.SocksSocketImpl.connect(SocksSocketImpl.java:327)
	at java.base/java.net.Socket.connect(Socket.java:751)
	at org.apache.hc.client5.http.impl.io.DefaultHttpClientConnectionOperator.connect(DefaultHttpClientConnectionOperator.java:216)
	at org.apache.hc.client5.http.impl.io.PoolingHttpClientConnectionManager.connect(PoolingHttpClientConnectionManager.java:490)
	at org.apache.hc.client5.http.impl.classic.InternalExecRuntime.connectEndpoint(InternalExecRuntime.java:164)
	at org.apache.hc.client5.http.impl.classic.InternalExecRuntime.connectEndpoint(InternalExecRuntime.java:174)
	at org.apache.hc.client5.http.impl.classic.ConnectExec.execute(ConnectExec.java:144)
	at org.apache.hc.client5.http.impl.classic.ExecChainElement.execute(ExecChainElement.java:51)
	at org.apache.hc.client5.http.impl.classic.ProtocolExec.execute(ProtocolExec.java:192)
	at org.apache.hc.client5.http.impl.classic.ExecChainElement.execute(ExecChainElement.java:51)
	at org.apache.hc.client5.http.impl.classic.ContentCompressionExec.execute(ContentCompressionExec.java:150)
	at org.apache.hc.client5.http.impl.classic.ExecChainElement.execute(ExecChainElement.java:51)
	at org.apache.hc.client5.http.impl.classic.HttpRequestRetryExec.execute(HttpRequestRetryExec.java:113)
	at org.apache.hc.client5.http.impl.classic.ExecChainElement.execute(ExecChainElement.java:51)
	at org.apache.hc.client5.http.impl.classic.RedirectExec.execute(RedirectExec.java:110)
	at org.apache.hc.client5.http.impl.classic.ExecChainElement.execute(ExecChainElement.java:51)
	at org.apache.hc.client5.http.impl.classic.InternalHttpClient.doExecute(InternalHttpClient.java:174)
	at org.apache.hc.client5.http.impl.classic.CloseableHttpClient.execute(CloseableHttpClient.java:87)
	at org.apache.hc.client5.http.impl.classic.CloseableHttpClient.execute(CloseableHttpClient.java:55)
	at org.apache.hc.client5.http.classic.HttpClient.executeOpen(HttpClient.java:183)
	at org.springframework.http.client.HttpComponentsClientHttpRequest.executeInternal(HttpComponentsClientHttpRequest.java:99)
	at org.springframework.http.client.AbstractStreamingClientHttpRequest.executeInternal(AbstractStreamingClientHttpRequest.java:71)
	at org.springframework.http.client.AbstractClientHttpRequest.execute(AbstractClientHttpRequest.java:81)
	at org.springframework.http.client.InterceptingClientHttpRequest$InterceptingRequestExecution.execute(InterceptingClientHttpRequest.java:117)
	at org.springframework.cloud.netflix.eureka.http.RestTemplateTransportClientFactory.lambda$restTemplate$3(RestTemplateTransportClientFactory.java:141)
	at org.springframework.http.client.InterceptingClientHttpRequest$InterceptingRequestExecution.execute(InterceptingClientHttpRequest.java:88)
	at org.springframework.http.client.InterceptingClientHttpRequest.executeInternal(InterceptingClientHttpRequest.java:72)
	at org.springframework.http.client.AbstractBufferingClientHttpRequest.executeInternal(AbstractBufferingClientHttpRequest.java:48)
	at org.springframework.http.client.AbstractClientHttpRequest.execute(AbstractClientHttpRequest.java:81)
	at org.springframework.web.client.RestTemplate.doExecute(RestTemplate.java:900)
	... 22 more

2026-03-15 10:08:03.263 WARN  [DiscoveryClient-InstanceInfoReplicator-%d] c.n.d.s.t.d.RetryableEurekaHttpClient : Request execution failed with message: I/O error on POST request for "http://localhost:8761/eureka/apps/BANK-SERVICE": Connect to http://localhost:8761 [localhost/127.0.0.1, localhost/0:0:0:0:0:0:0:1] failed: Connection refused: getsockopt
2026-03-15 10:08:03.264 WARN  [DiscoveryClient-InstanceInfoReplicator-%d] c.netflix.discovery.DiscoveryClient : DiscoveryClient_BANK-SERVICE/bank-service:9091 - registration failed Cannot execute request on any known server
com.netflix.discovery.shared.transport.TransportException: Cannot execute request on any known server
	at com.netflix.discovery.shared.transport.decorator.RetryableEurekaHttpClient.execute(RetryableEurekaHttpClient.java:112)
	at com.netflix.discovery.shared.transport.decorator.EurekaHttpClientDecorator.register(EurekaHttpClientDecorator.java:56)
	at com.netflix.discovery.shared.transport.decorator.EurekaHttpClientDecorator$1.execute(EurekaHttpClientDecorator.java:59)
	at com.netflix.discovery.shared.transport.decorator.SessionedEurekaHttpClient.execute(SessionedEurekaHttpClient.java:76)
	at com.netflix.discovery.shared.transport.decorator.EurekaHttpClientDecorator.register(EurekaHttpClientDecorator.java:56)
	at com.netflix.discovery.DiscoveryClient.register(DiscoveryClient.java:828)
	at com.netflix.discovery.InstanceInfoReplicator.run(InstanceInfoReplicator.java:125)
	at com.netflix.discovery.InstanceInfoReplicator$2.run(InstanceInfoReplicator.java:105)
	at java.base/java.util.concurrent.Executors$RunnableAdapter.call(Executors.java:572)
	at java.base/java.util.concurrent.FutureTask.run(FutureTask.java:317)
	at java.base/java.util.concurrent.ScheduledThreadPoolExecutor$ScheduledFutureTask.run(ScheduledThreadPoolExecutor.java:304)
	at java.base/java.util.concurrent.ThreadPoolExecutor.runWorker(ThreadPoolExecutor.java:1144)
	at java.base/java.util.concurrent.ThreadPoolExecutor$Worker.run(ThreadPoolExecutor.java:642)
	at java.base/java.lang.Thread.run(Thread.java:1583)
2026-03-15 10:08:03.264 WARN  [DiscoveryClient-InstanceInfoReplicator-%d] c.n.discovery.InstanceInfoReplicator : There was a problem with the instance info replicator
com.netflix.discovery.shared.transport.TransportException: Cannot execute request on any known server
	at com.netflix.discovery.shared.transport.decorator.RetryableEurekaHttpClient.execute(RetryableEurekaHttpClient.java:112)
	at com.netflix.discovery.shared.transport.decorator.EurekaHttpClientDecorator.register(EurekaHttpClientDecorator.java:56)
	at com.netflix.discovery.shared.transport.decorator.EurekaHttpClientDecorator$1.execute(EurekaHttpClientDecorator.java:59)
	at com.netflix.discovery.shared.transport.decorator.SessionedEurekaHttpClient.execute(SessionedEurekaHttpClient.java:76)
	at com.netflix.discovery.shared.transport.decorator.EurekaHttpClientDecorator.register(EurekaHttpClientDecorator.java:56)
	at com.netflix.discovery.DiscoveryClient.register(DiscoveryClient.java:828)
	at com.netflix.discovery.InstanceInfoReplicator.run(InstanceInfoReplicator.java:125)
	at com.netflix.discovery.InstanceInfoReplicator$2.run(InstanceInfoReplicator.java:105)
	at java.base/java.util.concurrent.Executors$RunnableAdapter.call(Executors.java:572)
	at java.base/java.util.concurrent.FutureTask.run(FutureTask.java:317)
	at java.base/java.util.concurrent.ScheduledThreadPoolExecutor$ScheduledFutureTask.run(ScheduledThreadPoolExecutor.java:304)
	at java.base/java.util.concurrent.ThreadPoolExecutor.runWorker(ThreadPoolExecutor.java:1144)
	at java.base/java.util.concurrent.ThreadPoolExecutor$Worker.run(ThreadPoolExecutor.java:642)
	at java.base/java.lang.Thread.run(Thread.java:1583)
2026-03-15 10:08:03.316 INFO  [main] o.s.b.w.e.netty.NettyWebServer : Netty started on port 9091 (http)
2026-03-15 10:08:03.317 INFO  [main] o.s.c.n.e.s.EurekaAutoServiceRegistration : Updating port to 9091
2026-03-15 10:08:03.435 INFO  [main] n.d.b.g.s.s.AbstractGrpcServerFactory : Registered gRPC service: bank.account.BankAccountService, bean: bankAccountGrpcServer, class: com.fund.transfer.bank.service.global.grpc.service.BankAccountGrpcServer
2026-03-15 10:08:03.436 INFO  [main] n.d.b.g.s.s.AbstractGrpcServerFactory : Registered gRPC service: grpc.health.v1.Health, bean: grpcHealthService, class: io.grpc.protobuf.services.HealthServiceImpl
2026-03-15 10:08:03.436 INFO  [main] n.d.b.g.s.s.AbstractGrpcServerFactory : Registered gRPC service: grpc.reflection.v1alpha.ServerReflection, bean: protoReflectionService, class: io.grpc.protobuf.services.ProtoReflectionService
2026-03-15 10:08:03.704 INFO  [main] n.d.b.g.s.s.GrpcServerLifecycle : gRPC Server started, listening on address: *, port: 9191
2026-03-15 10:08:03.705 DEBUG [main] o.s.a.r.l.SimpleMessageListenerContainer : Starting Rabbit listener container.
2026-03-15 10:08:03.708 INFO  [main] o.s.a.r.c.CachingConnectionFactory : Attempting to connect to: [localhost:5672]
2026-03-15 10:08:03.813 INFO  [main] o.s.a.r.c.CachingConnectionFactory : Created new connection: rabbitConnectionFactory#3c87e851:0/SimpleConnection@196f9b75 [delegate=amqp://fundtransfer@127.0.0.1:5672/fundtransfer, localPort=62680]
2026-03-15 10:08:03.818 DEBUG [main] o.s.amqp.rabbit.core.RabbitAdmin : Initializing declarations
2026-03-15 10:08:03.833 DEBUG [main] o.s.a.r.c.CachingConnectionFactory : Creating cached Rabbit Channel from PublisherCallbackChannelImpl: AMQChannel(amqp://fundtransfer@127.0.0.1:5672/fundtransfer,1)
2026-03-15 10:08:03.843 DEBUG [main] o.s.a.r.c.PublisherCallbackChannelImpl : Added listener org.springframework.amqp.rabbit.core.RabbitTemplate@492d0748
2026-03-15 10:08:03.844 DEBUG [main] o.s.amqp.rabbit.core.RabbitTemplate : Added publisher confirm channel: Cached Rabbit Channel: PublisherCallbackChannelImpl: AMQChannel(amqp://fundtransfer@127.0.0.1:5672/fundtransfer,1), conn: Proxy@7abc838a Shared Rabbit Connection: SimpleConnection@196f9b75 [delegate=amqp://fundtransfer@127.0.0.1:5672/fundtransfer, localPort=62680] to map, size now 1
2026-03-15 10:08:03.844 DEBUG [main] o.s.amqp.rabbit.core.RabbitTemplate : Executing callback RabbitAdmin$$Lambda/0x000001a82eafb160 on RabbitMQ Channel: Cached Rabbit Channel: PublisherCallbackChannelImpl: AMQChannel(amqp://fundtransfer@127.0.0.1:5672/fundtransfer,1), conn: Proxy@7abc838a Shared Rabbit Connection: SimpleConnection@196f9b75 [delegate=amqp://fundtransfer@127.0.0.1:5672/fundtransfer, localPort=62680]
2026-03-15 10:08:03.844 DEBUG [main] o.s.amqp.rabbit.core.RabbitAdmin : declaring Exchange 'bank.account.exchange'
2026-03-15 10:08:03.847 DEBUG [main] o.s.amqp.rabbit.core.RabbitAdmin : declaring Queue 'bank.account.create.queue'
2026-03-15 10:08:03.851 DEBUG [main] o.s.amqp.rabbit.core.RabbitAdmin : declaring Queue 'bank.account.create.dlq'
2026-03-15 10:08:03.853 DEBUG [main] o.s.amqp.rabbit.core.RabbitAdmin : declaring Queue 'bank.account.update.queue'
2026-03-15 10:08:03.854 DEBUG [main] o.s.amqp.rabbit.core.RabbitAdmin : declaring Queue 'bank.account.update.dlq'
2026-03-15 10:08:03.857 DEBUG [main] o.s.amqp.rabbit.core.RabbitAdmin : Binding destination [bank.account.create.queue (QUEUE)] to exchange [bank.account.exchange] with routing key [bank.account.create]
2026-03-15 10:08:03.861 DEBUG [main] o.s.amqp.rabbit.core.RabbitAdmin : Binding destination [bank.account.create.dlq (QUEUE)] to exchange [bank.account.exchange] with routing key [bank.account.create.dead]
2026-03-15 10:08:03.863 DEBUG [main] o.s.amqp.rabbit.core.RabbitAdmin : Binding destination [bank.account.update.queue (QUEUE)] to exchange [bank.account.exchange] with routing key [bank.account.update]
2026-03-15 10:08:03.864 DEBUG [main] o.s.amqp.rabbit.core.RabbitAdmin : Binding destination [bank.account.update.dlq (QUEUE)] to exchange [bank.account.exchange] with routing key [bank.account.update.dead]
2026-03-15 10:08:03.867 DEBUG [main] o.s.amqp.rabbit.core.RabbitAdmin : Declarations finished
2026-03-15 10:08:03.875 DEBUG [org.springframework.amqp.rabbit.RabbitListenerEndpointContainer#0-1] o.s.amqp.rabbit.core.RabbitTemplate : Executing callback RabbitAdmin$$Lambda/0x000001a82eb08f90 on RabbitMQ Channel: Cached Rabbit Channel: PublisherCallbackChannelImpl: AMQChannel(amqp://fundtransfer@127.0.0.1:5672/fundtransfer,1), conn: Proxy@7abc838a Shared Rabbit Connection: SimpleConnection@196f9b75 [delegate=amqp://fundtransfer@127.0.0.1:5672/fundtransfer, localPort=62680]
2026-03-15 10:08:03.879 DEBUG [org.springframework.amqp.rabbit.RabbitListenerEndpointContainer#0-1] o.s.a.r.l.BlockingQueueConsumer : Starting consumer Consumer@720b52a7: tags=[[]], channel=null, acknowledgeMode=MANUAL local queue size=0
2026-03-15 10:08:03.893 DEBUG [org.springframework.amqp.rabbit.RabbitListenerEndpointContainer#0-1] o.s.a.r.l.BlockingQueueConsumer : Started on queue 'bank.account.create.queue' with tag amq.ctag-6RndWP2WOUozPvPDtl_gkA: Consumer@720b52a7: tags=[[]], channel=Cached Rabbit Channel: PublisherCallbackChannelImpl: AMQChannel(amqp://fundtransfer@127.0.0.1:5672/fundtransfer,1), conn: Proxy@7abc838a Shared Rabbit Connection: SimpleConnection@196f9b75 [delegate=amqp://fundtransfer@127.0.0.1:5672/fundtransfer, localPort=62680], acknowledgeMode=MANUAL local queue size=0
2026-03-15 10:08:03.893 DEBUG [pool-5-thread-3] o.s.a.r.l.BlockingQueueConsumer : ConsumeOK: Consumer@720b52a7: tags=[[amq.ctag-6RndWP2WOUozPvPDtl_gkA]], channel=Cached Rabbit Channel: PublisherCallbackChannelImpl: AMQChannel(amqp://fundtransfer@127.0.0.1:5672/fundtransfer,1), conn: Proxy@7abc838a Shared Rabbit Connection: SimpleConnection@196f9b75 [delegate=amqp://fundtransfer@127.0.0.1:5672/fundtransfer, localPort=62680], acknowledgeMode=MANUAL local queue size=0
2026-03-15 10:08:03.894 DEBUG [main] o.s.a.r.l.SimpleMessageListenerContainer : Starting Rabbit listener container.
2026-03-15 10:08:03.898 DEBUG [org.springframework.amqp.rabbit.RabbitListenerEndpointContainer#1-1] o.s.a.r.c.CachingConnectionFactory : Creating cached Rabbit Channel from PublisherCallbackChannelImpl: AMQChannel(amqp://fundtransfer@127.0.0.1:5672/fundtransfer,2)
2026-03-15 10:08:03.898 DEBUG [org.springframework.amqp.rabbit.RabbitListenerEndpointContainer#1-1] o.s.a.r.c.PublisherCallbackChannelImpl : Added listener org.springframework.amqp.rabbit.core.RabbitTemplate@492d0748
2026-03-15 10:08:03.898 DEBUG [org.springframework.amqp.rabbit.RabbitListenerEndpointContainer#1-1] o.s.amqp.rabbit.core.RabbitTemplate : Added publisher confirm channel: Cached Rabbit Channel: PublisherCallbackChannelImpl: AMQChannel(amqp://fundtransfer@127.0.0.1:5672/fundtransfer,2), conn: Proxy@7abc838a Shared Rabbit Connection: SimpleConnection@196f9b75 [delegate=amqp://fundtransfer@127.0.0.1:5672/fundtransfer, localPort=62680] to map, size now 2
2026-03-15 10:08:03.899 DEBUG [org.springframework.amqp.rabbit.RabbitListenerEndpointContainer#1-1] o.s.amqp.rabbit.core.RabbitTemplate : Executing callback RabbitAdmin$$Lambda/0x000001a82eb08f90 on RabbitMQ Channel: Cached Rabbit Channel: PublisherCallbackChannelImpl: AMQChannel(amqp://fundtransfer@127.0.0.1:5672/fundtransfer,2), conn: Proxy@7abc838a Shared Rabbit Connection: SimpleConnection@196f9b75 [delegate=amqp://fundtransfer@127.0.0.1:5672/fundtransfer, localPort=62680]
2026-03-15 10:08:03.900 DEBUG [org.springframework.amqp.rabbit.RabbitListenerEndpointContainer#1-1] o.s.a.r.l.BlockingQueueConsumer : Starting consumer Consumer@2aabd5a0: tags=[[]], channel=null, acknowledgeMode=MANUAL local queue size=0
2026-03-15 10:08:03.904 DEBUG [org.springframework.amqp.rabbit.RabbitListenerEndpointContainer#1-1] o.s.a.r.l.BlockingQueueConsumer : Started on queue 'bank.account.update.queue' with tag amq.ctag-9UXfwVb95d-FI3PHyzs8nw: Consumer@2aabd5a0: tags=[[]], channel=Cached Rabbit Channel: PublisherCallbackChannelImpl: AMQChannel(amqp://fundtransfer@127.0.0.1:5672/fundtransfer,2), conn: Proxy@7abc838a Shared Rabbit Connection: SimpleConnection@196f9b75 [delegate=amqp://fundtransfer@127.0.0.1:5672/fundtransfer, localPort=62680], acknowledgeMode=MANUAL local queue size=0
2026-03-15 10:08:03.904 DEBUG [pool-5-thread-4] o.s.a.r.l.BlockingQueueConsumer : ConsumeOK: Consumer@2aabd5a0: tags=[[amq.ctag-9UXfwVb95d-FI3PHyzs8nw]], channel=Cached Rabbit Channel: PublisherCallbackChannelImpl: AMQChannel(amqp://fundtransfer@127.0.0.1:5672/fundtransfer,2), conn: Proxy@7abc838a Shared Rabbit Connection: SimpleConnection@196f9b75 [delegate=amqp://fundtransfer@127.0.0.1:5672/fundtransfer, localPort=62680], acknowledgeMode=MANUAL local queue size=0
2026-03-15 10:08:03.919 INFO  [main] c.f.t.b.s.FundTransferBankServiceApplication : Started FundTransferBankServiceApplication in 10.98 seconds (process running for 12.417)
2026-03-15 10:08:14.819 DEBUG [reactor-http-nio-2] r.n.http.server.HttpServerOperations : [2434ee65, L:/127.0.0.1:9091 - R:/127.0.0.1:62706] New http connection, requesting read
2026-03-15 10:08:14.849 DEBUG [reactor-http-nio-2] r.n.http.server.HttpServerOperations : [2434ee65, L:/127.0.0.1:9091 - R:/127.0.0.1:62706] Increasing pending responses count: 1
2026-03-15 10:08:14.856 DEBUG [reactor-http-nio-2] r.netty.http.server.HttpServer : [2434ee65-1, L:/127.0.0.1:9091 - R:/127.0.0.1:62706] Handler is being applied: org.springframework.http.server.reactive.ReactorHttpHandlerAdapter@40f658de
2026-03-15 10:08:14.873 DEBUG [reactor-http-nio-2] o.s.w.s.a.HttpWebHandlerAdapter : [2434ee65-1] HTTP GET "/internal/actuator/prometheus"
2026-03-15 10:08:14.915 DEBUG [parallel-2] o.s.w.s.s.DefaultWebSessionManager : Created new WebSession.
2026-03-15 10:08:14.920 DEBUG [parallel-2] o.s.s.w.s.u.m.OrServerWebExchangeMatcher : Trying to match using PathMatcherServerWebExchangeMatcher{pattern='/logout', method=POST}
2026-03-15 10:08:14.920 DEBUG [parallel-2] o.s.s.w.s.u.m.PathPatternParserServerWebExchangeMatcher : Request 'GET /internal/actuator/prometheus' doesn't match 'POST /logout'
2026-03-15 10:08:14.920 DEBUG [parallel-2] o.s.s.w.s.u.m.OrServerWebExchangeMatcher : No matches found
2026-03-15 10:08:14.922 DEBUG [parallel-2] o.s.s.w.s.u.m.OrServerWebExchangeMatcher : Trying to match using PathMatcherServerWebExchangeMatcher{pattern='/actuator/**', method=null}
2026-03-15 10:08:14.923 DEBUG [parallel-2] o.s.s.w.s.u.m.PathPatternParserServerWebExchangeMatcher : Request 'GET /internal/actuator/prometheus' doesn't match 'null /actuator/**'
2026-03-15 10:08:14.925 DEBUG [parallel-2] o.s.s.w.s.u.m.OrServerWebExchangeMatcher : No matches found
2026-03-15 10:08:14.926 DEBUG [parallel-2] o.s.s.w.s.a.DelegatingReactiveAuthorizationManager : Checking authorization on '/internal/actuator/prometheus' using org.springframework.security.authorization.AuthenticatedReactiveAuthorizationManager@268eaebc
2026-03-15 10:08:14.927 DEBUG [parallel-2] o.s.s.w.s.c.WebSessionServerSecurityContextRepository : No SecurityContext found in WebSession: 'org.springframework.web.server.session.InMemoryWebSessionStore$InMemoryWebSession@5c6299cf'
2026-03-15 10:08:14.927 DEBUG [parallel-2] o.s.s.w.s.a.AuthorizationWebFilter : Authorization failed: Access Denied
2026-03-15 10:08:14.932 DEBUG [parallel-2] o.s.s.w.s.c.WebSessionServerSecurityContextRepository : No SecurityContext found in WebSession: 'org.springframework.web.server.session.InMemoryWebSessionStore$InMemoryWebSession@5c6299cf'
2026-03-15 10:08:14.932 DEBUG [parallel-2] o.s.w.s.a.HttpWebHandlerAdapter : [2434ee65-1] Completed 401 UNAUTHORIZED
2026-03-15 10:08:14.937 DEBUG [parallel-2] r.n.http.server.HttpServerOperations : [2434ee65-1, L:/127.0.0.1:9091 - R:/127.0.0.1:62706] Last HTTP response frame
2026-03-15 10:08:14.937 DEBUG [parallel-2] r.n.http.server.HttpServerOperations : [2434ee65-1, L:/127.0.0.1:9091 - R:/127.0.0.1:62706] Headers are not sent before onComplete().
2026-03-15 10:08:14.940 DEBUG [reactor-http-nio-2] r.n.http.server.HttpServerOperations : [2434ee65-1, L:/127.0.0.1:9091 - R:/127.0.0.1:62706] Decreasing pending responses count: 0
2026-03-15 10:08:14.940 DEBUG [reactor-http-nio-2] r.n.http.server.HttpServerOperations : [2434ee65-1, L:/127.0.0.1:9091 - R:/127.0.0.1:62706] Last HTTP packet was sent, terminating the channel
2026-03-15 10:08:18.205 DEBUG [DiscoveryClient-HeartbeatExecutor-%d] o.s.web.client.RestTemplate : HTTP PUT http://localhost:8761/eureka/apps/BANK-SERVICE/bank-service:9091?status=UP&lastDirtyTimestamp=1773547683197
2026-03-15 10:08:18.213 DEBUG [DiscoveryClient-HeartbeatExecutor-%d] o.s.web.client.RestTemplate : Accept=[application/json, application/*+json]
2026-03-15 10:08:18.232 DEBUG [DiscoveryClient-HeartbeatExecutor-%d] o.s.web.client.RestTemplate : Response 404 NOT_FOUND
2026-03-15 10:08:18.240 INFO  [DiscoveryClient-HeartbeatExecutor-%d] c.netflix.discovery.DiscoveryClient : DiscoveryClient_BANK-SERVICE/bank-service:9091 - Re-registering apps/BANK-SERVICE
2026-03-15 10:08:18.241 INFO  [DiscoveryClient-HeartbeatExecutor-%d] c.netflix.discovery.DiscoveryClient : DiscoveryClient_BANK-SERVICE/bank-service:9091: registering service...
2026-03-15 10:08:18.241 DEBUG [DiscoveryClient-HeartbeatExecutor-%d] o.s.web.client.RestTemplate : HTTP POST http://localhost:8761/eureka/apps/BANK-SERVICE
2026-03-15 10:08:18.241 DEBUG [DiscoveryClient-HeartbeatExecutor-%d] o.s.web.client.RestTemplate : Accept=[application/json, application/*+json]
2026-03-15 10:08:18.243 DEBUG [DiscoveryClient-HeartbeatExecutor-%d] o.s.web.client.RestTemplate : Writing [InstanceInfo [instanceId = bank-service:9091, appName = BANK-SERVICE, hostName = 192.168.1.136, status = UP, ipAddr = 192.168.1.136, port = 9091, securePort = 443, dataCenterInfo = com.netflix.appinfo.MyDataCenterInfo@5de13c89] as "application/json"
2026-03-15 10:08:18.247 DEBUG [DiscoveryClient-HeartbeatExecutor-%d] o.s.web.client.RestTemplate : Response 204 NO_CONTENT
2026-03-15 10:08:18.247 INFO  [DiscoveryClient-HeartbeatExecutor-%d] c.netflix.discovery.DiscoveryClient : DiscoveryClient_BANK-SERVICE/bank-service:9091 - registration status: 204
2026-03-15 10:08:28.625 DEBUG [reactor-http-nio-2] r.n.http.server.HttpServerOperations : [2434ee65, L:/127.0.0.1:9091 - R:/127.0.0.1:62706] Increasing pending responses count: 1
2026-03-15 10:08:28.625 DEBUG [reactor-http-nio-2] r.netty.http.server.HttpServer : [2434ee65-2, L:/127.0.0.1:9091 - R:/127.0.0.1:62706] Handler is being applied: org.springframework.http.server.reactive.ReactorHttpHandlerAdapter@40f658de
2026-03-15 10:08:28.625 DEBUG [reactor-http-nio-2] o.s.w.s.a.HttpWebHandlerAdapter : [2434ee65-2] HTTP GET "/internal/actuator/prometheus"
2026-03-15 10:08:28.626 DEBUG [parallel-3] o.s.w.s.s.DefaultWebSessionManager : Created new WebSession.
2026-03-15 10:08:28.626 DEBUG [parallel-3] o.s.s.w.s.u.m.OrServerWebExchangeMatcher : Trying to match using PathMatcherServerWebExchangeMatcher{pattern='/logout', method=POST}
2026-03-15 10:08:28.626 DEBUG [parallel-3] o.s.s.w.s.u.m.PathPatternParserServerWebExchangeMatcher : Request 'GET /internal/actuator/prometheus' doesn't match 'POST /logout'
2026-03-15 10:08:28.626 DEBUG [parallel-3] o.s.s.w.s.u.m.OrServerWebExchangeMatcher : No matches found
2026-03-15 10:08:28.626 DEBUG [parallel-3] o.s.s.w.s.u.m.OrServerWebExchangeMatcher : Trying to match using PathMatcherServerWebExchangeMatcher{pattern='/actuator/**', method=null}
2026-03-15 10:08:28.626 DEBUG [parallel-3] o.s.s.w.s.u.m.PathPatternParserServerWebExchangeMatcher : Request 'GET /internal/actuator/prometheus' doesn't match 'null /actuator/**'
2026-03-15 10:08:28.626 DEBUG [parallel-3] o.s.s.w.s.u.m.OrServerWebExchangeMatcher : No matches found
2026-03-15 10:08:28.627 DEBUG [parallel-3] o.s.s.w.s.a.DelegatingReactiveAuthorizationManager : Checking authorization on '/internal/actuator/prometheus' using org.springframework.security.authorization.AuthenticatedReactiveAuthorizationManager@268eaebc
2026-03-15 10:08:28.627 DEBUG [parallel-3] o.s.s.w.s.c.WebSessionServerSecurityContextRepository : No SecurityContext found in WebSession: 'org.springframework.web.server.session.InMemoryWebSessionStore$InMemoryWebSession@491afbe8'
2026-03-15 10:08:28.627 DEBUG [parallel-3] o.s.s.w.s.a.AuthorizationWebFilter : Authorization failed: Access Denied
2026-03-15 10:08:28.627 DEBUG [parallel-3] o.s.s.w.s.c.WebSessionServerSecurityContextRepository : No SecurityContext found in WebSession: 'org.springframework.web.server.session.InMemoryWebSessionStore$InMemoryWebSession@491afbe8'
2026-03-15 10:08:28.627 DEBUG [parallel-3] o.s.w.s.a.HttpWebHandlerAdapter : [2434ee65-2] Completed 401 UNAUTHORIZED
2026-03-15 10:08:28.627 DEBUG [parallel-3] r.n.http.server.HttpServerOperations : [2434ee65-2, L:/127.0.0.1:9091 - R:/127.0.0.1:62706] Last HTTP response frame
2026-03-15 10:08:28.627 DEBUG [parallel-3] r.n.http.server.HttpServerOperations : [2434ee65-2, L:/127.0.0.1:9091 - R:/127.0.0.1:62706] Headers are not sent before onComplete().
2026-03-15 10:08:28.628 DEBUG [reactor-http-nio-2] r.n.http.server.HttpServerOperations : [2434ee65-2, L:/127.0.0.1:9091 - R:/127.0.0.1:62706] Decreasing pending responses count: 0
2026-03-15 10:08:28.628 DEBUG [reactor-http-nio-2] r.n.http.server.HttpServerOperations : [2434ee65-2, L:/127.0.0.1:9091 - R:/127.0.0.1:62706] Last HTTP packet was sent, terminating the channel
2026-03-15 10:08:33.195 INFO  [DiscoveryClient-CacheRefreshExecutor-%d] c.netflix.discovery.DiscoveryClient : Disable delta property : false
2026-03-15 10:08:33.195 INFO  [DiscoveryClient-CacheRefreshExecutor-%d] c.netflix.discovery.DiscoveryClient : Single vip registry refresh property : null
2026-03-15 10:08:33.195 INFO  [DiscoveryClient-CacheRefreshExecutor-%d] c.netflix.discovery.DiscoveryClient : Force full registry fetch : false
2026-03-15 10:08:33.195 INFO  [DiscoveryClient-CacheRefreshExecutor-%d] c.netflix.discovery.DiscoveryClient : Application is null : false
2026-03-15 10:08:33.195 INFO  [DiscoveryClient-CacheRefreshExecutor-%d] c.netflix.discovery.DiscoveryClient : Registered Applications size is zero : true
2026-03-15 10:08:33.195 INFO  [DiscoveryClient-CacheRefreshExecutor-%d] c.netflix.discovery.DiscoveryClient : Application version is -1: true
2026-03-15 10:08:33.195 INFO  [DiscoveryClient-CacheRefreshExecutor-%d] c.netflix.discovery.DiscoveryClient : Getting all instance registry info from the eureka server
2026-03-15 10:08:33.197 DEBUG [DiscoveryClient-CacheRefreshExecutor-%d] o.s.web.client.RestTemplate : HTTP GET http://localhost:8761/eureka/apps/
2026-03-15 10:08:33.205 DEBUG [DiscoveryClient-CacheRefreshExecutor-%d] o.s.web.client.RestTemplate : Accept=[application/json, application/*+json]
2026-03-15 10:08:33.209 DEBUG [DiscoveryClient-CacheRefreshExecutor-%d] o.s.web.client.RestTemplate : Response 200 OK
2026-03-15 10:08:33.209 DEBUG [DiscoveryClient-CacheRefreshExecutor-%d] o.s.web.client.RestTemplate : Reading to [org.springframework.cloud.netflix.eureka.http.EurekaApplications]
2026-03-15 10:08:33.225 INFO  [DiscoveryClient-CacheRefreshExecutor-%d] c.netflix.discovery.DiscoveryClient : The response status is 200
2026-03-15 10:08:33.259 DEBUG [DiscoveryClient-HeartbeatExecutor-%d] o.s.web.client.RestTemplate : HTTP PUT http://localhost:8761/eureka/apps/BANK-SERVICE/bank-service:9091?status=UP&lastDirtyTimestamp=1773547698241
2026-03-15 10:08:33.259 DEBUG [DiscoveryClient-HeartbeatExecutor-%d] o.s.web.client.RestTemplate : Accept=[application/json, application/*+json]
2026-03-15 10:08:33.276 DEBUG [DiscoveryClient-HeartbeatExecutor-%d] o.s.web.client.RestTemplate : Response 200 OK
2026-03-15 10:08:42.488 DEBUG [reactor-http-nio-2] r.n.http.server.HttpServerOperations : [2434ee65, L:/127.0.0.1:9091 - R:/127.0.0.1:62706] Increasing pending responses count: 1
2026-03-15 10:08:42.488 DEBUG [reactor-http-nio-2] r.netty.http.server.HttpServer : [2434ee65-3, L:/127.0.0.1:9091 - R:/127.0.0.1:62706] Handler is being applied: org.springframework.http.server.reactive.ReactorHttpHandlerAdapter@40f658de
2026-03-15 10:08:42.488 DEBUG [reactor-http-nio-2] o.s.w.s.a.HttpWebHandlerAdapter : [2434ee65-3] HTTP GET "/internal/actuator/prometheus"
2026-03-15 10:08:42.489 DEBUG [parallel-4] o.s.w.s.s.DefaultWebSessionManager : Created new WebSession.
2026-03-15 10:08:42.489 DEBUG [parallel-4] o.s.s.w.s.u.m.OrServerWebExchangeMatcher : Trying to match using PathMatcherServerWebExchangeMatcher{pattern='/logout', method=POST}
2026-03-15 10:08:42.489 DEBUG [parallel-4] o.s.s.w.s.u.m.PathPatternParserServerWebExchangeMatcher : Request 'GET /internal/actuator/prometheus' doesn't match 'POST /logout'
2026-03-15 10:08:42.489 DEBUG [parallel-4] o.s.s.w.s.u.m.OrServerWebExchangeMatcher : No matches found
2026-03-15 10:08:42.490 DEBUG [parallel-4] o.s.s.w.s.u.m.OrServerWebExchangeMatcher : Trying to match using PathMatcherServerWebExchangeMatcher{pattern='/actuator/**', method=null}
2026-03-15 10:08:42.490 DEBUG [parallel-4] o.s.s.w.s.u.m.PathPatternParserServerWebExchangeMatcher : Request 'GET /internal/actuator/prometheus' doesn't match 'null /actuator/**'
2026-03-15 10:08:42.490 DEBUG [parallel-4] o.s.s.w.s.u.m.OrServerWebExchangeMatcher : No matches found
2026-03-15 10:08:42.490 DEBUG [parallel-4] o.s.s.w.s.a.DelegatingReactiveAuthorizationManager : Checking authorization on '/internal/actuator/prometheus' using org.springframework.security.authorization.AuthenticatedReactiveAuthorizationManager@268eaebc
2026-03-15 10:08:42.490 DEBUG [parallel-4] o.s.s.w.s.c.WebSessionServerSecurityContextRepository : No SecurityContext found in WebSession: 'org.springframework.web.server.session.InMemoryWebSessionStore$InMemoryWebSession@7074dd40'
2026-03-15 10:08:42.490 DEBUG [parallel-4] o.s.s.w.s.a.AuthorizationWebFilter : Authorization failed: Access Denied
2026-03-15 10:08:42.491 DEBUG [parallel-4] o.s.s.w.s.c.WebSessionServerSecurityContextRepository : No SecurityContext found in WebSession: 'org.springframework.web.server.session.InMemoryWebSessionStore$InMemoryWebSession@7074dd40'
2026-03-15 10:08:42.491 DEBUG [parallel-4] o.s.w.s.a.HttpWebHandlerAdapter : [2434ee65-3] Completed 401 UNAUTHORIZED
2026-03-15 10:08:42.491 DEBUG [parallel-4] r.n.http.server.HttpServerOperations : [2434ee65-3, L:/127.0.0.1:9091 - R:/127.0.0.1:62706] Last HTTP response frame
2026-03-15 10:08:42.491 DEBUG [parallel-4] r.n.http.server.HttpServerOperations : [2434ee65-3, L:/127.0.0.1:9091 - R:/127.0.0.1:62706] Headers are not sent before onComplete().
2026-03-15 10:08:42.491 DEBUG [reactor-http-nio-2] r.n.http.server.HttpServerOperations : [2434ee65-3, L:/127.0.0.1:9091 - R:/127.0.0.1:62706] Decreasing pending responses count: 0
2026-03-15 10:08:42.492 DEBUG [reactor-http-nio-2] r.n.http.server.HttpServerOperations : [2434ee65-3, L:/127.0.0.1:9091 - R:/127.0.0.1:62706] Last HTTP packet was sent, terminating the channel
2026-03-15 10:08:48.288 DEBUG [DiscoveryClient-HeartbeatExecutor-%d] o.s.web.client.RestTemplate : HTTP PUT http://localhost:8761/eureka/apps/BANK-SERVICE/bank-service:9091?status=UP&lastDirtyTimestamp=1773547698241
2026-03-15 10:08:48.288 DEBUG [DiscoveryClient-HeartbeatExecutor-%d] o.s.web.client.RestTemplate : Accept=[application/json, application/*+json]
2026-03-15 10:08:48.306 DEBUG [DiscoveryClient-HeartbeatExecutor-%d] o.s.web.client.RestTemplate : Response 200 OK
2026-03-15 10:08:56.306 DEBUG [reactor-http-nio-2] r.n.http.server.HttpServerOperations : [2434ee65, L:/127.0.0.1:9091 - R:/127.0.0.1:62706] Increasing pending responses count: 1
2026-03-15 10:08:56.306 DEBUG [reactor-http-nio-2] r.netty.http.server.HttpServer : [2434ee65-4, L:/127.0.0.1:9091 - R:/127.0.0.1:62706] Handler is being applied: org.springframework.http.server.reactive.ReactorHttpHandlerAdapter@40f658de
2026-03-15 10:08:56.306 DEBUG [reactor-http-nio-2] o.s.w.s.a.HttpWebHandlerAdapter : [2434ee65-4] HTTP GET "/internal/actuator/prometheus"
2026-03-15 10:08:56.307 DEBUG [parallel-5] o.s.w.s.s.DefaultWebSessionManager : Created new WebSession.
2026-03-15 10:08:56.307 DEBUG [parallel-5] o.s.s.w.s.u.m.OrServerWebExchangeMatcher : Trying to match using PathMatcherServerWebExchangeMatcher{pattern='/logout', method=POST}
2026-03-15 10:08:56.307 DEBUG [parallel-5] o.s.s.w.s.u.m.PathPatternParserServerWebExchangeMatcher : Request 'GET /internal/actuator/prometheus' doesn't match 'POST /logout'
2026-03-15 10:08:56.307 DEBUG [parallel-5] o.s.s.w.s.u.m.OrServerWebExchangeMatcher : No matches found
2026-03-15 10:08:56.307 DEBUG [parallel-5] o.s.s.w.s.u.m.OrServerWebExchangeMatcher : Trying to match using PathMatcherServerWebExchangeMatcher{pattern='/actuator/**', method=null}
2026-03-15 10:08:56.307 DEBUG [parallel-5] o.s.s.w.s.u.m.PathPatternParserServerWebExchangeMatcher : Request 'GET /internal/actuator/prometheus' doesn't match 'null /actuator/**'
2026-03-15 10:08:56.307 DEBUG [parallel-5] o.s.s.w.s.u.m.OrServerWebExchangeMatcher : No matches found
2026-03-15 10:08:56.307 DEBUG [parallel-5] o.s.s.w.s.a.DelegatingReactiveAuthorizationManager : Checking authorization on '/internal/actuator/prometheus' using org.springframework.security.authorization.AuthenticatedReactiveAuthorizationManager@268eaebc
2026-03-15 10:08:56.307 DEBUG [parallel-5] o.s.s.w.s.c.WebSessionServerSecurityContextRepository : No SecurityContext found in WebSession: 'org.springframework.web.server.session.InMemoryWebSessionStore$InMemoryWebSession@12f7907'
2026-03-15 10:08:56.307 DEBUG [parallel-5] o.s.s.w.s.a.AuthorizationWebFilter : Authorization failed: Access Denied
2026-03-15 10:08:56.308 DEBUG [parallel-5] o.s.s.w.s.c.WebSessionServerSecurityContextRepository : No SecurityContext found in WebSession: 'org.springframework.web.server.session.InMemoryWebSessionStore$InMemoryWebSession@12f7907'
2026-03-15 10:08:56.308 DEBUG [parallel-5] o.s.w.s.a.HttpWebHandlerAdapter : [2434ee65-4] Completed 401 UNAUTHORIZED
2026-03-15 10:08:56.308 DEBUG [parallel-5] r.n.http.server.HttpServerOperations : [2434ee65-4, L:/127.0.0.1:9091 - R:/127.0.0.1:62706] Last HTTP response frame
2026-03-15 10:08:56.308 DEBUG [parallel-5] r.n.http.server.HttpServerOperations : [2434ee65-4, L:/127.0.0.1:9091 - R:/127.0.0.1:62706] Headers are not sent before onComplete().
2026-03-15 10:08:56.308 DEBUG [reactor-http-nio-2] r.n.http.server.HttpServerOperations : [2434ee65-4, L:/127.0.0.1:9091 - R:/127.0.0.1:62706] Decreasing pending responses count: 0
2026-03-15 10:08:56.308 DEBUG [reactor-http-nio-2] r.n.http.server.HttpServerOperations : [2434ee65-4, L:/127.0.0.1:9091 - R:/127.0.0.1:62706] Last HTTP packet was sent, terminating the channel
2026-03-15 10:09:03.240 DEBUG [DiscoveryClient-CacheRefreshExecutor-%d] o.s.web.client.RestTemplate : HTTP GET http://localhost:8761/eureka/apps/delta
2026-03-15 10:09:03.240 DEBUG [DiscoveryClient-CacheRefreshExecutor-%d] o.s.web.client.RestTemplate : Accept=[application/json, application/*+json]
2026-03-15 10:09:03.257 DEBUG [DiscoveryClient-CacheRefreshExecutor-%d] o.s.web.client.RestTemplate : Response 200 OK
2026-03-15 10:09:03.257 DEBUG [DiscoveryClient-CacheRefreshExecutor-%d] o.s.web.client.RestTemplate : Reading to [org.springframework.cloud.netflix.eureka.http.EurekaApplications]
2026-03-15 10:09:03.316 DEBUG [DiscoveryClient-HeartbeatExecutor-%d] o.s.web.client.RestTemplate : HTTP PUT http://localhost:8761/eureka/apps/BANK-SERVICE/bank-service:9091?status=UP&lastDirtyTimestamp=1773547698241
2026-03-15 10:09:03.317 DEBUG [DiscoveryClient-HeartbeatExecutor-%d] o.s.web.client.RestTemplate : Accept=[application/json, application/*+json]
2026-03-15 10:09:03.333 DEBUG [DiscoveryClient-HeartbeatExecutor-%d] o.s.web.client.RestTemplate : Response 200 OK
2026-03-15 10:09:10.153 DEBUG [reactor-http-nio-2] r.n.http.server.HttpServerOperations : [2434ee65, L:/127.0.0.1:9091 - R:/127.0.0.1:62706] Increasing pending responses count: 1
2026-03-15 10:09:10.153 DEBUG [reactor-http-nio-2] r.netty.http.server.HttpServer : [2434ee65-5, L:/127.0.0.1:9091 - R:/127.0.0.1:62706] Handler is being applied: org.springframework.http.server.reactive.ReactorHttpHandlerAdapter@40f658de
2026-03-15 10:09:10.153 DEBUG [reactor-http-nio-2] o.s.w.s.a.HttpWebHandlerAdapter : [2434ee65-5] HTTP GET "/internal/actuator/prometheus"
2026-03-15 10:09:10.154 DEBUG [parallel-6] o.s.w.s.s.DefaultWebSessionManager : Created new WebSession.
2026-03-15 10:09:10.154 DEBUG [parallel-6] o.s.s.w.s.u.m.OrServerWebExchangeMatcher : Trying to match using PathMatcherServerWebExchangeMatcher{pattern='/logout', method=POST}
2026-03-15 10:09:10.154 DEBUG [parallel-6] o.s.s.w.s.u.m.PathPatternParserServerWebExchangeMatcher : Request 'GET /internal/actuator/prometheus' doesn't match 'POST /logout'
2026-03-15 10:09:10.154 DEBUG [parallel-6] o.s.s.w.s.u.m.OrServerWebExchangeMatcher : No matches found
2026-03-15 10:09:10.154 DEBUG [parallel-6] o.s.s.w.s.u.m.OrServerWebExchangeMatcher : Trying to match using PathMatcherServerWebExchangeMatcher{pattern='/actuator/**', method=null}
2026-03-15 10:09:10.154 DEBUG [parallel-6] o.s.s.w.s.u.m.PathPatternParserServerWebExchangeMatcher : Request 'GET /internal/actuator/prometheus' doesn't match 'null /actuator/**'
2026-03-15 10:09:10.154 DEBUG [parallel-6] o.s.s.w.s.u.m.OrServerWebExchangeMatcher : No matches found
2026-03-15 10:09:10.154 DEBUG [parallel-6] o.s.s.w.s.a.DelegatingReactiveAuthorizationManager : Checking authorization on '/internal/actuator/prometheus' using org.springframework.security.authorization.AuthenticatedReactiveAuthorizationManager@268eaebc
2026-03-15 10:09:10.154 DEBUG [parallel-6] o.s.s.w.s.c.WebSessionServerSecurityContextRepository : No SecurityContext found in WebSession: 'org.springframework.web.server.session.InMemoryWebSessionStore$InMemoryWebSession@1e38321'
2026-03-15 10:09:10.154 DEBUG [parallel-6] o.s.s.w.s.a.AuthorizationWebFilter : Authorization failed: Access Denied
2026-03-15 10:09:10.155 DEBUG [parallel-6] o.s.s.w.s.c.WebSessionServerSecurityContextRepository : No SecurityContext found in WebSession: 'org.springframework.web.server.session.InMemoryWebSessionStore$InMemoryWebSession@1e38321'
2026-03-15 10:09:10.155 DEBUG [parallel-6] o.s.w.s.a.HttpWebHandlerAdapter : [2434ee65-5] Completed 401 UNAUTHORIZED
2026-03-15 10:09:10.155 DEBUG [parallel-6] r.n.http.server.HttpServerOperations : [2434ee65-5, L:/127.0.0.1:9091 - R:/127.0.0.1:62706] Last HTTP response frame
2026-03-15 10:09:10.155 DEBUG [parallel-6] r.n.http.server.HttpServerOperations : [2434ee65-5, L:/127.0.0.1:9091 - R:/127.0.0.1:62706] Headers are not sent before onComplete().
2026-03-15 10:09:10.155 DEBUG [reactor-http-nio-2] r.n.http.server.HttpServerOperations : [2434ee65-5, L:/127.0.0.1:9091 - R:/127.0.0.1:62706] Decreasing pending responses count: 0
2026-03-15 10:09:10.155 DEBUG [reactor-http-nio-2] r.n.http.server.HttpServerOperations : [2434ee65-5, L:/127.0.0.1:9091 - R:/127.0.0.1:62706] Last HTTP packet was sent, terminating the channel
2026-03-15 10:09:18.346 DEBUG [DiscoveryClient-HeartbeatExecutor-%d] o.s.web.client.RestTemplate : HTTP PUT http://localhost:8761/eureka/apps/BANK-SERVICE/bank-service:9091?status=UP&lastDirtyTimestamp=1773547698241
2026-03-15 10:09:18.347 DEBUG [DiscoveryClient-HeartbeatExecutor-%d] o.s.web.client.RestTemplate : Accept=[application/json, application/*+json]
2026-03-15 10:09:18.368 DEBUG [DiscoveryClient-HeartbeatExecutor-%d] o.s.web.client.RestTemplate : Response 200 OK
2026-03-15 10:09:24.049 DEBUG [reactor-http-nio-2] r.n.http.server.HttpServerOperations : [2434ee65, L:/127.0.0.1:9091 - R:/127.0.0.1:62706] Increasing pending responses count: 1
2026-03-15 10:09:24.049 DEBUG [reactor-http-nio-2] r.netty.http.server.HttpServer : [2434ee65-6, L:/127.0.0.1:9091 - R:/127.0.0.1:62706] Handler is being applied: org.springframework.http.server.reactive.ReactorHttpHandlerAdapter@40f658de
2026-03-15 10:09:24.049 DEBUG [reactor-http-nio-2] o.s.w.s.a.HttpWebHandlerAdapter : [2434ee65-6] HTTP GET "/internal/actuator/prometheus"
2026-03-15 10:09:24.050 DEBUG [parallel-7] o.s.w.s.s.DefaultWebSessionManager : Created new WebSession.
2026-03-15 10:09:24.050 DEBUG [parallel-7] o.s.s.w.s.u.m.OrServerWebExchangeMatcher : Trying to match using PathMatcherServerWebExchangeMatcher{pattern='/logout', method=POST}
2026-03-15 10:09:24.050 DEBUG [parallel-7] o.s.s.w.s.u.m.PathPatternParserServerWebExchangeMatcher : Request 'GET /internal/actuator/prometheus' doesn't match 'POST /logout'
2026-03-15 10:09:24.050 DEBUG [parallel-7] o.s.s.w.s.u.m.OrServerWebExchangeMatcher : No matches found
2026-03-15 10:09:24.050 DEBUG [parallel-7] o.s.s.w.s.u.m.OrServerWebExchangeMatcher : Trying to match using PathMatcherServerWebExchangeMatcher{pattern='/actuator/**', method=null}
2026-03-15 10:09:24.050 DEBUG [parallel-7] o.s.s.w.s.u.m.PathPatternParserServerWebExchangeMatcher : Request 'GET /internal/actuator/prometheus' doesn't match 'null /actuator/**'
2026-03-15 10:09:24.050 DEBUG [parallel-7] o.s.s.w.s.u.m.OrServerWebExchangeMatcher : No matches found
2026-03-15 10:09:24.050 DEBUG [parallel-7] o.s.s.w.s.a.DelegatingReactiveAuthorizationManager : Checking authorization on '/internal/actuator/prometheus' using org.springframework.security.authorization.AuthenticatedReactiveAuthorizationManager@268eaebc
2026-03-15 10:09:24.051 DEBUG [parallel-7] o.s.s.w.s.c.WebSessionServerSecurityContextRepository : No SecurityContext found in WebSession: 'org.springframework.web.server.session.InMemoryWebSessionStore$InMemoryWebSession@4211a3b1'
2026-03-15 10:09:24.051 DEBUG [parallel-7] o.s.s.w.s.a.AuthorizationWebFilter : Authorization failed: Access Denied
2026-03-15 10:09:24.051 DEBUG [parallel-7] o.s.s.w.s.c.WebSessionServerSecurityContextRepository : No SecurityContext found in WebSession: 'org.springframework.web.server.session.InMemoryWebSessionStore$InMemoryWebSession@4211a3b1'
2026-03-15 10:09:24.051 DEBUG [parallel-7] o.s.w.s.a.HttpWebHandlerAdapter : [2434ee65-6] Completed 401 UNAUTHORIZED
2026-03-15 10:09:24.051 DEBUG [parallel-7] r.n.http.server.HttpServerOperations : [2434ee65-6, L:/127.0.0.1:9091 - R:/127.0.0.1:62706] Last HTTP response frame
2026-03-15 10:09:24.051 DEBUG [parallel-7] r.n.http.server.HttpServerOperations : [2434ee65-6, L:/127.0.0.1:9091 - R:/127.0.0.1:62706] Headers are not sent before onComplete().
2026-03-15 10:09:24.052 DEBUG [reactor-http-nio-2] r.n.http.server.HttpServerOperations : [2434ee65-6, L:/127.0.0.1:9091 - R:/127.0.0.1:62706] Decreasing pending responses count: 0
2026-03-15 10:09:24.052 DEBUG [reactor-http-nio-2] r.n.http.server.HttpServerOperations : [2434ee65-6, L:/127.0.0.1:9091 - R:/127.0.0.1:62706] Last HTTP packet was sent, terminating the channel
2026-03-15 10:09:33.261 DEBUG [DiscoveryClient-CacheRefreshExecutor-%d] o.s.web.client.RestTemplate : HTTP GET http://localhost:8761/eureka/apps/delta
2026-03-15 10:09:33.261 DEBUG [DiscoveryClient-CacheRefreshExecutor-%d] o.s.web.client.RestTemplate : Accept=[application/json, application/*+json]
2026-03-15 10:09:33.278 DEBUG [DiscoveryClient-CacheRefreshExecutor-%d] o.s.web.client.RestTemplate : Response 200 OK
2026-03-15 10:09:33.278 DEBUG [DiscoveryClient-CacheRefreshExecutor-%d] o.s.web.client.RestTemplate : Reading to [org.springframework.cloud.netflix.eureka.http.EurekaApplications]
2026-03-15 10:09:33.371 DEBUG [DiscoveryClient-HeartbeatExecutor-%d] o.s.web.client.RestTemplate : HTTP PUT http://localhost:8761/eureka/apps/BANK-SERVICE/bank-service:9091?status=UP&lastDirtyTimestamp=1773547698241
2026-03-15 10:09:33.371 DEBUG [DiscoveryClient-HeartbeatExecutor-%d] o.s.web.client.RestTemplate : Accept=[application/json, application/*+json]
2026-03-15 10:09:33.388 DEBUG [DiscoveryClient-HeartbeatExecutor-%d] o.s.web.client.RestTemplate : Response 200 OK
2026-03-15 10:09:37.854 DEBUG [reactor-http-nio-2] r.n.http.server.HttpServerOperations : [2434ee65, L:/127.0.0.1:9091 - R:/127.0.0.1:62706] Increasing pending responses count: 1
2026-03-15 10:09:37.854 DEBUG [reactor-http-nio-2] r.netty.http.server.HttpServer : [2434ee65-7, L:/127.0.0.1:9091 - R:/127.0.0.1:62706] Handler is being applied: org.springframework.http.server.reactive.ReactorHttpHandlerAdapter@40f658de
2026-03-15 10:09:37.854 DEBUG [reactor-http-nio-2] o.s.w.s.a.HttpWebHandlerAdapter : [2434ee65-7] HTTP GET "/internal/actuator/prometheus"
2026-03-15 10:09:37.855 DEBUG [parallel-8] o.s.w.s.s.DefaultWebSessionManager : Created new WebSession.
2026-03-15 10:09:37.855 DEBUG [parallel-8] o.s.s.w.s.u.m.OrServerWebExchangeMatcher : Trying to match using PathMatcherServerWebExchangeMatcher{pattern='/logout', method=POST}
2026-03-15 10:09:37.855 DEBUG [parallel-8] o.s.s.w.s.u.m.PathPatternParserServerWebExchangeMatcher : Request 'GET /internal/actuator/prometheus' doesn't match 'POST /logout'
2026-03-15 10:09:37.855 DEBUG [parallel-8] o.s.s.w.s.u.m.OrServerWebExchangeMatcher : No matches found
2026-03-15 10:09:37.855 DEBUG [parallel-8] o.s.s.w.s.u.m.OrServerWebExchangeMatcher : Trying to match using PathMatcherServerWebExchangeMatcher{pattern='/actuator/**', method=null}
2026-03-15 10:09:37.855 DEBUG [parallel-8] o.s.s.w.s.u.m.PathPatternParserServerWebExchangeMatcher : Request 'GET /internal/actuator/prometheus' doesn't match 'null /actuator/**'
2026-03-15 10:09:37.855 DEBUG [parallel-8] o.s.s.w.s.u.m.OrServerWebExchangeMatcher : No matches found
2026-03-15 10:09:37.856 DEBUG [parallel-8] o.s.s.w.s.a.DelegatingReactiveAuthorizationManager : Checking authorization on '/internal/actuator/prometheus' using org.springframework.security.authorization.AuthenticatedReactiveAuthorizationManager@268eaebc
2026-03-15 10:09:37.856 DEBUG [parallel-8] o.s.s.w.s.c.WebSessionServerSecurityContextRepository : No SecurityContext found in WebSession: 'org.springframework.web.server.session.InMemoryWebSessionStore$InMemoryWebSession@6b04676e'
2026-03-15 10:09:37.856 DEBUG [parallel-8] o.s.s.w.s.a.AuthorizationWebFilter : Authorization failed: Access Denied
2026-03-15 10:09:37.856 DEBUG [parallel-8] o.s.s.w.s.c.WebSessionServerSecurityContextRepository : No SecurityContext found in WebSession: 'org.springframework.web.server.session.InMemoryWebSessionStore$InMemoryWebSession@6b04676e'
2026-03-15 10:09:37.856 DEBUG [parallel-8] o.s.w.s.a.HttpWebHandlerAdapter : [2434ee65-7] Completed 401 UNAUTHORIZED
2026-03-15 10:09:37.856 DEBUG [parallel-8] r.n.http.server.HttpServerOperations : [2434ee65-7, L:/127.0.0.1:9091 - R:/127.0.0.1:62706] Last HTTP response frame
2026-03-15 10:09:37.856 DEBUG [parallel-8] r.n.http.server.HttpServerOperations : [2434ee65-7, L:/127.0.0.1:9091 - R:/127.0.0.1:62706] Headers are not sent before onComplete().
2026-03-15 10:09:37.856 DEBUG [reactor-http-nio-2] r.n.http.server.HttpServerOperations : [2434ee65-7, L:/127.0.0.1:9091 - R:/127.0.0.1:62706] Decreasing pending responses count: 0
2026-03-15 10:09:37.856 DEBUG [reactor-http-nio-2] r.n.http.server.HttpServerOperations : [2434ee65-7, L:/127.0.0.1:9091 - R:/127.0.0.1:62706] Last HTTP packet was sent, terminating the channel
2026-03-15 10:09:48.402 DEBUG [DiscoveryClient-HeartbeatExecutor-%d] o.s.web.client.RestTemplate : HTTP PUT http://localhost:8761/eureka/apps/BANK-SERVICE/bank-service:9091?status=UP&lastDirtyTimestamp=1773547698241
2026-03-15 10:09:48.402 DEBUG [DiscoveryClient-HeartbeatExecutor-%d] o.s.web.client.RestTemplate : Accept=[application/json, application/*+json]
2026-03-15 10:09:48.420 DEBUG [DiscoveryClient-HeartbeatExecutor-%d] o.s.web.client.RestTemplate : Response 200 OK
2026-03-15 10:09:51.681 DEBUG [reactor-http-nio-2] r.n.http.server.HttpServerOperations : [2434ee65, L:/127.0.0.1:9091 - R:/127.0.0.1:62706] Increasing pending responses count: 1
2026-03-15 10:09:51.681 DEBUG [reactor-http-nio-2] r.netty.http.server.HttpServer : [2434ee65-8, L:/127.0.0.1:9091 - R:/127.0.0.1:62706] Handler is being applied: org.springframework.http.server.reactive.ReactorHttpHandlerAdapter@40f658de
2026-03-15 10:09:51.681 DEBUG [reactor-http-nio-2] o.s.w.s.a.HttpWebHandlerAdapter : [2434ee65-8] HTTP GET "/internal/actuator/prometheus"
2026-03-15 10:09:51.682 DEBUG [parallel-9] o.s.w.s.s.DefaultWebSessionManager : Created new WebSession.
2026-03-15 10:09:51.682 DEBUG [parallel-9] o.s.s.w.s.u.m.OrServerWebExchangeMatcher : Trying to match using PathMatcherServerWebExchangeMatcher{pattern='/logout', method=POST}
2026-03-15 10:09:51.682 DEBUG [parallel-9] o.s.s.w.s.u.m.PathPatternParserServerWebExchangeMatcher : Request 'GET /internal/actuator/prometheus' doesn't match 'POST /logout'
2026-03-15 10:09:51.682 DEBUG [parallel-9] o.s.s.w.s.u.m.OrServerWebExchangeMatcher : No matches found
2026-03-15 10:09:51.682 DEBUG [parallel-9] o.s.s.w.s.u.m.OrServerWebExchangeMatcher : Trying to match using PathMatcherServerWebExchangeMatcher{pattern='/actuator/**', method=null}
2026-03-15 10:09:51.682 DEBUG [parallel-9] o.s.s.w.s.u.m.PathPatternParserServerWebExchangeMatcher : Request 'GET /internal/actuator/prometheus' doesn't match 'null /actuator/**'
2026-03-15 10:09:51.682 DEBUG [parallel-9] o.s.s.w.s.u.m.OrServerWebExchangeMatcher : No matches found
2026-03-15 10:09:51.682 DEBUG [parallel-9] o.s.s.w.s.a.DelegatingReactiveAuthorizationManager : Checking authorization on '/internal/actuator/prometheus' using org.springframework.security.authorization.AuthenticatedReactiveAuthorizationManager@268eaebc
2026-03-15 10:09:51.682 DEBUG [parallel-9] o.s.s.w.s.c.WebSessionServerSecurityContextRepository : No SecurityContext found in WebSession: 'org.springframework.web.server.session.InMemoryWebSessionStore$InMemoryWebSession@5dea52f1'
2026-03-15 10:09:51.682 DEBUG [parallel-9] o.s.s.w.s.a.AuthorizationWebFilter : Authorization failed: Access Denied
2026-03-15 10:09:51.682 DEBUG [parallel-9] o.s.s.w.s.c.WebSessionServerSecurityContextRepository : No SecurityContext found in WebSession: 'org.springframework.web.server.session.InMemoryWebSessionStore$InMemoryWebSession@5dea52f1'
2026-03-15 10:09:51.682 DEBUG [parallel-9] o.s.w.s.a.HttpWebHandlerAdapter : [2434ee65-8] Completed 401 UNAUTHORIZED
2026-03-15 10:09:51.683 DEBUG [parallel-9] r.n.http.server.HttpServerOperations : [2434ee65-8, L:/127.0.0.1:9091 - R:/127.0.0.1:62706] Last HTTP response frame
2026-03-15 10:09:51.683 DEBUG [parallel-9] r.n.http.server.HttpServerOperations : [2434ee65-8, L:/127.0.0.1:9091 - R:/127.0.0.1:62706] Headers are not sent before onComplete().
2026-03-15 10:09:51.683 DEBUG [reactor-http-nio-2] r.n.http.server.HttpServerOperations : [2434ee65-8, L:/127.0.0.1:9091 - R:/127.0.0.1:62706] Decreasing pending responses count: 0
2026-03-15 10:09:51.683 DEBUG [reactor-http-nio-2] r.n.http.server.HttpServerOperations : [2434ee65-8, L:/127.0.0.1:9091 - R:/127.0.0.1:62706] Last HTTP packet was sent, terminating the channel
2026-03-15 10:10:03.284 DEBUG [DiscoveryClient-CacheRefreshExecutor-%d] o.s.web.client.RestTemplate : HTTP GET http://localhost:8761/eureka/apps/delta
2026-03-15 10:10:03.285 DEBUG [DiscoveryClient-CacheRefreshExecutor-%d] o.s.web.client.RestTemplate : Accept=[application/json, application/*+json]
2026-03-15 10:10:03.302 DEBUG [DiscoveryClient-CacheRefreshExecutor-%d] o.s.web.client.RestTemplate : Response 200 OK
2026-03-15 10:10:03.302 DEBUG [DiscoveryClient-CacheRefreshExecutor-%d] o.s.web.client.RestTemplate : Reading to [org.springframework.cloud.netflix.eureka.http.EurekaApplications]
2026-03-15 10:10:03.424 DEBUG [DiscoveryClient-HeartbeatExecutor-%d] o.s.web.client.RestTemplate : HTTP PUT http://localhost:8761/eureka/apps/BANK-SERVICE/bank-service:9091?status=UP&lastDirtyTimestamp=1773547698241
2026-03-15 10:10:03.424 DEBUG [DiscoveryClient-HeartbeatExecutor-%d] o.s.web.client.RestTemplate : Accept=[application/json, application/*+json]
2026-03-15 10:10:03.443 DEBUG [DiscoveryClient-HeartbeatExecutor-%d] o.s.web.client.RestTemplate : Response 200 OK
2026-03-15 10:10:05.534 DEBUG [reactor-http-nio-2] r.n.http.server.HttpServerOperations : [2434ee65, L:/127.0.0.1:9091 - R:/127.0.0.1:62706] Increasing pending responses count: 1
2026-03-15 10:10:05.534 DEBUG [reactor-http-nio-2] r.netty.http.server.HttpServer : [2434ee65-9, L:/127.0.0.1:9091 - R:/127.0.0.1:62706] Handler is being applied: org.springframework.http.server.reactive.ReactorHttpHandlerAdapter@40f658de
2026-03-15 10:10:05.534 DEBUG [reactor-http-nio-2] o.s.w.s.a.HttpWebHandlerAdapter : [2434ee65-9] HTTP GET "/internal/actuator/prometheus"
2026-03-15 10:10:05.535 DEBUG [parallel-10] o.s.w.s.s.DefaultWebSessionManager : Created new WebSession.
2026-03-15 10:10:05.536 DEBUG [parallel-10] o.s.s.w.s.u.m.OrServerWebExchangeMatcher : Trying to match using PathMatcherServerWebExchangeMatcher{pattern='/logout', method=POST}
2026-03-15 10:10:05.536 DEBUG [parallel-10] o.s.s.w.s.u.m.PathPatternParserServerWebExchangeMatcher : Request 'GET /internal/actuator/prometheus' doesn't match 'POST /logout'
2026-03-15 10:10:05.536 DEBUG [parallel-10] o.s.s.w.s.u.m.OrServerWebExchangeMatcher : No matches found
2026-03-15 10:10:05.536 DEBUG [parallel-10] o.s.s.w.s.u.m.OrServerWebExchangeMatcher : Trying to match using PathMatcherServerWebExchangeMatcher{pattern='/actuator/**', method=null}
2026-03-15 10:10:05.536 DEBUG [parallel-10] o.s.s.w.s.u.m.PathPatternParserServerWebExchangeMatcher : Request 'GET /internal/actuator/prometheus' doesn't match 'null /actuator/**'
2026-03-15 10:10:05.536 DEBUG [parallel-10] o.s.s.w.s.u.m.OrServerWebExchangeMatcher : No matches found
2026-03-15 10:10:05.536 DEBUG [parallel-10] o.s.s.w.s.a.DelegatingReactiveAuthorizationManager : Checking authorization on '/internal/actuator/prometheus' using org.springframework.security.authorization.AuthenticatedReactiveAuthorizationManager@268eaebc
2026-03-15 10:10:05.536 DEBUG [parallel-10] o.s.s.w.s.c.WebSessionServerSecurityContextRepository : No SecurityContext found in WebSession: 'org.springframework.web.server.session.InMemoryWebSessionStore$InMemoryWebSession@6428083'
2026-03-15 10:10:05.536 DEBUG [parallel-10] o.s.s.w.s.a.AuthorizationWebFilter : Authorization failed: Access Denied
2026-03-15 10:10:05.537 DEBUG [parallel-10] o.s.s.w.s.c.WebSessionServerSecurityContextRepository : No SecurityContext found in WebSession: 'org.springframework.web.server.session.InMemoryWebSessionStore$InMemoryWebSession@6428083'
2026-03-15 10:10:05.537 DEBUG [parallel-10] o.s.w.s.a.HttpWebHandlerAdapter : [2434ee65-9] Completed 401 UNAUTHORIZED
2026-03-15 10:10:05.537 DEBUG [parallel-10] r.n.http.server.HttpServerOperations : [2434ee65-9, L:/127.0.0.1:9091 - R:/127.0.0.1:62706] Last HTTP response frame
2026-03-15 10:10:05.537 DEBUG [parallel-10] r.n.http.server.HttpServerOperations : [2434ee65-9, L:/127.0.0.1:9091 - R:/127.0.0.1:62706] Headers are not sent before onComplete().
2026-03-15 10:10:05.538 DEBUG [reactor-http-nio-2] r.n.http.server.HttpServerOperations : [2434ee65-9, L:/127.0.0.1:9091 - R:/127.0.0.1:62706] Decreasing pending responses count: 0
2026-03-15 10:10:05.539 DEBUG [reactor-http-nio-2] r.n.http.server.HttpServerOperations : [2434ee65-9, L:/127.0.0.1:9091 - R:/127.0.0.1:62706] Last HTTP packet was sent, terminating the channel
2026-03-15 10:10:18.460 DEBUG [DiscoveryClient-HeartbeatExecutor-%d] o.s.web.client.RestTemplate : HTTP PUT http://localhost:8761/eureka/apps/BANK-SERVICE/bank-service:9091?status=UP&lastDirtyTimestamp=1773547698241
2026-03-15 10:10:18.461 DEBUG [DiscoveryClient-HeartbeatExecutor-%d] o.s.web.client.RestTemplate : Accept=[application/json, application/*+json]
2026-03-15 10:10:18.476 DEBUG [DiscoveryClient-HeartbeatExecutor-%d] o.s.web.client.RestTemplate : Response 200 OK
2026-03-15 10:10:19.374 DEBUG [reactor-http-nio-2] r.n.http.server.HttpServerOperations : [2434ee65, L:/127.0.0.1:9091 - R:/127.0.0.1:62706] Increasing pending responses count: 1
2026-03-15 10:10:19.374 DEBUG [reactor-http-nio-2] r.netty.http.server.HttpServer : [2434ee65-10, L:/127.0.0.1:9091 - R:/127.0.0.1:62706] Handler is being applied: org.springframework.http.server.reactive.ReactorHttpHandlerAdapter@40f658de
2026-03-15 10:10:19.374 DEBUG [reactor-http-nio-2] o.s.w.s.a.HttpWebHandlerAdapter : [2434ee65-10] HTTP GET "/internal/actuator/prometheus"
2026-03-15 10:10:19.375 DEBUG [parallel-11] o.s.w.s.s.DefaultWebSessionManager : Created new WebSession.
2026-03-15 10:10:19.375 DEBUG [parallel-11] o.s.s.w.s.u.m.OrServerWebExchangeMatcher : Trying to match using PathMatcherServerWebExchangeMatcher{pattern='/logout', method=POST}
2026-03-15 10:10:19.375 DEBUG [parallel-11] o.s.s.w.s.u.m.PathPatternParserServerWebExchangeMatcher : Request 'GET /internal/actuator/prometheus' doesn't match 'POST /logout'
2026-03-15 10:10:19.375 DEBUG [parallel-11] o.s.s.w.s.u.m.OrServerWebExchangeMatcher : No matches found
2026-03-15 10:10:19.375 DEBUG [parallel-11] o.s.s.w.s.u.m.OrServerWebExchangeMatcher : Trying to match using PathMatcherServerWebExchangeMatcher{pattern='/actuator/**', method=null}
2026-03-15 10:10:19.375 DEBUG [parallel-11] o.s.s.w.s.u.m.PathPatternParserServerWebExchangeMatcher : Request 'GET /internal/actuator/prometheus' doesn't match 'null /actuator/**'
2026-03-15 10:10:19.375 DEBUG [parallel-11] o.s.s.w.s.u.m.OrServerWebExchangeMatcher : No matches found
2026-03-15 10:10:19.375 DEBUG [parallel-11] o.s.s.w.s.a.DelegatingReactiveAuthorizationManager : Checking authorization on '/internal/actuator/prometheus' using org.springframework.security.authorization.AuthenticatedReactiveAuthorizationManager@268eaebc
2026-03-15 10:10:19.375 DEBUG [parallel-11] o.s.s.w.s.c.WebSessionServerSecurityContextRepository : No SecurityContext found in WebSession: 'org.springframework.web.server.session.InMemoryWebSessionStore$InMemoryWebSession@32f532aa'
2026-03-15 10:10:19.375 DEBUG [parallel-11] o.s.s.w.s.a.AuthorizationWebFilter : Authorization failed: Access Denied
2026-03-15 10:10:19.375 DEBUG [parallel-11] o.s.s.w.s.c.WebSessionServerSecurityContextRepository : No SecurityContext found in WebSession: 'org.springframework.web.server.session.InMemoryWebSessionStore$InMemoryWebSession@32f532aa'
2026-03-15 10:10:19.375 DEBUG [parallel-11] o.s.w.s.a.HttpWebHandlerAdapter : [2434ee65-10] Completed 401 UNAUTHORIZED
2026-03-15 10:10:19.376 DEBUG [parallel-11] r.n.http.server.HttpServerOperations : [2434ee65-10, L:/127.0.0.1:9091 - R:/127.0.0.1:62706] Last HTTP response frame
2026-03-15 10:10:19.376 DEBUG [parallel-11] r.n.http.server.HttpServerOperations : [2434ee65-10, L:/127.0.0.1:9091 - R:/127.0.0.1:62706] Headers are not sent before onComplete().
2026-03-15 10:10:19.376 DEBUG [reactor-http-nio-2] r.n.http.server.HttpServerOperations : [2434ee65-10, L:/127.0.0.1:9091 - R:/127.0.0.1:62706] Decreasing pending responses count: 0
2026-03-15 10:10:19.376 DEBUG [reactor-http-nio-2] r.n.http.server.HttpServerOperations : [2434ee65-10, L:/127.0.0.1:9091 - R:/127.0.0.1:62706] Last HTTP packet was sent, terminating the channel
2026-03-15 10:10:33.219 DEBUG [reactor-http-nio-2] r.n.http.server.HttpServerOperations : [2434ee65, L:/127.0.0.1:9091 - R:/127.0.0.1:62706] Increasing pending responses count: 1
2026-03-15 10:10:33.219 DEBUG [reactor-http-nio-2] r.netty.http.server.HttpServer : [2434ee65-11, L:/127.0.0.1:9091 - R:/127.0.0.1:62706] Handler is being applied: org.springframework.http.server.reactive.ReactorHttpHandlerAdapter@40f658de
2026-03-15 10:10:33.219 DEBUG [reactor-http-nio-2] o.s.w.s.a.HttpWebHandlerAdapter : [2434ee65-11] HTTP GET "/internal/actuator/prometheus"
2026-03-15 10:10:33.219 DEBUG [parallel-12] o.s.w.s.s.DefaultWebSessionManager : Created new WebSession.
2026-03-15 10:10:33.220 DEBUG [parallel-12] o.s.s.w.s.u.m.OrServerWebExchangeMatcher : Trying to match using PathMatcherServerWebExchangeMatcher{pattern='/logout', method=POST}
2026-03-15 10:10:33.220 DEBUG [parallel-12] o.s.s.w.s.u.m.PathPatternParserServerWebExchangeMatcher : Request 'GET /internal/actuator/prometheus' doesn't match 'POST /logout'
2026-03-15 10:10:33.220 DEBUG [parallel-12] o.s.s.w.s.u.m.OrServerWebExchangeMatcher : No matches found
2026-03-15 10:10:33.220 DEBUG [parallel-12] o.s.s.w.s.u.m.OrServerWebExchangeMatcher : Trying to match using PathMatcherServerWebExchangeMatcher{pattern='/actuator/**', method=null}
2026-03-15 10:10:33.220 DEBUG [parallel-12] o.s.s.w.s.u.m.PathPatternParserServerWebExchangeMatcher : Request 'GET /internal/actuator/prometheus' doesn't match 'null /actuator/**'
2026-03-15 10:10:33.220 DEBUG [parallel-12] o.s.s.w.s.u.m.OrServerWebExchangeMatcher : No matches found
2026-03-15 10:10:33.220 DEBUG [parallel-12] o.s.s.w.s.a.DelegatingReactiveAuthorizationManager : Checking authorization on '/internal/actuator/prometheus' using org.springframework.security.authorization.AuthenticatedReactiveAuthorizationManager@268eaebc
2026-03-15 10:10:33.220 DEBUG [parallel-12] o.s.s.w.s.c.WebSessionServerSecurityContextRepository : No SecurityContext found in WebSession: 'org.springframework.web.server.session.InMemoryWebSessionStore$InMemoryWebSession@47923786'
2026-03-15 10:10:33.220 DEBUG [parallel-12] o.s.s.w.s.a.AuthorizationWebFilter : Authorization failed: Access Denied
2026-03-15 10:10:33.220 DEBUG [parallel-12] o.s.s.w.s.c.WebSessionServerSecurityContextRepository : No SecurityContext found in WebSession: 'org.springframework.web.server.session.InMemoryWebSessionStore$InMemoryWebSession@47923786'
2026-03-15 10:10:33.220 DEBUG [parallel-12] o.s.w.s.a.HttpWebHandlerAdapter : [2434ee65-11] Completed 401 UNAUTHORIZED
2026-03-15 10:10:33.221 DEBUG [parallel-12] r.n.http.server.HttpServerOperations : [2434ee65-11, L:/127.0.0.1:9091 - R:/127.0.0.1:62706] Last HTTP response frame
2026-03-15 10:10:33.221 DEBUG [parallel-12] r.n.http.server.HttpServerOperations : [2434ee65-11, L:/127.0.0.1:9091 - R:/127.0.0.1:62706] Headers are not sent before onComplete().
2026-03-15 10:10:33.221 DEBUG [reactor-http-nio-2] r.n.http.server.HttpServerOperations : [2434ee65-11, L:/127.0.0.1:9091 - R:/127.0.0.1:62706] Decreasing pending responses count: 0
2026-03-15 10:10:33.221 DEBUG [reactor-http-nio-2] r.n.http.server.HttpServerOperations : [2434ee65-11, L:/127.0.0.1:9091 - R:/127.0.0.1:62706] Last HTTP packet was sent, terminating the channel
2026-03-15 10:10:33.306 DEBUG [DiscoveryClient-CacheRefreshExecutor-%d] o.s.web.client.RestTemplate : HTTP GET http://localhost:8761/eureka/apps/delta
2026-03-15 10:10:33.307 DEBUG [DiscoveryClient-CacheRefreshExecutor-%d] o.s.web.client.RestTemplate : Accept=[application/json, application/*+json]
2026-03-15 10:10:33.324 DEBUG [DiscoveryClient-CacheRefreshExecutor-%d] o.s.web.client.RestTemplate : Response 200 OK
2026-03-15 10:10:33.324 DEBUG [DiscoveryClient-CacheRefreshExecutor-%d] o.s.web.client.RestTemplate : Reading to [org.springframework.cloud.netflix.eureka.http.EurekaApplications]
2026-03-15 10:10:33.477 DEBUG [DiscoveryClient-HeartbeatExecutor-%d] o.s.web.client.RestTemplate : HTTP PUT http://localhost:8761/eureka/apps/BANK-SERVICE/bank-service:9091?status=UP&lastDirtyTimestamp=1773547698241
2026-03-15 10:10:33.477 DEBUG [DiscoveryClient-HeartbeatExecutor-%d] o.s.web.client.RestTemplate : Accept=[application/json, application/*+json]
2026-03-15 10:10:33.495 DEBUG [DiscoveryClient-HeartbeatExecutor-%d] o.s.web.client.RestTemplate : Response 200 OK
2026-03-15 10:10:47.127 DEBUG [reactor-http-nio-2] r.n.http.server.HttpServerOperations : [2434ee65, L:/127.0.0.1:9091 - R:/127.0.0.1:62706] Increasing pending responses count: 1
2026-03-15 10:10:47.127 DEBUG [reactor-http-nio-2] r.netty.http.server.HttpServer : [2434ee65-12, L:/127.0.0.1:9091 - R:/127.0.0.1:62706] Handler is being applied: org.springframework.http.server.reactive.ReactorHttpHandlerAdapter@40f658de
2026-03-15 10:10:47.128 DEBUG [reactor-http-nio-2] o.s.w.s.a.HttpWebHandlerAdapter : [2434ee65-12] HTTP GET "/internal/actuator/prometheus"
2026-03-15 10:10:47.128 DEBUG [parallel-13] o.s.w.s.s.DefaultWebSessionManager : Created new WebSession.
2026-03-15 10:10:47.128 DEBUG [parallel-13] o.s.s.w.s.u.m.OrServerWebExchangeMatcher : Trying to match using PathMatcherServerWebExchangeMatcher{pattern='/logout', method=POST}
2026-03-15 10:10:47.128 DEBUG [parallel-13] o.s.s.w.s.u.m.PathPatternParserServerWebExchangeMatcher : Request 'GET /internal/actuator/prometheus' doesn't match 'POST /logout'
2026-03-15 10:10:47.128 DEBUG [parallel-13] o.s.s.w.s.u.m.OrServerWebExchangeMatcher : No matches found
2026-03-15 10:10:47.128 DEBUG [parallel-13] o.s.s.w.s.u.m.OrServerWebExchangeMatcher : Trying to match using PathMatcherServerWebExchangeMatcher{pattern='/actuator/**', method=null}
2026-03-15 10:10:47.128 DEBUG [parallel-13] o.s.s.w.s.u.m.PathPatternParserServerWebExchangeMatcher : Request 'GET /internal/actuator/prometheus' doesn't match 'null /actuator/**'
2026-03-15 10:10:47.128 DEBUG [parallel-13] o.s.s.w.s.u.m.OrServerWebExchangeMatcher : No matches found
2026-03-15 10:10:47.128 DEBUG [parallel-13] o.s.s.w.s.a.DelegatingReactiveAuthorizationManager : Checking authorization on '/internal/actuator/prometheus' using org.springframework.security.authorization.AuthenticatedReactiveAuthorizationManager@268eaebc
2026-03-15 10:10:47.129 DEBUG [parallel-13] o.s.s.w.s.c.WebSessionServerSecurityContextRepository : No SecurityContext found in WebSession: 'org.springframework.web.server.session.InMemoryWebSessionStore$InMemoryWebSession@6d8af7'
2026-03-15 10:10:47.129 DEBUG [parallel-13] o.s.s.w.s.a.AuthorizationWebFilter : Authorization failed: Access Denied
2026-03-15 10:10:47.129 DEBUG [parallel-13] o.s.s.w.s.c.WebSessionServerSecurityContextRepository : No SecurityContext found in WebSession: 'org.springframework.web.server.session.InMemoryWebSessionStore$InMemoryWebSession@6d8af7'
2026-03-15 10:10:47.129 DEBUG [parallel-13] o.s.w.s.a.HttpWebHandlerAdapter : [2434ee65-12] Completed 401 UNAUTHORIZED
2026-03-15 10:10:47.129 DEBUG [parallel-13] r.n.http.server.HttpServerOperations : [2434ee65-12, L:/127.0.0.1:9091 - R:/127.0.0.1:62706] Last HTTP response frame
2026-03-15 10:10:47.129 DEBUG [parallel-13] r.n.http.server.HttpServerOperations : [2434ee65-12, L:/127.0.0.1:9091 - R:/127.0.0.1:62706] Headers are not sent before onComplete().
2026-03-15 10:10:47.129 DEBUG [reactor-http-nio-2] r.n.http.server.HttpServerOperations : [2434ee65-12, L:/127.0.0.1:9091 - R:/127.0.0.1:62706] Decreasing pending responses count: 0
2026-03-15 10:10:47.130 DEBUG [reactor-http-nio-2] r.n.http.server.HttpServerOperations : [2434ee65-12, L:/127.0.0.1:9091 - R:/127.0.0.1:62706] Last HTTP packet was sent, terminating the channel
2026-03-15 10:10:48.497 DEBUG [DiscoveryClient-HeartbeatExecutor-%d] o.s.web.client.RestTemplate : HTTP PUT http://localhost:8761/eureka/apps/BANK-SERVICE/bank-service:9091?status=UP&lastDirtyTimestamp=1773547698241
2026-03-15 10:10:48.497 DEBUG [DiscoveryClient-HeartbeatExecutor-%d] o.s.web.client.RestTemplate : Accept=[application/json, application/*+json]
2026-03-15 10:10:48.515 DEBUG [DiscoveryClient-HeartbeatExecutor-%d] o.s.web.client.RestTemplate : Response 200 OK
2026-03-15 10:11:00.912 DEBUG [reactor-http-nio-2] r.n.http.server.HttpServerOperations : [2434ee65, L:/127.0.0.1:9091 - R:/127.0.0.1:62706] Increasing pending responses count: 1
2026-03-15 10:11:00.914 DEBUG [reactor-http-nio-2] r.netty.http.server.HttpServer : [2434ee65-13, L:/127.0.0.1:9091 - R:/127.0.0.1:62706] Handler is being applied: org.springframework.http.server.reactive.ReactorHttpHandlerAdapter@40f658de
2026-03-15 10:11:00.914 DEBUG [reactor-http-nio-2] o.s.w.s.a.HttpWebHandlerAdapter : [2434ee65-13] HTTP GET "/internal/actuator/prometheus"
2026-03-15 10:11:00.914 DEBUG [parallel-14] o.s.w.s.s.DefaultWebSessionManager : Created new WebSession.
2026-03-15 10:11:00.915 DEBUG [parallel-14] o.s.s.w.s.u.m.OrServerWebExchangeMatcher : Trying to match using PathMatcherServerWebExchangeMatcher{pattern='/logout', method=POST}
2026-03-15 10:11:00.915 DEBUG [parallel-14] o.s.s.w.s.u.m.PathPatternParserServerWebExchangeMatcher : Request 'GET /internal/actuator/prometheus' doesn't match 'POST /logout'
2026-03-15 10:11:00.915 DEBUG [parallel-14] o.s.s.w.s.u.m.OrServerWebExchangeMatcher : No matches found
2026-03-15 10:11:00.915 DEBUG [parallel-14] o.s.s.w.s.u.m.OrServerWebExchangeMatcher : Trying to match using PathMatcherServerWebExchangeMatcher{pattern='/actuator/**', method=null}
2026-03-15 10:11:00.915 DEBUG [parallel-14] o.s.s.w.s.u.m.PathPatternParserServerWebExchangeMatcher : Request 'GET /internal/actuator/prometheus' doesn't match 'null /actuator/**'
2026-03-15 10:11:00.915 DEBUG [parallel-14] o.s.s.w.s.u.m.OrServerWebExchangeMatcher : No matches found
2026-03-15 10:11:00.915 DEBUG [parallel-14] o.s.s.w.s.a.DelegatingReactiveAuthorizationManager : Checking authorization on '/internal/actuator/prometheus' using org.springframework.security.authorization.AuthenticatedReactiveAuthorizationManager@268eaebc
2026-03-15 10:11:00.915 DEBUG [parallel-14] o.s.s.w.s.c.WebSessionServerSecurityContextRepository : No SecurityContext found in WebSession: 'org.springframework.web.server.session.InMemoryWebSessionStore$InMemoryWebSession@31217ce0'
2026-03-15 10:11:00.915 DEBUG [parallel-14] o.s.s.w.s.a.AuthorizationWebFilter : Authorization failed: Access Denied
2026-03-15 10:11:00.915 DEBUG [parallel-14] o.s.s.w.s.c.WebSessionServerSecurityContextRepository : No SecurityContext found in WebSession: 'org.springframework.web.server.session.InMemoryWebSessionStore$InMemoryWebSession@31217ce0'
2026-03-15 10:11:00.915 DEBUG [parallel-14] o.s.w.s.a.HttpWebHandlerAdapter : [2434ee65-13] Completed 401 UNAUTHORIZED
2026-03-15 10:11:00.916 DEBUG [parallel-14] r.n.http.server.HttpServerOperations : [2434ee65-13, L:/127.0.0.1:9091 - R:/127.0.0.1:62706] Last HTTP response frame
2026-03-15 10:11:00.916 DEBUG [parallel-14] r.n.http.server.HttpServerOperations : [2434ee65-13, L:/127.0.0.1:9091 - R:/127.0.0.1:62706] Headers are not sent before onComplete().
2026-03-15 10:11:00.916 DEBUG [reactor-http-nio-2] r.n.http.server.HttpServerOperations : [2434ee65-13, L:/127.0.0.1:9091 - R:/127.0.0.1:62706] Decreasing pending responses count: 0
2026-03-15 10:11:00.916 DEBUG [reactor-http-nio-2] r.n.http.server.HttpServerOperations : [2434ee65-13, L:/127.0.0.1:9091 - R:/127.0.0.1:62706] Last HTTP packet was sent, terminating the channel
2026-03-15 10:11:03.328 DEBUG [DiscoveryClient-CacheRefreshExecutor-%d] o.s.web.client.RestTemplate : HTTP GET http://localhost:8761/eureka/apps/delta
2026-03-15 10:11:03.328 DEBUG [DiscoveryClient-CacheRefreshExecutor-%d] o.s.web.client.RestTemplate : Accept=[application/json, application/*+json]
2026-03-15 10:11:03.346 DEBUG [DiscoveryClient-CacheRefreshExecutor-%d] o.s.web.client.RestTemplate : Response 200 OK
2026-03-15 10:11:03.346 DEBUG [DiscoveryClient-CacheRefreshExecutor-%d] o.s.web.client.RestTemplate : Reading to [org.springframework.cloud.netflix.eureka.http.EurekaApplications]
2026-03-15 10:11:03.531 DEBUG [DiscoveryClient-HeartbeatExecutor-%d] o.s.web.client.RestTemplate : HTTP PUT http://localhost:8761/eureka/apps/BANK-SERVICE/bank-service:9091?status=UP&lastDirtyTimestamp=1773547698241
2026-03-15 10:11:03.531 DEBUG [DiscoveryClient-HeartbeatExecutor-%d] o.s.web.client.RestTemplate : Accept=[application/json, application/*+json]
2026-03-15 10:11:03.548 DEBUG [DiscoveryClient-HeartbeatExecutor-%d] o.s.web.client.RestTemplate : Response 200 OK
2026-03-15 10:11:14.757 DEBUG [reactor-http-nio-2] r.n.http.server.HttpServerOperations : [2434ee65, L:/127.0.0.1:9091 - R:/127.0.0.1:62706] Increasing pending responses count: 1
2026-03-15 10:11:14.757 DEBUG [reactor-http-nio-2] r.netty.http.server.HttpServer : [2434ee65-14, L:/127.0.0.1:9091 - R:/127.0.0.1:62706] Handler is being applied: org.springframework.http.server.reactive.ReactorHttpHandlerAdapter@40f658de
2026-03-15 10:11:14.757 DEBUG [reactor-http-nio-2] o.s.w.s.a.HttpWebHandlerAdapter : [2434ee65-14] HTTP GET "/internal/actuator/prometheus"
2026-03-15 10:11:14.758 DEBUG [parallel-15] o.s.w.s.s.DefaultWebSessionManager : Created new WebSession.
2026-03-15 10:11:14.758 DEBUG [parallel-15] o.s.s.w.s.u.m.OrServerWebExchangeMatcher : Trying to match using PathMatcherServerWebExchangeMatcher{pattern='/logout', method=POST}
2026-03-15 10:11:14.758 DEBUG [parallel-15] o.s.s.w.s.u.m.PathPatternParserServerWebExchangeMatcher : Request 'GET /internal/actuator/prometheus' doesn't match 'POST /logout'
2026-03-15 10:11:14.759 DEBUG [parallel-15] o.s.s.w.s.u.m.OrServerWebExchangeMatcher : No matches found
2026-03-15 10:11:14.759 DEBUG [parallel-15] o.s.s.w.s.u.m.OrServerWebExchangeMatcher : Trying to match using PathMatcherServerWebExchangeMatcher{pattern='/actuator/**', method=null}
2026-03-15 10:11:14.759 DEBUG [parallel-15] o.s.s.w.s.u.m.PathPatternParserServerWebExchangeMatcher : Request 'GET /internal/actuator/prometheus' doesn't match 'null /actuator/**'
2026-03-15 10:11:14.759 DEBUG [parallel-15] o.s.s.w.s.u.m.OrServerWebExchangeMatcher : No matches found
2026-03-15 10:11:14.759 DEBUG [parallel-15] o.s.s.w.s.a.DelegatingReactiveAuthorizationManager : Checking authorization on '/internal/actuator/prometheus' using org.springframework.security.authorization.AuthenticatedReactiveAuthorizationManager@268eaebc
2026-03-15 10:11:14.759 DEBUG [parallel-15] o.s.s.w.s.c.WebSessionServerSecurityContextRepository : No SecurityContext found in WebSession: 'org.springframework.web.server.session.InMemoryWebSessionStore$InMemoryWebSession@5252a764'
2026-03-15 10:11:14.759 DEBUG [parallel-15] o.s.s.w.s.a.AuthorizationWebFilter : Authorization failed: Access Denied
2026-03-15 10:11:14.759 DEBUG [parallel-15] o.s.s.w.s.c.WebSessionServerSecurityContextRepository : No SecurityContext found in WebSession: 'org.springframework.web.server.session.InMemoryWebSessionStore$InMemoryWebSession@5252a764'
2026-03-15 10:11:14.759 DEBUG [parallel-15] o.s.w.s.a.HttpWebHandlerAdapter : [2434ee65-14] Completed 401 UNAUTHORIZED
2026-03-15 10:11:14.759 DEBUG [parallel-15] r.n.http.server.HttpServerOperations : [2434ee65-14, L:/127.0.0.1:9091 - R:/127.0.0.1:62706] Last HTTP response frame
2026-03-15 10:11:14.759 DEBUG [parallel-15] r.n.http.server.HttpServerOperations : [2434ee65-14, L:/127.0.0.1:9091 - R:/127.0.0.1:62706] Headers are not sent before onComplete().
2026-03-15 10:11:14.760 DEBUG [reactor-http-nio-2] r.n.http.server.HttpServerOperations : [2434ee65-14, L:/127.0.0.1:9091 - R:/127.0.0.1:62706] Decreasing pending responses count: 0
2026-03-15 10:11:14.760 DEBUG [reactor-http-nio-2] r.n.http.server.HttpServerOperations : [2434ee65-14, L:/127.0.0.1:9091 - R:/127.0.0.1:62706] Last HTTP packet was sent, terminating the channel
2026-03-15 10:11:18.554 DEBUG [DiscoveryClient-HeartbeatExecutor-%d] o.s.web.client.RestTemplate : HTTP PUT http://localhost:8761/eureka/apps/BANK-SERVICE/bank-service:9091?status=UP&lastDirtyTimestamp=1773547698241
2026-03-15 10:11:18.554 DEBUG [DiscoveryClient-HeartbeatExecutor-%d] o.s.web.client.RestTemplate : Accept=[application/json, application/*+json]
2026-03-15 10:11:18.571 DEBUG [DiscoveryClient-HeartbeatExecutor-%d] o.s.web.client.RestTemplate : Response 200 OK
2026-03-15 10:11:28.606 DEBUG [reactor-http-nio-2] r.n.http.server.HttpServerOperations : [2434ee65, L:/127.0.0.1:9091 - R:/127.0.0.1:62706] Increasing pending responses count: 1
2026-03-15 10:11:28.607 DEBUG [reactor-http-nio-2] r.netty.http.server.HttpServer : [2434ee65-15, L:/127.0.0.1:9091 - R:/127.0.0.1:62706] Handler is being applied: org.springframework.http.server.reactive.ReactorHttpHandlerAdapter@40f658de
2026-03-15 10:11:28.607 DEBUG [reactor-http-nio-2] o.s.w.s.a.HttpWebHandlerAdapter : [2434ee65-15] HTTP GET "/internal/actuator/prometheus"
2026-03-15 10:11:28.609 DEBUG [parallel-16] o.s.w.s.s.DefaultWebSessionManager : Created new WebSession.
2026-03-15 10:11:28.609 DEBUG [parallel-16] o.s.s.w.s.u.m.OrServerWebExchangeMatcher : Trying to match using PathMatcherServerWebExchangeMatcher{pattern='/logout', method=POST}
2026-03-15 10:11:28.609 DEBUG [parallel-16] o.s.s.w.s.u.m.PathPatternParserServerWebExchangeMatcher : Request 'GET /internal/actuator/prometheus' doesn't match 'POST /logout'
2026-03-15 10:11:28.609 DEBUG [parallel-16] o.s.s.w.s.u.m.OrServerWebExchangeMatcher : No matches found
2026-03-15 10:11:28.609 DEBUG [parallel-16] o.s.s.w.s.u.m.OrServerWebExchangeMatcher : Trying to match using PathMatcherServerWebExchangeMatcher{pattern='/actuator/**', method=null}
2026-03-15 10:11:28.610 DEBUG [parallel-16] o.s.s.w.s.u.m.PathPatternParserServerWebExchangeMatcher : Request 'GET /internal/actuator/prometheus' doesn't match 'null /actuator/**'
2026-03-15 10:11:28.610 DEBUG [parallel-16] o.s.s.w.s.u.m.OrServerWebExchangeMatcher : No matches found
2026-03-15 10:11:28.610 DEBUG [parallel-16] o.s.s.w.s.a.DelegatingReactiveAuthorizationManager : Checking authorization on '/internal/actuator/prometheus' using org.springframework.security.authorization.AuthenticatedReactiveAuthorizationManager@268eaebc
2026-03-15 10:11:28.610 DEBUG [parallel-16] o.s.s.w.s.c.WebSessionServerSecurityContextRepository : No SecurityContext found in WebSession: 'org.springframework.web.server.session.InMemoryWebSessionStore$InMemoryWebSession@1892a820'
2026-03-15 10:11:28.610 DEBUG [parallel-16] o.s.s.w.s.a.AuthorizationWebFilter : Authorization failed: Access Denied
2026-03-15 10:11:28.611 DEBUG [parallel-16] o.s.s.w.s.c.WebSessionServerSecurityContextRepository : No SecurityContext found in WebSession: 'org.springframework.web.server.session.InMemoryWebSessionStore$InMemoryWebSession@1892a820'
2026-03-15 10:11:28.611 DEBUG [parallel-16] o.s.w.s.a.HttpWebHandlerAdapter : [2434ee65-15] Completed 401 UNAUTHORIZED
2026-03-15 10:11:28.612 DEBUG [parallel-16] r.n.http.server.HttpServerOperations : [2434ee65-15, L:/127.0.0.1:9091 - R:/127.0.0.1:62706] Last HTTP response frame
2026-03-15 10:11:28.612 DEBUG [parallel-16] r.n.http.server.HttpServerOperations : [2434ee65-15, L:/127.0.0.1:9091 - R:/127.0.0.1:62706] Headers are not sent before onComplete().
2026-03-15 10:11:28.613 DEBUG [reactor-http-nio-2] r.n.http.server.HttpServerOperations : [2434ee65-15, L:/127.0.0.1:9091 - R:/127.0.0.1:62706] Decreasing pending responses count: 0
2026-03-15 10:11:28.613 DEBUG [reactor-http-nio-2] r.n.http.server.HttpServerOperations : [2434ee65-15, L:/127.0.0.1:9091 - R:/127.0.0.1:62706] Last HTTP packet was sent, terminating the channel
2026-03-15 10:11:33.347 DEBUG [DiscoveryClient-CacheRefreshExecutor-%d] o.s.web.client.RestTemplate : HTTP GET http://localhost:8761/eureka/apps/delta
2026-03-15 10:11:33.348 DEBUG [DiscoveryClient-CacheRefreshExecutor-%d] o.s.web.client.RestTemplate : Accept=[application/json, application/*+json]
2026-03-15 10:11:33.369 DEBUG [DiscoveryClient-CacheRefreshExecutor-%d] o.s.web.client.RestTemplate : Response 200 OK
2026-03-15 10:11:33.369 DEBUG [DiscoveryClient-CacheRefreshExecutor-%d] o.s.web.client.RestTemplate : Reading to [org.springframework.cloud.netflix.eureka.http.EurekaApplications]
2026-03-15 10:11:33.582 DEBUG [DiscoveryClient-HeartbeatExecutor-%d] o.s.web.client.RestTemplate : HTTP PUT http://localhost:8761/eureka/apps/BANK-SERVICE/bank-service:9091?status=UP&lastDirtyTimestamp=1773547698241
2026-03-15 10:11:33.582 DEBUG [DiscoveryClient-HeartbeatExecutor-%d] o.s.web.client.RestTemplate : Accept=[application/json, application/*+json]
2026-03-15 10:11:33.600 DEBUG [DiscoveryClient-HeartbeatExecutor-%d] o.s.web.client.RestTemplate : Response 200 OK
2026-03-15 10:11:42.450 DEBUG [reactor-http-nio-2] r.n.http.server.HttpServerOperations : [2434ee65, L:/127.0.0.1:9091 - R:/127.0.0.1:62706] Increasing pending responses count: 1
2026-03-15 10:11:42.450 DEBUG [reactor-http-nio-2] r.netty.http.server.HttpServer : [2434ee65-16, L:/127.0.0.1:9091 - R:/127.0.0.1:62706] Handler is being applied: org.springframework.http.server.reactive.ReactorHttpHandlerAdapter@40f658de
2026-03-15 10:11:42.450 DEBUG [reactor-http-nio-2] o.s.w.s.a.HttpWebHandlerAdapter : [2434ee65-16] HTTP GET "/internal/actuator/prometheus"
2026-03-15 10:11:42.451 DEBUG [parallel-1] o.s.w.s.s.DefaultWebSessionManager : Created new WebSession.
2026-03-15 10:11:42.451 DEBUG [parallel-1] o.s.s.w.s.u.m.OrServerWebExchangeMatcher : Trying to match using PathMatcherServerWebExchangeMatcher{pattern='/logout', method=POST}
2026-03-15 10:11:42.451 DEBUG [parallel-1] o.s.s.w.s.u.m.PathPatternParserServerWebExchangeMatcher : Request 'GET /internal/actuator/prometheus' doesn't match 'POST /logout'
2026-03-15 10:11:42.451 DEBUG [parallel-1] o.s.s.w.s.u.m.OrServerWebExchangeMatcher : No matches found
2026-03-15 10:11:42.451 DEBUG [parallel-1] o.s.s.w.s.u.m.OrServerWebExchangeMatcher : Trying to match using PathMatcherServerWebExchangeMatcher{pattern='/actuator/**', method=null}
2026-03-15 10:11:42.451 DEBUG [parallel-1] o.s.s.w.s.u.m.PathPatternParserServerWebExchangeMatcher : Request 'GET /internal/actuator/prometheus' doesn't match 'null /actuator/**'
2026-03-15 10:11:42.451 DEBUG [parallel-1] o.s.s.w.s.u.m.OrServerWebExchangeMatcher : No matches found
2026-03-15 10:11:42.451 DEBUG [parallel-1] o.s.s.w.s.a.DelegatingReactiveAuthorizationManager : Checking authorization on '/internal/actuator/prometheus' using org.springframework.security.authorization.AuthenticatedReactiveAuthorizationManager@268eaebc
2026-03-15 10:11:42.451 DEBUG [parallel-1] o.s.s.w.s.c.WebSessionServerSecurityContextRepository : No SecurityContext found in WebSession: 'org.springframework.web.server.session.InMemoryWebSessionStore$InMemoryWebSession@498799af'
2026-03-15 10:11:42.451 DEBUG [parallel-1] o.s.s.w.s.a.AuthorizationWebFilter : Authorization failed: Access Denied
2026-03-15 10:11:42.452 DEBUG [parallel-1] o.s.s.w.s.c.WebSessionServerSecurityContextRepository : No SecurityContext found in WebSession: 'org.springframework.web.server.session.InMemoryWebSessionStore$InMemoryWebSession@498799af'
2026-03-15 10:11:42.452 DEBUG [parallel-1] o.s.w.s.a.HttpWebHandlerAdapter : [2434ee65-16] Completed 401 UNAUTHORIZED
2026-03-15 10:11:42.452 DEBUG [parallel-1] r.n.http.server.HttpServerOperations : [2434ee65-16, L:/127.0.0.1:9091 - R:/127.0.0.1:62706] Last HTTP response frame
2026-03-15 10:11:42.452 DEBUG [parallel-1] r.n.http.server.HttpServerOperations : [2434ee65-16, L:/127.0.0.1:9091 - R:/127.0.0.1:62706] Headers are not sent before onComplete().
2026-03-15 10:11:42.452 DEBUG [reactor-http-nio-2] r.n.http.server.HttpServerOperations : [2434ee65-16, L:/127.0.0.1:9091 - R:/127.0.0.1:62706] Decreasing pending responses count: 0
2026-03-15 10:11:42.452 DEBUG [reactor-http-nio-2] r.n.http.server.HttpServerOperations : [2434ee65-16, L:/127.0.0.1:9091 - R:/127.0.0.1:62706] Last HTTP packet was sent, terminating the channel
2026-03-15 10:11:48.603 DEBUG [DiscoveryClient-HeartbeatExecutor-%d] o.s.web.client.RestTemplate : HTTP PUT http://localhost:8761/eureka/apps/BANK-SERVICE/bank-service:9091?status=UP&lastDirtyTimestamp=1773547698241
2026-03-15 10:11:48.604 DEBUG [DiscoveryClient-HeartbeatExecutor-%d] o.s.web.client.RestTemplate : Accept=[application/json, application/*+json]
2026-03-15 10:11:48.622 DEBUG [DiscoveryClient-HeartbeatExecutor-%d] o.s.web.client.RestTemplate : Response 200 OK
2026-03-15 10:11:56.311 DEBUG [reactor-http-nio-2] r.n.http.server.HttpServerOperations : [2434ee65, L:/127.0.0.1:9091 - R:/127.0.0.1:62706] Increasing pending responses count: 1
2026-03-15 10:11:56.311 DEBUG [reactor-http-nio-2] r.netty.http.server.HttpServer : [2434ee65-17, L:/127.0.0.1:9091 - R:/127.0.0.1:62706] Handler is being applied: org.springframework.http.server.reactive.ReactorHttpHandlerAdapter@40f658de
2026-03-15 10:11:56.311 DEBUG [reactor-http-nio-2] o.s.w.s.a.HttpWebHandlerAdapter : [2434ee65-17] HTTP GET "/internal/actuator/prometheus"
2026-03-15 10:11:56.312 DEBUG [parallel-2] o.s.w.s.s.DefaultWebSessionManager : Created new WebSession.
2026-03-15 10:11:56.312 DEBUG [parallel-2] o.s.s.w.s.u.m.OrServerWebExchangeMatcher : Trying to match using PathMatcherServerWebExchangeMatcher{pattern='/logout', method=POST}
2026-03-15 10:11:56.312 DEBUG [parallel-2] o.s.s.w.s.u.m.PathPatternParserServerWebExchangeMatcher : Request 'GET /internal/actuator/prometheus' doesn't match 'POST /logout'
2026-03-15 10:11:56.312 DEBUG [parallel-2] o.s.s.w.s.u.m.OrServerWebExchangeMatcher : No matches found
2026-03-15 10:11:56.312 DEBUG [parallel-2] o.s.s.w.s.u.m.OrServerWebExchangeMatcher : Trying to match using PathMatcherServerWebExchangeMatcher{pattern='/actuator/**', method=null}
2026-03-15 10:11:56.312 DEBUG [parallel-2] o.s.s.w.s.u.m.PathPatternParserServerWebExchangeMatcher : Request 'GET /internal/actuator/prometheus' doesn't match 'null /actuator/**'
2026-03-15 10:11:56.312 DEBUG [parallel-2] o.s.s.w.s.u.m.OrServerWebExchangeMatcher : No matches found
2026-03-15 10:11:56.313 DEBUG [parallel-2] o.s.s.w.s.a.DelegatingReactiveAuthorizationManager : Checking authorization on '/internal/actuator/prometheus' using org.springframework.security.authorization.AuthenticatedReactiveAuthorizationManager@268eaebc
2026-03-15 10:11:56.313 DEBUG [parallel-2] o.s.s.w.s.c.WebSessionServerSecurityContextRepository : No SecurityContext found in WebSession: 'org.springframework.web.server.session.InMemoryWebSessionStore$InMemoryWebSession@85a5361'
2026-03-15 10:11:56.313 DEBUG [parallel-2] o.s.s.w.s.a.AuthorizationWebFilter : Authorization failed: Access Denied
2026-03-15 10:11:56.314 DEBUG [parallel-2] o.s.s.w.s.c.WebSessionServerSecurityContextRepository : No SecurityContext found in WebSession: 'org.springframework.web.server.session.InMemoryWebSessionStore$InMemoryWebSession@85a5361'
2026-03-15 10:11:56.314 DEBUG [parallel-2] o.s.w.s.a.HttpWebHandlerAdapter : [2434ee65-17] Completed 401 UNAUTHORIZED
2026-03-15 10:11:56.314 DEBUG [parallel-2] r.n.http.server.HttpServerOperations : [2434ee65-17, L:/127.0.0.1:9091 - R:/127.0.0.1:62706] Last HTTP response frame
2026-03-15 10:11:56.314 DEBUG [parallel-2] r.n.http.server.HttpServerOperations : [2434ee65-17, L:/127.0.0.1:9091 - R:/127.0.0.1:62706] Headers are not sent before onComplete().
2026-03-15 10:11:56.315 DEBUG [reactor-http-nio-2] r.n.http.server.HttpServerOperations : [2434ee65-17, L:/127.0.0.1:9091 - R:/127.0.0.1:62706] Decreasing pending responses count: 0
2026-03-15 10:11:56.315 DEBUG [reactor-http-nio-2] r.n.http.server.HttpServerOperations : [2434ee65-17, L:/127.0.0.1:9091 - R:/127.0.0.1:62706] Last HTTP packet was sent, terminating the channel
2026-03-15 10:12:03.384 DEBUG [DiscoveryClient-CacheRefreshExecutor-%d] o.s.web.client.RestTemplate : HTTP GET http://localhost:8761/eureka/apps/delta
2026-03-15 10:12:03.385 DEBUG [DiscoveryClient-CacheRefreshExecutor-%d] o.s.web.client.RestTemplate : Accept=[application/json, application/*+json]
2026-03-15 10:12:03.391 DEBUG [DiscoveryClient-CacheRefreshExecutor-%d] o.s.web.client.RestTemplate : Response 200 OK
2026-03-15 10:12:03.391 DEBUG [DiscoveryClient-CacheRefreshExecutor-%d] o.s.web.client.RestTemplate : Reading to [org.springframework.cloud.netflix.eureka.http.EurekaApplications]
2026-03-15 10:12:03.639 DEBUG [DiscoveryClient-HeartbeatExecutor-%d] o.s.web.client.RestTemplate : HTTP PUT http://localhost:8761/eureka/apps/BANK-SERVICE/bank-service:9091?status=UP&lastDirtyTimestamp=1773547698241
2026-03-15 10:12:03.639 DEBUG [DiscoveryClient-HeartbeatExecutor-%d] o.s.web.client.RestTemplate : Accept=[application/json, application/*+json]
2026-03-15 10:12:03.656 DEBUG [DiscoveryClient-HeartbeatExecutor-%d] o.s.web.client.RestTemplate : Response 200 OK
2026-03-15 10:12:10.160 DEBUG [reactor-http-nio-2] r.n.http.server.HttpServerOperations : [2434ee65, L:/127.0.0.1:9091 - R:/127.0.0.1:62706] Increasing pending responses count: 1
2026-03-15 10:12:10.160 DEBUG [reactor-http-nio-2] r.netty.http.server.HttpServer : [2434ee65-18, L:/127.0.0.1:9091 - R:/127.0.0.1:62706] Handler is being applied: org.springframework.http.server.reactive.ReactorHttpHandlerAdapter@40f658de
2026-03-15 10:12:10.160 DEBUG [reactor-http-nio-2] o.s.w.s.a.HttpWebHandlerAdapter : [2434ee65-18] HTTP GET "/internal/actuator/prometheus"
2026-03-15 10:12:10.161 DEBUG [parallel-3] o.s.w.s.s.DefaultWebSessionManager : Created new WebSession.
2026-03-15 10:12:10.161 DEBUG [parallel-3] o.s.s.w.s.u.m.OrServerWebExchangeMatcher : Trying to match using PathMatcherServerWebExchangeMatcher{pattern='/logout', method=POST}
2026-03-15 10:12:10.161 DEBUG [parallel-3] o.s.s.w.s.u.m.PathPatternParserServerWebExchangeMatcher : Request 'GET /internal/actuator/prometheus' doesn't match 'POST /logout'
2026-03-15 10:12:10.161 DEBUG [parallel-3] o.s.s.w.s.u.m.OrServerWebExchangeMatcher : No matches found
2026-03-15 10:12:10.161 DEBUG [parallel-3] o.s.s.w.s.u.m.OrServerWebExchangeMatcher : Trying to match using PathMatcherServerWebExchangeMatcher{pattern='/actuator/**', method=null}
2026-03-15 10:12:10.161 DEBUG [parallel-3] o.s.s.w.s.u.m.PathPatternParserServerWebExchangeMatcher : Request 'GET /internal/actuator/prometheus' doesn't match 'null /actuator/**'
2026-03-15 10:12:10.161 DEBUG [parallel-3] o.s.s.w.s.u.m.OrServerWebExchangeMatcher : No matches found
2026-03-15 10:12:10.161 DEBUG [parallel-3] o.s.s.w.s.a.DelegatingReactiveAuthorizationManager : Checking authorization on '/internal/actuator/prometheus' using org.springframework.security.authorization.AuthenticatedReactiveAuthorizationManager@268eaebc
2026-03-15 10:12:10.161 DEBUG [parallel-3] o.s.s.w.s.c.WebSessionServerSecurityContextRepository : No SecurityContext found in WebSession: 'org.springframework.web.server.session.InMemoryWebSessionStore$InMemoryWebSession@43e29098'
2026-03-15 10:12:10.161 DEBUG [parallel-3] o.s.s.w.s.a.AuthorizationWebFilter : Authorization failed: Access Denied
2026-03-15 10:12:10.161 DEBUG [parallel-3] o.s.s.w.s.c.WebSessionServerSecurityContextRepository : No SecurityContext found in WebSession: 'org.springframework.web.server.session.InMemoryWebSessionStore$InMemoryWebSession@43e29098'
2026-03-15 10:12:10.161 DEBUG [parallel-3] o.s.w.s.a.HttpWebHandlerAdapter : [2434ee65-18] Completed 401 UNAUTHORIZED
2026-03-15 10:12:10.162 DEBUG [parallel-3] r.n.http.server.HttpServerOperations : [2434ee65-18, L:/127.0.0.1:9091 - R:/127.0.0.1:62706] Last HTTP response frame
2026-03-15 10:12:10.162 DEBUG [parallel-3] r.n.http.server.HttpServerOperations : [2434ee65-18, L:/127.0.0.1:9091 - R:/127.0.0.1:62706] Headers are not sent before onComplete().
2026-03-15 10:12:10.162 DEBUG [reactor-http-nio-2] r.n.http.server.HttpServerOperations : [2434ee65-18, L:/127.0.0.1:9091 - R:/127.0.0.1:62706] Decreasing pending responses count: 0
2026-03-15 10:12:10.162 DEBUG [reactor-http-nio-2] r.n.http.server.HttpServerOperations : [2434ee65-18, L:/127.0.0.1:9091 - R:/127.0.0.1:62706] Last HTTP packet was sent, terminating the channel
2026-03-15 10:12:18.663 DEBUG [DiscoveryClient-HeartbeatExecutor-%d] o.s.web.client.RestTemplate : HTTP PUT http://localhost:8761/eureka/apps/BANK-SERVICE/bank-service:9091?status=UP&lastDirtyTimestamp=1773547698241
2026-03-15 10:12:18.663 DEBUG [DiscoveryClient-HeartbeatExecutor-%d] o.s.web.client.RestTemplate : Accept=[application/json, application/*+json]
2026-03-15 10:12:18.679 DEBUG [DiscoveryClient-HeartbeatExecutor-%d] o.s.web.client.RestTemplate : Response 200 OK
2026-03-15 10:12:24.020 DEBUG [reactor-http-nio-2] r.n.http.server.HttpServerOperations : [2434ee65, L:/127.0.0.1:9091 - R:/127.0.0.1:62706] Increasing pending responses count: 1
2026-03-15 10:12:24.020 DEBUG [reactor-http-nio-2] r.netty.http.server.HttpServer : [2434ee65-19, L:/127.0.0.1:9091 - R:/127.0.0.1:62706] Handler is being applied: org.springframework.http.server.reactive.ReactorHttpHandlerAdapter@40f658de
2026-03-15 10:12:24.020 DEBUG [reactor-http-nio-2] o.s.w.s.a.HttpWebHandlerAdapter : [2434ee65-19] HTTP GET "/internal/actuator/prometheus"
2026-03-15 10:12:24.021 DEBUG [parallel-4] o.s.w.s.s.DefaultWebSessionManager : Created new WebSession.
2026-03-15 10:12:24.021 DEBUG [parallel-4] o.s.s.w.s.u.m.OrServerWebExchangeMatcher : Trying to match using PathMatcherServerWebExchangeMatcher{pattern='/logout', method=POST}
2026-03-15 10:12:24.021 DEBUG [parallel-4] o.s.s.w.s.u.m.PathPatternParserServerWebExchangeMatcher : Request 'GET /internal/actuator/prometheus' doesn't match 'POST /logout'
2026-03-15 10:12:24.021 DEBUG [parallel-4] o.s.s.w.s.u.m.OrServerWebExchangeMatcher : No matches found
2026-03-15 10:12:24.021 DEBUG [parallel-4] o.s.s.w.s.u.m.OrServerWebExchangeMatcher : Trying to match using PathMatcherServerWebExchangeMatcher{pattern='/actuator/**', method=null}
2026-03-15 10:12:24.021 DEBUG [parallel-4] o.s.s.w.s.u.m.PathPatternParserServerWebExchangeMatcher : Request 'GET /internal/actuator/prometheus' doesn't match 'null /actuator/**'
2026-03-15 10:12:24.021 DEBUG [parallel-4] o.s.s.w.s.u.m.OrServerWebExchangeMatcher : No matches found
2026-03-15 10:12:24.021 DEBUG [parallel-4] o.s.s.w.s.a.DelegatingReactiveAuthorizationManager : Checking authorization on '/internal/actuator/prometheus' using org.springframework.security.authorization.AuthenticatedReactiveAuthorizationManager@268eaebc
2026-03-15 10:12:24.021 DEBUG [parallel-4] o.s.s.w.s.c.WebSessionServerSecurityContextRepository : No SecurityContext found in WebSession: 'org.springframework.web.server.session.InMemoryWebSessionStore$InMemoryWebSession@7a8cb630'
2026-03-15 10:12:24.021 DEBUG [parallel-4] o.s.s.w.s.a.AuthorizationWebFilter : Authorization failed: Access Denied
2026-03-15 10:12:24.022 DEBUG [parallel-4] o.s.s.w.s.c.WebSessionServerSecurityContextRepository : No SecurityContext found in WebSession: 'org.springframework.web.server.session.InMemoryWebSessionStore$InMemoryWebSession@7a8cb630'
2026-03-15 10:12:24.022 DEBUG [parallel-4] o.s.w.s.a.HttpWebHandlerAdapter : [2434ee65-19] Completed 401 UNAUTHORIZED
2026-03-15 10:12:24.022 DEBUG [parallel-4] r.n.http.server.HttpServerOperations : [2434ee65-19, L:/127.0.0.1:9091 - R:/127.0.0.1:62706] Last HTTP response frame
2026-03-15 10:12:24.022 DEBUG [parallel-4] r.n.http.server.HttpServerOperations : [2434ee65-19, L:/127.0.0.1:9091 - R:/127.0.0.1:62706] Headers are not sent before onComplete().
2026-03-15 10:12:24.022 DEBUG [reactor-http-nio-2] r.n.http.server.HttpServerOperations : [2434ee65-19, L:/127.0.0.1:9091 - R:/127.0.0.1:62706] Decreasing pending responses count: 0
2026-03-15 10:12:24.022 DEBUG [reactor-http-nio-2] r.n.http.server.HttpServerOperations : [2434ee65-19, L:/127.0.0.1:9091 - R:/127.0.0.1:62706] Last HTTP packet was sent, terminating the channel
2026-03-15 10:12:33.406 DEBUG [DiscoveryClient-CacheRefreshExecutor-%d] o.s.web.client.RestTemplate : HTTP GET http://localhost:8761/eureka/apps/delta
2026-03-15 10:12:33.406 DEBUG [DiscoveryClient-CacheRefreshExecutor-%d] o.s.web.client.RestTemplate : Accept=[application/json, application/*+json]
2026-03-15 10:12:33.423 DEBUG [DiscoveryClient-CacheRefreshExecutor-%d] o.s.web.client.RestTemplate : Response 200 OK
2026-03-15 10:12:33.424 DEBUG [DiscoveryClient-CacheRefreshExecutor-%d] o.s.web.client.RestTemplate : Reading to [org.springframework.cloud.netflix.eureka.http.EurekaApplications]
2026-03-15 10:12:33.687 DEBUG [DiscoveryClient-HeartbeatExecutor-%d] o.s.web.client.RestTemplate : HTTP PUT http://localhost:8761/eureka/apps/BANK-SERVICE/bank-service:9091?status=UP&lastDirtyTimestamp=1773547698241
2026-03-15 10:12:33.687 DEBUG [DiscoveryClient-HeartbeatExecutor-%d] o.s.web.client.RestTemplate : Accept=[application/json, application/*+json]
2026-03-15 10:12:33.705 DEBUG [DiscoveryClient-HeartbeatExecutor-%d] o.s.web.client.RestTemplate : Response 200 OK
2026-03-15 10:12:37.835 DEBUG [reactor-http-nio-2] r.n.http.server.HttpServerOperations : [2434ee65, L:/127.0.0.1:9091 - R:/127.0.0.1:62706] Increasing pending responses count: 1
2026-03-15 10:12:37.836 DEBUG [reactor-http-nio-2] r.netty.http.server.HttpServer : [2434ee65-20, L:/127.0.0.1:9091 - R:/127.0.0.1:62706] Handler is being applied: org.springframework.http.server.reactive.ReactorHttpHandlerAdapter@40f658de
2026-03-15 10:12:37.836 DEBUG [reactor-http-nio-2] o.s.w.s.a.HttpWebHandlerAdapter : [2434ee65-20] HTTP GET "/internal/actuator/prometheus"
2026-03-15 10:12:37.837 DEBUG [parallel-5] o.s.w.s.s.DefaultWebSessionManager : Created new WebSession.
2026-03-15 10:12:37.837 DEBUG [parallel-5] o.s.s.w.s.u.m.OrServerWebExchangeMatcher : Trying to match using PathMatcherServerWebExchangeMatcher{pattern='/logout', method=POST}
2026-03-15 10:12:37.837 DEBUG [parallel-5] o.s.s.w.s.u.m.PathPatternParserServerWebExchangeMatcher : Request 'GET /internal/actuator/prometheus' doesn't match 'POST /logout'
2026-03-15 10:12:37.838 DEBUG [parallel-5] o.s.s.w.s.u.m.OrServerWebExchangeMatcher : No matches found
2026-03-15 10:12:37.838 DEBUG [parallel-5] o.s.s.w.s.u.m.OrServerWebExchangeMatcher : Trying to match using PathMatcherServerWebExchangeMatcher{pattern='/actuator/**', method=null}
2026-03-15 10:12:37.838 DEBUG [parallel-5] o.s.s.w.s.u.m.PathPatternParserServerWebExchangeMatcher : Request 'GET /internal/actuator/prometheus' doesn't match 'null /actuator/**'
2026-03-15 10:12:37.838 DEBUG [parallel-5] o.s.s.w.s.u.m.OrServerWebExchangeMatcher : No matches found
2026-03-15 10:12:37.838 DEBUG [parallel-5] o.s.s.w.s.a.DelegatingReactiveAuthorizationManager : Checking authorization on '/internal/actuator/prometheus' using org.springframework.security.authorization.AuthenticatedReactiveAuthorizationManager@268eaebc
2026-03-15 10:12:37.838 DEBUG [parallel-5] o.s.s.w.s.c.WebSessionServerSecurityContextRepository : No SecurityContext found in WebSession: 'org.springframework.web.server.session.InMemoryWebSessionStore$InMemoryWebSession@bd71277'
2026-03-15 10:12:37.838 DEBUG [parallel-5] o.s.s.w.s.a.AuthorizationWebFilter : Authorization failed: Access Denied
2026-03-15 10:12:37.838 DEBUG [parallel-5] o.s.s.w.s.c.WebSessionServerSecurityContextRepository : No SecurityContext found in WebSession: 'org.springframework.web.server.session.InMemoryWebSessionStore$InMemoryWebSession@bd71277'
2026-03-15 10:12:37.838 DEBUG [parallel-5] o.s.w.s.a.HttpWebHandlerAdapter : [2434ee65-20] Completed 401 UNAUTHORIZED
2026-03-15 10:12:37.839 DEBUG [parallel-5] r.n.http.server.HttpServerOperations : [2434ee65-20, L:/127.0.0.1:9091 - R:/127.0.0.1:62706] Last HTTP response frame
2026-03-15 10:12:37.839 DEBUG [parallel-5] r.n.http.server.HttpServerOperations : [2434ee65-20, L:/127.0.0.1:9091 - R:/127.0.0.1:62706] Headers are not sent before onComplete().
2026-03-15 10:12:37.839 DEBUG [reactor-http-nio-2] r.n.http.server.HttpServerOperations : [2434ee65-20, L:/127.0.0.1:9091 - R:/127.0.0.1:62706] Decreasing pending responses count: 0
2026-03-15 10:12:37.839 DEBUG [reactor-http-nio-2] r.n.http.server.HttpServerOperations : [2434ee65-20, L:/127.0.0.1:9091 - R:/127.0.0.1:62706] Last HTTP packet was sent, terminating the channel
2026-03-15 10:12:48.711 DEBUG [DiscoveryClient-HeartbeatExecutor-%d] o.s.web.client.RestTemplate : HTTP PUT http://localhost:8761/eureka/apps/BANK-SERVICE/bank-service:9091?status=UP&lastDirtyTimestamp=1773547698241
2026-03-15 10:12:48.711 DEBUG [DiscoveryClient-HeartbeatExecutor-%d] o.s.web.client.RestTemplate : Accept=[application/json, application/*+json]
2026-03-15 10:12:48.728 DEBUG [DiscoveryClient-HeartbeatExecutor-%d] o.s.web.client.RestTemplate : Response 200 OK
2026-03-15 10:12:51.695 DEBUG [reactor-http-nio-2] r.n.http.server.HttpServerOperations : [2434ee65, L:/127.0.0.1:9091 - R:/127.0.0.1:62706] Increasing pending responses count: 1
2026-03-15 10:12:51.695 DEBUG [reactor-http-nio-2] r.netty.http.server.HttpServer : [2434ee65-21, L:/127.0.0.1:9091 - R:/127.0.0.1:62706] Handler is being applied: org.springframework.http.server.reactive.ReactorHttpHandlerAdapter@40f658de
2026-03-15 10:12:51.695 DEBUG [reactor-http-nio-2] o.s.w.s.a.HttpWebHandlerAdapter : [2434ee65-21] HTTP GET "/internal/actuator/prometheus"
2026-03-15 10:12:51.696 DEBUG [parallel-6] o.s.w.s.s.DefaultWebSessionManager : Created new WebSession.
2026-03-15 10:12:51.697 DEBUG [parallel-6] o.s.s.w.s.u.m.OrServerWebExchangeMatcher : Trying to match using PathMatcherServerWebExchangeMatcher{pattern='/logout', method=POST}
2026-03-15 10:12:51.697 DEBUG [parallel-6] o.s.s.w.s.u.m.PathPatternParserServerWebExchangeMatcher : Request 'GET /internal/actuator/prometheus' doesn't match 'POST /logout'
2026-03-15 10:12:51.697 DEBUG [parallel-6] o.s.s.w.s.u.m.OrServerWebExchangeMatcher : No matches found
2026-03-15 10:12:51.697 DEBUG [parallel-6] o.s.s.w.s.u.m.OrServerWebExchangeMatcher : Trying to match using PathMatcherServerWebExchangeMatcher{pattern='/actuator/**', method=null}
2026-03-15 10:12:51.697 DEBUG [parallel-6] o.s.s.w.s.u.m.PathPatternParserServerWebExchangeMatcher : Request 'GET /internal/actuator/prometheus' doesn't match 'null /actuator/**'
2026-03-15 10:12:51.697 DEBUG [parallel-6] o.s.s.w.s.u.m.OrServerWebExchangeMatcher : No matches found
2026-03-15 10:12:51.697 DEBUG [parallel-6] o.s.s.w.s.a.DelegatingReactiveAuthorizationManager : Checking authorization on '/internal/actuator/prometheus' using org.springframework.security.authorization.AuthenticatedReactiveAuthorizationManager@268eaebc
2026-03-15 10:12:51.697 DEBUG [parallel-6] o.s.s.w.s.c.WebSessionServerSecurityContextRepository : No SecurityContext found in WebSession: 'org.springframework.web.server.session.InMemoryWebSessionStore$InMemoryWebSession@b1be851'
2026-03-15 10:12:51.698 DEBUG [parallel-6] o.s.s.w.s.a.AuthorizationWebFilter : Authorization failed: Access Denied
2026-03-15 10:12:51.698 DEBUG [parallel-6] o.s.s.w.s.c.WebSessionServerSecurityContextRepository : No SecurityContext found in WebSession: 'org.springframework.web.server.session.InMemoryWebSessionStore$InMemoryWebSession@b1be851'
2026-03-15 10:12:51.698 DEBUG [parallel-6] o.s.w.s.a.HttpWebHandlerAdapter : [2434ee65-21] Completed 401 UNAUTHORIZED
2026-03-15 10:12:51.699 DEBUG [parallel-6] r.n.http.server.HttpServerOperations : [2434ee65-21, L:/127.0.0.1:9091 - R:/127.0.0.1:62706] Last HTTP response frame
2026-03-15 10:12:51.699 DEBUG [parallel-6] r.n.http.server.HttpServerOperations : [2434ee65-21, L:/127.0.0.1:9091 - R:/127.0.0.1:62706] Headers are not sent before onComplete().
2026-03-15 10:12:51.700 DEBUG [reactor-http-nio-2] r.n.http.server.HttpServerOperations : [2434ee65-21, L:/127.0.0.1:9091 - R:/127.0.0.1:62706] Decreasing pending responses count: 0
2026-03-15 10:12:51.701 DEBUG [reactor-http-nio-2] r.n.http.server.HttpServerOperations : [2434ee65-21, L:/127.0.0.1:9091 - R:/127.0.0.1:62706] Last HTTP packet was sent, terminating the channel
2026-03-15 10:13:02.856 INFO  [AsyncResolver-bootstrap-executor-%d] c.n.d.s.r.aws.ConfigClusterResolver : Resolving eureka endpoints via configuration
2026-03-15 10:13:03.438 DEBUG [DiscoveryClient-CacheRefreshExecutor-%d] o.s.web.client.RestTemplate : HTTP GET http://localhost:8761/eureka/apps/delta
2026-03-15 10:13:03.439 DEBUG [DiscoveryClient-CacheRefreshExecutor-%d] o.s.web.client.RestTemplate : Accept=[application/json, application/*+json]
2026-03-15 10:13:03.458 DEBUG [DiscoveryClient-CacheRefreshExecutor-%d] o.s.web.client.RestTemplate : Response 200 OK
2026-03-15 10:13:03.458 DEBUG [DiscoveryClient-CacheRefreshExecutor-%d] o.s.web.client.RestTemplate : Reading to [org.springframework.cloud.netflix.eureka.http.EurekaApplications]
2026-03-15 10:13:03.734 DEBUG [DiscoveryClient-HeartbeatExecutor-%d] o.s.web.client.RestTemplate : HTTP PUT http://localhost:8761/eureka/apps/BANK-SERVICE/bank-service:9091?status=UP&lastDirtyTimestamp=1773547698241
2026-03-15 10:13:03.734 DEBUG [DiscoveryClient-HeartbeatExecutor-%d] o.s.web.client.RestTemplate : Accept=[application/json, application/*+json]
2026-03-15 10:13:03.752 DEBUG [DiscoveryClient-HeartbeatExecutor-%d] o.s.web.client.RestTemplate : Response 200 OK
2026-03-15 10:13:05.546 DEBUG [reactor-http-nio-2] r.n.http.server.HttpServerOperations : [2434ee65, L:/127.0.0.1:9091 - R:/127.0.0.1:62706] Increasing pending responses count: 1
2026-03-15 10:13:05.546 DEBUG [reactor-http-nio-2] r.netty.http.server.HttpServer : [2434ee65-22, L:/127.0.0.1:9091 - R:/127.0.0.1:62706] Handler is being applied: org.springframework.http.server.reactive.ReactorHttpHandlerAdapter@40f658de
2026-03-15 10:13:05.547 DEBUG [reactor-http-nio-2] o.s.w.s.a.HttpWebHandlerAdapter : [2434ee65-22] HTTP GET "/internal/actuator/prometheus"
2026-03-15 10:13:05.547 DEBUG [parallel-7] o.s.w.s.s.DefaultWebSessionManager : Created new WebSession.
2026-03-15 10:13:05.548 DEBUG [parallel-7] o.s.s.w.s.u.m.OrServerWebExchangeMatcher : Trying to match using PathMatcherServerWebExchangeMatcher{pattern='/logout', method=POST}
2026-03-15 10:13:05.548 DEBUG [parallel-7] o.s.s.w.s.u.m.PathPatternParserServerWebExchangeMatcher : Request 'GET /internal/actuator/prometheus' doesn't match 'POST /logout'
2026-03-15 10:13:05.548 DEBUG [parallel-7] o.s.s.w.s.u.m.OrServerWebExchangeMatcher : No matches found
2026-03-15 10:13:05.548 DEBUG [parallel-7] o.s.s.w.s.u.m.OrServerWebExchangeMatcher : Trying to match using PathMatcherServerWebExchangeMatcher{pattern='/actuator/**', method=null}
2026-03-15 10:13:05.548 DEBUG [parallel-7] o.s.s.w.s.u.m.PathPatternParserServerWebExchangeMatcher : Request 'GET /internal/actuator/prometheus' doesn't match 'null /actuator/**'
2026-03-15 10:13:05.548 DEBUG [parallel-7] o.s.s.w.s.u.m.OrServerWebExchangeMatcher : No matches found
2026-03-15 10:13:05.548 DEBUG [parallel-7] o.s.s.w.s.a.DelegatingReactiveAuthorizationManager : Checking authorization on '/internal/actuator/prometheus' using org.springframework.security.authorization.AuthenticatedReactiveAuthorizationManager@268eaebc
2026-03-15 10:13:05.548 DEBUG [parallel-7] o.s.s.w.s.c.WebSessionServerSecurityContextRepository : No SecurityContext found in WebSession: 'org.springframework.web.server.session.InMemoryWebSessionStore$InMemoryWebSession@48e9c8c1'
2026-03-15 10:13:05.548 DEBUG [parallel-7] o.s.s.w.s.a.AuthorizationWebFilter : Authorization failed: Access Denied
2026-03-15 10:13:05.548 DEBUG [parallel-7] o.s.s.w.s.c.WebSessionServerSecurityContextRepository : No SecurityContext found in WebSession: 'org.springframework.web.server.session.InMemoryWebSessionStore$InMemoryWebSession@48e9c8c1'
2026-03-15 10:13:05.548 DEBUG [parallel-7] o.s.w.s.a.HttpWebHandlerAdapter : [2434ee65-22] Completed 401 UNAUTHORIZED
2026-03-15 10:13:05.549 DEBUG [parallel-7] r.n.http.server.HttpServerOperations : [2434ee65-22, L:/127.0.0.1:9091 - R:/127.0.0.1:62706] Last HTTP response frame
2026-03-15 10:13:05.549 DEBUG [parallel-7] r.n.http.server.HttpServerOperations : [2434ee65-22, L:/127.0.0.1:9091 - R:/127.0.0.1:62706] Headers are not sent before onComplete().
2026-03-15 10:13:05.549 DEBUG [reactor-http-nio-2] r.n.http.server.HttpServerOperations : [2434ee65-22, L:/127.0.0.1:9091 - R:/127.0.0.1:62706] Decreasing pending responses count: 0
2026-03-15 10:13:05.549 DEBUG [reactor-http-nio-2] r.n.http.server.HttpServerOperations : [2434ee65-22, L:/127.0.0.1:9091 - R:/127.0.0.1:62706] Last HTTP packet was sent, terminating the channel
2026-03-15 10:13:18.380 INFO  [SpringApplicationShutdownHook] o.s.c.n.e.s.EurekaServiceRegistry : Unregistering application BANK-SERVICE with eureka with status DOWN
2026-03-15 10:13:18.380 INFO  [SpringApplicationShutdownHook] c.netflix.discovery.DiscoveryClient : Saw local status change event StatusChangeEvent [timestamp=1773547998380, current=DOWN, previous=UP]
2026-03-15 10:13:18.380 INFO  [DiscoveryClient-InstanceInfoReplicator-%d] c.netflix.discovery.DiscoveryClient : DiscoveryClient_BANK-SERVICE/bank-service:9091: registering service...
2026-03-15 10:13:18.380 DEBUG [DiscoveryClient-InstanceInfoReplicator-%d] o.s.web.client.RestTemplate : HTTP POST http://localhost:8761/eureka/apps/BANK-SERVICE
2026-03-15 10:13:18.381 DEBUG [DiscoveryClient-InstanceInfoReplicator-%d] o.s.web.client.RestTemplate : Accept=[application/json, application/*+json]
2026-03-15 10:13:18.381 DEBUG [DiscoveryClient-InstanceInfoReplicator-%d] o.s.web.client.RestTemplate : Writing [InstanceInfo [instanceId = bank-service:9091, appName = BANK-SERVICE, hostName = 192.168.1.136, status = DOWN, ipAddr = 192.168.1.136, port = 9091, securePort = 443, dataCenterInfo = com.netflix.appinfo.MyDataCenterInfo@5de13c89] as "application/json"
2026-03-15 10:13:18.382 DEBUG [SpringApplicationShutdownHook] n.d.b.g.s.s.GrpcServerLifecycle : Initiating gRPC server shutdown
2026-03-15 10:13:18.388 INFO  [SpringApplicationShutdownHook] n.d.b.g.s.s.GrpcServerLifecycle : Completed gRPC server shutdown
2026-03-15 10:13:18.389 DEBUG [SpringApplicationShutdownHook] o.s.a.r.l.SimpleMessageListenerContainer : Shutting down Rabbit listener container
2026-03-15 10:13:18.396 DEBUG [SpringApplicationShutdownHook] o.s.a.r.l.SimpleMessageListenerContainer : Shutting down Rabbit listener container
2026-03-15 10:13:18.396 DEBUG [pool-5-thread-5] o.s.a.r.l.BlockingQueueConsumer : Received cancelOk for tag amq.ctag-6RndWP2WOUozPvPDtl_gkA (bank.account.create.queue); Consumer@720b52a7: tags=[[amq.ctag-6RndWP2WOUozPvPDtl_gkA]], channel=Cached Rabbit Channel: PublisherCallbackChannelImpl: AMQChannel(amqp://fundtransfer@127.0.0.1:5672/fundtransfer,1), conn: Proxy@7abc838a Shared Rabbit Connection: SimpleConnection@196f9b75 [delegate=amqp://fundtransfer@127.0.0.1:5672/fundtransfer, localPort=62680], acknowledgeMode=MANUAL local queue size=0
2026-03-15 10:13:18.396 INFO  [org.springframework.amqp.rabbit.RabbitListenerEndpointContainer#0-2] o.s.a.r.l.SimpleMessageListenerContainer : Waiting for workers to finish.
2026-03-15 10:13:18.396 DEBUG [DiscoveryClient-InstanceInfoReplicator-%d] o.s.web.client.RestTemplate : Response 204 NO_CONTENT
2026-03-15 10:13:18.397 INFO  [DiscoveryClient-InstanceInfoReplicator-%d] c.netflix.discovery.DiscoveryClient : DiscoveryClient_BANK-SERVICE/bank-service:9091 - registration status: 204
2026-03-15 10:13:18.398 DEBUG [pool-5-thread-6] o.s.a.r.l.BlockingQueueConsumer : Received cancelOk for tag amq.ctag-9UXfwVb95d-FI3PHyzs8nw (bank.account.update.queue); Consumer@2aabd5a0: tags=[[amq.ctag-9UXfwVb95d-FI3PHyzs8nw]], channel=Cached Rabbit Channel: PublisherCallbackChannelImpl: AMQChannel(amqp://fundtransfer@127.0.0.1:5672/fundtransfer,2), conn: Proxy@7abc838a Shared Rabbit Connection: SimpleConnection@196f9b75 [delegate=amqp://fundtransfer@127.0.0.1:5672/fundtransfer, localPort=62680], acknowledgeMode=MANUAL local queue size=0
2026-03-15 10:13:18.399 INFO  [org.springframework.amqp.rabbit.RabbitListenerEndpointContainer#1-2] o.s.a.r.l.SimpleMessageListenerContainer : Waiting for workers to finish.
2026-03-15 10:13:18.499 INFO  [org.springframework.amqp.rabbit.RabbitListenerEndpointContainer#0-2] o.s.a.r.l.SimpleMessageListenerContainer : Successfully waited for workers to finish.
2026-03-15 10:13:18.499 DEBUG [org.springframework.amqp.rabbit.RabbitListenerEndpointContainer#0-1] o.s.a.r.l.SimpleMessageListenerContainer : Cancelling Consumer@720b52a7: tags=[[amq.ctag-6RndWP2WOUozPvPDtl_gkA]], channel=Cached Rabbit Channel: PublisherCallbackChannelImpl: AMQChannel(amqp://fundtransfer@127.0.0.1:5672/fundtransfer,1), conn: Proxy@7abc838a Shared Rabbit Connection: SimpleConnection@196f9b75 [delegate=amqp://fundtransfer@127.0.0.1:5672/fundtransfer, localPort=62680], acknowledgeMode=MANUAL local queue size=0
2026-03-15 10:13:18.499 DEBUG [org.springframework.amqp.rabbit.RabbitListenerEndpointContainer#0-1] o.s.a.r.l.BlockingQueueConsumer : Closing Rabbit Channel: Cached Rabbit Channel: PublisherCallbackChannelImpl: AMQChannel(amqp://fundtransfer@127.0.0.1:5672/fundtransfer,1), conn: Proxy@7abc838a Shared Rabbit Connection: SimpleConnection@196f9b75 [delegate=amqp://fundtransfer@127.0.0.1:5672/fundtransfer, localPort=62680]
2026-03-15 10:13:18.499 DEBUG [org.springframework.amqp.rabbit.RabbitListenerEndpointContainer#0-1] o.s.a.r.c.CachingConnectionFactory : Closing cached Channel: PublisherCallbackChannelImpl: AMQChannel(amqp://fundtransfer@127.0.0.1:5672/fundtransfer,1)
2026-03-15 10:13:18.500 DEBUG [rabbitConnectionFactory1] o.s.a.r.c.PublisherCallbackChannelImpl : Closing AMQChannel(amqp://fundtransfer@127.0.0.1:5672/fundtransfer,1)
2026-03-15 10:13:18.504 DEBUG [rabbitConnectionFactory2] o.s.amqp.rabbit.core.RabbitTemplate : Removed publisher confirm channel: PublisherCallbackChannelImpl: AMQChannel(amqp://fundtransfer@127.0.0.1:5672/fundtransfer,1) from map, size now 1
2026-03-15 10:13:18.504 DEBUG [rabbitConnectionFactory2] o.s.a.r.c.PublisherCallbackChannelImpl : PendingConfirms cleared
2026-03-15 10:13:18.504 DEBUG [rabbitConnectionFactory3] o.s.a.r.c.PublisherCallbackChannelImpl : PendingConfirms cleared
2026-03-15 10:13:18.764 DEBUG [DiscoveryClient-HeartbeatExecutor-%d] o.s.web.client.RestTemplate : HTTP PUT http://localhost:8761/eureka/apps/BANK-SERVICE/bank-service:9091?status=DOWN&lastDirtyTimestamp=1773547998380
2026-03-15 10:13:18.764 DEBUG [DiscoveryClient-HeartbeatExecutor-%d] o.s.web.client.RestTemplate : Accept=[application/json, application/*+json]
2026-03-15 10:13:18.768 DEBUG [DiscoveryClient-HeartbeatExecutor-%d] o.s.web.client.RestTemplate : Response 200 OK
2026-03-15 10:13:19.123 INFO  [org.springframework.amqp.rabbit.RabbitListenerEndpointContainer#1-2] o.s.a.r.l.SimpleMessageListenerContainer : Successfully waited for workers to finish.
2026-03-15 10:13:19.123 DEBUG [org.springframework.amqp.rabbit.RabbitListenerEndpointContainer#1-1] o.s.a.r.l.SimpleMessageListenerContainer : Cancelling Consumer@2aabd5a0: tags=[[amq.ctag-9UXfwVb95d-FI3PHyzs8nw]], channel=Cached Rabbit Channel: PublisherCallbackChannelImpl: AMQChannel(amqp://fundtransfer@127.0.0.1:5672/fundtransfer,2), conn: Proxy@7abc838a Shared Rabbit Connection: SimpleConnection@196f9b75 [delegate=amqp://fundtransfer@127.0.0.1:5672/fundtransfer, localPort=62680], acknowledgeMode=MANUAL local queue size=0
2026-03-15 10:13:19.123 DEBUG [org.springframework.amqp.rabbit.RabbitListenerEndpointContainer#1-1] o.s.a.r.l.BlockingQueueConsumer : Closing Rabbit Channel: Cached Rabbit Channel: PublisherCallbackChannelImpl: AMQChannel(amqp://fundtransfer@127.0.0.1:5672/fundtransfer,2), conn: Proxy@7abc838a Shared Rabbit Connection: SimpleConnection@196f9b75 [delegate=amqp://fundtransfer@127.0.0.1:5672/fundtransfer, localPort=62680]
2026-03-15 10:13:19.123 DEBUG [org.springframework.amqp.rabbit.RabbitListenerEndpointContainer#1-1] o.s.a.r.c.CachingConnectionFactory : Closing cached Channel: PublisherCallbackChannelImpl: AMQChannel(amqp://fundtransfer@127.0.0.1:5672/fundtransfer,2)
2026-03-15 10:13:19.123 DEBUG [rabbitConnectionFactory3] o.s.a.r.c.PublisherCallbackChannelImpl : Closing AMQChannel(amqp://fundtransfer@127.0.0.1:5672/fundtransfer,2)
2026-03-15 10:13:19.124 INFO  [SpringApplicationShutdownHook] o.s.b.w.e.netty.GracefulShutdown : Commencing graceful shutdown. Waiting for active requests to complete
2026-03-15 10:13:19.126 DEBUG [rabbitConnectionFactory2] o.s.amqp.rabbit.core.RabbitTemplate : Removed publisher confirm channel: PublisherCallbackChannelImpl: AMQChannel(amqp://fundtransfer@127.0.0.1:5672/fundtransfer,2) from map, size now 0
2026-03-15 10:13:19.126 DEBUG [rabbitConnectionFactory2] o.s.a.r.c.PublisherCallbackChannelImpl : PendingConfirms cleared
2026-03-15 10:13:19.126 DEBUG [rabbitConnectionFactory1] o.s.a.r.c.PublisherCallbackChannelImpl : PendingConfirms cleared
2026-03-15 10:13:19.127 INFO  [netty-shutdown] o.s.b.w.e.netty.GracefulShutdown : Graceful shutdown complete
2026-03-15 10:13:21.179 DEBUG [SpringApplicationShutdownHook] o.s.a.r.l.SimpleMessageListenerContainer : Shutdown ignored - container is not active already
2026-03-15 10:13:21.179 DEBUG [SpringApplicationShutdownHook] o.s.a.r.l.SimpleMessageListenerContainer : Shutdown ignored - container is not active already
2026-03-15 10:13:21.188 INFO  [SpringApplicationShutdownHook] c.netflix.discovery.DiscoveryClient : Shutting down DiscoveryClient ...
2026-03-15 10:13:24.195 INFO  [SpringApplicationShutdownHook] c.netflix.discovery.DiscoveryClient : Unregistering ...
2026-03-15 10:13:24.195 DEBUG [SpringApplicationShutdownHook] o.s.web.client.RestTemplate : HTTP DELETE http://localhost:8761/eureka/apps/BANK-SERVICE/bank-service:9091
2026-03-15 10:13:24.195 DEBUG [SpringApplicationShutdownHook] o.s.web.client.RestTemplate : Accept=[application/json, application/*+json]
2026-03-15 10:13:24.212 DEBUG [SpringApplicationShutdownHook] o.s.web.client.RestTemplate : Response 200 OK
2026-03-15 10:13:24.213 INFO  [SpringApplicationShutdownHook] c.netflix.discovery.DiscoveryClient : DiscoveryClient_BANK-SERVICE/bank-service:9091 - deregister  status: 200
2026-03-15 10:13:24.213 INFO  [SpringApplicationShutdownHook] c.netflix.discovery.DiscoveryClient : Completed shut down of DiscoveryClient
2026-03-15 10:13:34.023 INFO  [main] c.f.t.b.s.FundTransferBankServiceApplication : Starting FundTransferBankServiceApplication using Java 21.0.9 with PID 24996 (D:\Learning\FundTransfer\FundTransfer\FundTransferBankService\target\classes started by CRYSTAL TECHNOLOGY in D:\Learning\FundTransfer\FundTransfer)
2026-03-15 10:13:34.024 DEBUG [main] c.f.t.b.s.FundTransferBankServiceApplication : Running with Spring Boot v3.4.1, Spring v6.2.1
2026-03-15 10:13:34.024 INFO  [main] c.f.t.b.s.FundTransferBankServiceApplication : The following 1 profile is active: "dev"
2026-03-15 10:13:35.116 INFO  [main] o.s.d.r.c.RepositoryConfigurationDelegate : Multiple Spring Data modules found, entering strict repository configuration mode
2026-03-15 10:13:35.119 INFO  [main] o.s.d.r.c.RepositoryConfigurationDelegate : Bootstrapping Spring Data R2DBC repositories in DEFAULT mode.
2026-03-15 10:13:35.309 INFO  [main] o.s.d.r.c.RepositoryConfigurationDelegate : Finished Spring Data repository scanning in 182 ms. Found 2 R2DBC repository interfaces.
2026-03-15 10:13:35.318 INFO  [main] o.s.d.r.c.RepositoryConfigurationDelegate : Multiple Spring Data modules found, entering strict repository configuration mode
2026-03-15 10:13:35.319 INFO  [main] o.s.d.r.c.RepositoryConfigurationDelegate : Bootstrapping Spring Data Redis repositories in DEFAULT mode.
2026-03-15 10:13:35.335 INFO  [main] o.s.d.r.c.RepositoryConfigurationExtensionSupport : Spring Data Redis - Could not safely identify store assignment for repository candidate interface com.fund.transfer.bank.service.data.bankaccount.BankAccountRepository; If you want this repository to be a Redis repository, consider annotating your entities with one of these annotations: org.springframework.data.redis.core.RedisHash (preferred), or consider extending one of the following types with your repository: org.springframework.data.keyvalue.repository.KeyValueRepository
2026-03-15 10:13:35.336 INFO  [main] o.s.d.r.c.RepositoryConfigurationExtensionSupport : Spring Data Redis - Could not safely identify store assignment for repository candidate interface com.fund.transfer.bank.service.data.bank.BankRepository; If you want this repository to be a Redis repository, consider annotating your entities with one of these annotations: org.springframework.data.redis.core.RedisHash (preferred), or consider extending one of the following types with your repository: org.springframework.data.keyvalue.repository.KeyValueRepository
2026-03-15 10:13:35.336 INFO  [main] o.s.d.r.c.RepositoryConfigurationDelegate : Finished Spring Data repository scanning in 10 ms. Found 0 Redis repository interfaces.
2026-03-15 10:13:35.460 INFO  [main] o.s.cloud.context.scope.GenericScope : BeanFactory id=0b790488-7bf5-3dbe-a449-ddc56089ec00
2026-03-15 10:13:35.859 DEBUG [main] io.r2dbc.postgresql.Extensions : Discovering Extensions using ServiceLoader
2026-03-15 10:13:35.860 DEBUG [main] io.r2dbc.postgresql.Extensions : Registering extension io.r2dbc.postgresql.codec.BuiltinDynamicCodecs
2026-03-15 10:13:36.366 INFO  [main] c.f.t.b.s.g.schema.SchemaInitializer : ╔══════════════════════════════════════════╗
2026-03-15 10:13:36.366 INFO  [main] c.f.t.b.s.g.schema.SchemaInitializer : ║   User Service Schema Initialization...  ║
2026-03-15 10:13:36.366 INFO  [main] c.f.t.b.s.g.schema.SchemaInitializer : ╚══════════════════════════════════════════╝
2026-03-15 10:13:36.366 INFO  [main] c.f.t.b.s.g.schema.SchemaInitializer : Checking schema 'banking_service'...
2026-03-15 10:13:36.467 INFO  [main] c.f.t.b.s.g.schema.SchemaInitializer : Schema 'banking_service' already exists — skipping
2026-03-15 10:13:36.769 INFO  [main] c.f.t.b.s.g.schema.LiquibaseConfig : Liquibase configured — schema: banking_service, changelog: classpath:db/changelog/db.changelog-master.xml
2026-03-15 10:13:37.279 DEBUG [main] liquibase.executor : Changelog query completed.
2026-03-15 10:13:37.283 INFO  [main] liquibase.changelog : Reading from banking_service.databasechangelog
2026-03-15 10:13:37.285 DEBUG [main] liquibase.executor : Changelog query completed.
2026-03-15 10:13:37.291 DEBUG [main] liquibase.executor : Changelog query completed.
2026-03-15 10:13:37.323 DEBUG [main] liquibase.changelog : Fast check found no un-run changesets
2026-03-15 10:13:37.324 INFO  [main] liquibase.ui : Database is up to date, no changesets to execute
2026-03-15 10:13:37.325 INFO  [main] liquibase.changelog : Reading from banking_service.databasechangelog
2026-03-15 10:13:37.326 DEBUG [main] liquibase.executor : Changelog query completed.
2026-03-15 10:13:37.331 INFO  [main] liquibase.util : UPDATE SUMMARY
2026-03-15 10:13:37.331 INFO  [main] liquibase.util : Run:                          0
2026-03-15 10:13:37.331 INFO  [main] liquibase.util : Previously run:               8
2026-03-15 10:13:37.331 INFO  [main] liquibase.util : Filtered out:                 0
2026-03-15 10:13:37.331 INFO  [main] liquibase.util : -------------------------------
2026-03-15 10:13:37.331 INFO  [main] liquibase.util : Total change sets:            8
2026-03-15 10:13:37.332 INFO  [main] liquibase.util : Update summary generated
2026-03-15 10:13:37.332 INFO  [main] liquibase.command : Command execution complete
2026-03-15 10:13:37.361 INFO  [main] o.s.b.a.s.r.ReactiveUserDetailsServiceAutoConfiguration : 

Using generated security password: b068951d-f249-420b-92b0-3899a3ca72ab

2026-03-15 10:13:37.454 DEBUG [main] o.s.w.r.r.m.a.RequestMappingHandlerMapping : 10 mappings in 'requestMappingHandlerMapping'
2026-03-15 10:13:37.472 INFO  [main] o.s.b.f.a.AutowiredAnnotationBeanPostProcessor : Inconsistent constructor declaration on bean with name '_reactiveMethodSecurityConfiguration': single autowire-marked constructor flagged as optional - this constructor is effectively required since there is no default constructor to fall back to: org.springframework.security.config.annotation.method.configuration.ReactiveAuthorizationManagerMethodSecurityConfiguration(org.springframework.security.access.expression.method.MethodSecurityExpressionHandler,org.springframework.beans.factory.ObjectProvider,org.springframework.beans.factory.ObjectProvider)
2026-03-15 10:13:37.743 INFO  [main] n.d.b.g.c.a.GrpcClientAutoConfiguration : Detected grpc-netty-shaded: Creating ShadedNettyChannelFactory + InProcessChannelFactory
2026-03-15 10:13:37.909 INFO  [main] o.s.b.a.e.web.EndpointLinksResolver : Exposing 4 endpoints beneath base path '/internal/actuator'
2026-03-15 10:13:37.947 DEBUG [main] o.s.w.r.r.m.a.ControllerMethodResolver : ControllerAdvice beans: 0 @ModelAttribute, 0 @InitBinder, 1 @ExceptionHandler
2026-03-15 10:13:37.972 DEBUG [main] o.s.w.s.a.HttpWebHandlerAdapter : enableLoggingRequestDetails='false': form data and headers will be masked to prevent unsafe logging of potentially sensitive data
2026-03-15 10:13:37.999 INFO  [main] o.s.c.n.e.c.DiscoveryClientOptionalArgsConfiguration : Eureka HTTP Client uses RestTemplate.
2026-03-15 10:13:38.014 DEBUG [main] n.d.b.g.s.a.GrpcServerMetricAutoConfiguration : Pre-Registering service metrics
2026-03-15 10:13:38.014 DEBUG [main] n.d.b.g.s.a.GrpcServerMetricAutoConfiguration : - com.fund.transfer.bank.service.global.grpc.service.BankAccountGrpcServer@651bec9a
2026-03-15 10:13:38.018 DEBUG [main] n.d.b.g.s.a.GrpcServerMetricAutoConfiguration : - io.grpc.protobuf.services.HealthServiceImpl@6f13ed1
2026-03-15 10:13:38.019 DEBUG [main] n.d.b.g.s.a.GrpcServerMetricAutoConfiguration : - io.grpc.protobuf.services.ProtoReflectionService@7053b64b
2026-03-15 10:13:38.025 INFO  [main] n.d.b.g.s.a.GrpcServerFactoryAutoConfiguration : Detected grpc-netty-shaded: Creating ShadedNettyGrpcServerFactory
2026-03-15 10:13:38.037 DEBUG [main] n.d.b.g.s.i.AnnotationGlobalServerInterceptorConfigurer : Registering GlobalServerInterceptor: metricCollectingServerInterceptor (io.micrometer.core.instrument.binder.grpc.MetricCollectingServerInterceptor@35ec3604)
2026-03-15 10:13:38.037 DEBUG [main] n.d.b.g.s.i.AnnotationGlobalServerInterceptorConfigurer : Registering GlobalServerInterceptor: grpcRequestScope (net.devh.boot.grpc.server.scope.GrpcRequestScope@ab5954d)
2026-03-15 10:13:38.037 DEBUG [main] n.d.b.g.s.i.AnnotationGlobalServerInterceptorConfigurer : Registering GlobalServerInterceptor: globalObservationGrpcServerInterceptorConfigurer (io.micrometer.core.instrument.binder.grpc.ObservationGrpcServerInterceptor@466f7259)
2026-03-15 10:13:38.042 DEBUG [main] n.d.b.g.s.s.AnnotationGrpcServiceDiscoverer : Found gRPC service: bank.account.BankAccountService, bean: bankAccountGrpcServer, class: com.fund.transfer.bank.service.global.grpc.service.BankAccountGrpcServer
2026-03-15 10:13:38.042 DEBUG [main] n.d.b.g.s.s.AnnotationGrpcServiceDiscoverer : Found gRPC service: grpc.health.v1.Health, bean: grpcHealthService, class: io.grpc.protobuf.services.HealthServiceImpl
2026-03-15 10:13:38.043 DEBUG [main] n.d.b.g.s.s.AnnotationGrpcServiceDiscoverer : Found gRPC service: grpc.reflection.v1alpha.ServerReflection, bean: protoReflectionService, class: io.grpc.protobuf.services.ProtoReflectionService
2026-03-15 10:13:38.353 WARN  [main] o.s.c.l.c.LoadBalancerCacheAutoConfiguration$LoadBalancerCaffeineWarnLogger : Spring Cloud LoadBalancer is currently working with the default cache. While this cache implementation is useful for development and tests, it's recommended to use Caffeine cache in production.You can switch to using Caffeine cache, by adding it and org.springframework.cache.caffeine.CaffeineCacheManager to the classpath.
2026-03-15 10:13:38.389 DEBUG [main] o.s.a.r.l.a.BatchMessagingMessageListenerAdapter : Inferred argument type for public void com.fund.transfer.bank.service.global.messaging.bankaccount.consumer.BankAccountEventConsumer.updateBankAccountConsume(java.util.List,com.rabbitmq.client.Channel) throws java.io.IOException is class org.springframework.amqp.core.Message
2026-03-15 10:13:38.396 DEBUG [main] o.s.a.r.l.SimpleMessageListenerContainer : No global properties bean
2026-03-15 10:13:38.396 DEBUG [main] o.s.a.r.l.SimpleMessageListenerContainer : No global properties bean
2026-03-15 10:13:38.397 DEBUG [main] o.s.a.r.l.a.MessagingMessageListenerAdapter : Inferred argument type for public void com.fund.transfer.bank.service.global.messaging.bankaccount.consumer.BankAccountEventConsumer.saveBankAccountConsume(com.fund.transfer.bank.service.global.messaging.bankaccount.model.BankAccountMessage,long,com.rabbitmq.client.Channel) throws java.io.IOException is class com.fund.transfer.bank.service.global.messaging.bankaccount.model.BankAccountMessage
2026-03-15 10:13:38.397 DEBUG [main] o.s.a.r.l.SimpleMessageListenerContainer : No global properties bean
2026-03-15 10:13:38.397 DEBUG [main] o.s.a.r.l.SimpleMessageListenerContainer : No global properties bean
2026-03-15 10:13:38.425 INFO  [main] o.s.c.n.eureka.InstanceInfoFactory : Setting initial instance status as: STARTING
2026-03-15 10:13:38.442 INFO  [main] c.netflix.discovery.DiscoveryClient : Initializing Eureka in region us-east-1
2026-03-15 10:13:38.446 INFO  [main] c.n.d.s.r.aws.ConfigClusterResolver : Resolving eureka endpoints via configuration
2026-03-15 10:13:38.452 INFO  [main] c.netflix.discovery.DiscoveryClient : Disable delta property : false
2026-03-15 10:13:38.452 INFO  [main] c.netflix.discovery.DiscoveryClient : Single vip registry refresh property : null
2026-03-15 10:13:38.452 INFO  [main] c.netflix.discovery.DiscoveryClient : Force full registry fetch : false
2026-03-15 10:13:38.452 INFO  [main] c.netflix.discovery.DiscoveryClient : Application is null : false
2026-03-15 10:13:38.452 INFO  [main] c.netflix.discovery.DiscoveryClient : Registered Applications size is zero : true
2026-03-15 10:13:38.452 INFO  [main] c.netflix.discovery.DiscoveryClient : Application version is -1: true
2026-03-15 10:13:38.452 INFO  [main] c.netflix.discovery.DiscoveryClient : Getting all instance registry info from the eureka server
2026-03-15 10:13:38.519 DEBUG [main] o.s.web.client.RestTemplate : HTTP GET http://localhost:8761/eureka/apps/
2026-03-15 10:13:38.590 DEBUG [main] o.s.web.client.RestTemplate : Accept=[application/json, application/*+json]
2026-03-15 10:13:38.638 DEBUG [main] o.s.web.client.RestTemplate : Response 200 OK
2026-03-15 10:13:38.640 DEBUG [main] o.s.web.client.RestTemplate : Reading to [org.springframework.cloud.netflix.eureka.http.EurekaApplications]
2026-03-15 10:13:38.669 INFO  [main] c.netflix.discovery.DiscoveryClient : The response status is 200
2026-03-15 10:13:38.671 INFO  [main] c.netflix.discovery.DiscoveryClient : Starting heartbeat executor: renew interval is: 15
2026-03-15 10:13:38.672 INFO  [main] c.n.discovery.InstanceInfoReplicator : InstanceInfoReplicator onDemand update allowed rate per min is 4
2026-03-15 10:13:38.673 INFO  [main] c.netflix.discovery.DiscoveryClient : Discovery Client initialized at timestamp 1773548018672 with initial instances count: 2
2026-03-15 10:13:38.677 INFO  [main] o.s.c.n.e.s.EurekaServiceRegistry : Registering application BANK-SERVICE with eureka with status UP
2026-03-15 10:13:38.678 INFO  [main] c.netflix.discovery.DiscoveryClient : Saw local status change event StatusChangeEvent [timestamp=1773548018678, current=UP, previous=STARTING]
2026-03-15 10:13:38.679 INFO  [DiscoveryClient-InstanceInfoReplicator-%d] c.netflix.discovery.DiscoveryClient : DiscoveryClient_BANK-SERVICE/bank-service:9091: registering service...
2026-03-15 10:13:38.682 DEBUG [DiscoveryClient-InstanceInfoReplicator-%d] o.s.web.client.RestTemplate : HTTP POST http://localhost:8761/eureka/apps/BANK-SERVICE
2026-03-15 10:13:38.685 DEBUG [DiscoveryClient-InstanceInfoReplicator-%d] o.s.web.client.RestTemplate : Accept=[application/json, application/*+json]
2026-03-15 10:13:38.695 DEBUG [DiscoveryClient-InstanceInfoReplicator-%d] o.s.web.client.RestTemplate : Writing [InstanceInfo [instanceId = bank-service:9091, appName = BANK-SERVICE, hostName = 192.168.1.136, status = UP, ipAddr = 192.168.1.136, port = 9091, securePort = 443, dataCenterInfo = com.netflix.appinfo.MyDataCenterInfo@449ab5f7] as "application/json"
2026-03-15 10:13:38.712 DEBUG [DiscoveryClient-InstanceInfoReplicator-%d] o.s.web.client.RestTemplate : Response 204 NO_CONTENT
2026-03-15 10:13:38.712 INFO  [DiscoveryClient-InstanceInfoReplicator-%d] c.netflix.discovery.DiscoveryClient : DiscoveryClient_BANK-SERVICE/bank-service:9091 - registration status: 204
2026-03-15 10:13:38.735 INFO  [main] o.s.b.w.e.netty.NettyWebServer : Netty started on port 9091 (http)
2026-03-15 10:13:38.736 INFO  [main] o.s.c.n.e.s.EurekaAutoServiceRegistration : Updating port to 9091
2026-03-15 10:13:38.798 INFO  [main] n.d.b.g.s.s.AbstractGrpcServerFactory : Registered gRPC service: bank.account.BankAccountService, bean: bankAccountGrpcServer, class: com.fund.transfer.bank.service.global.grpc.service.BankAccountGrpcServer
2026-03-15 10:13:38.798 INFO  [main] n.d.b.g.s.s.AbstractGrpcServerFactory : Registered gRPC service: grpc.health.v1.Health, bean: grpcHealthService, class: io.grpc.protobuf.services.HealthServiceImpl
2026-03-15 10:13:38.798 INFO  [main] n.d.b.g.s.s.AbstractGrpcServerFactory : Registered gRPC service: grpc.reflection.v1alpha.ServerReflection, bean: protoReflectionService, class: io.grpc.protobuf.services.ProtoReflectionService
2026-03-15 10:13:38.911 INFO  [main] n.d.b.g.s.s.GrpcServerLifecycle : gRPC Server started, listening on address: *, port: 9191
2026-03-15 10:13:38.913 DEBUG [main] o.s.a.r.l.SimpleMessageListenerContainer : Starting Rabbit listener container.
2026-03-15 10:13:38.916 INFO  [main] o.s.a.r.c.CachingConnectionFactory : Attempting to connect to: [localhost:5672]
2026-03-15 10:13:38.960 INFO  [main] o.s.a.r.c.CachingConnectionFactory : Created new connection: rabbitConnectionFactory#4b240276:0/SimpleConnection@4947b8a7 [delegate=amqp://fundtransfer@127.0.0.1:5672/fundtransfer, localPort=63102]
2026-03-15 10:13:38.964 DEBUG [main] o.s.amqp.rabbit.core.RabbitAdmin : Initializing declarations
2026-03-15 10:13:38.976 DEBUG [main] o.s.a.r.c.CachingConnectionFactory : Creating cached Rabbit Channel from PublisherCallbackChannelImpl: AMQChannel(amqp://fundtransfer@127.0.0.1:5672/fundtransfer,1)
2026-03-15 10:13:38.984 DEBUG [main] o.s.a.r.c.PublisherCallbackChannelImpl : Added listener org.springframework.amqp.rabbit.core.RabbitTemplate@5afb0a4f
2026-03-15 10:13:38.985 DEBUG [main] o.s.amqp.rabbit.core.RabbitTemplate : Added publisher confirm channel: Cached Rabbit Channel: PublisherCallbackChannelImpl: AMQChannel(amqp://fundtransfer@127.0.0.1:5672/fundtransfer,1), conn: Proxy@5345b68c Shared Rabbit Connection: SimpleConnection@4947b8a7 [delegate=amqp://fundtransfer@127.0.0.1:5672/fundtransfer, localPort=63102] to map, size now 1
2026-03-15 10:13:38.985 DEBUG [main] o.s.amqp.rabbit.core.RabbitTemplate : Executing callback RabbitAdmin$$Lambda/0x0000028daabd5ae0 on RabbitMQ Channel: Cached Rabbit Channel: PublisherCallbackChannelImpl: AMQChannel(amqp://fundtransfer@127.0.0.1:5672/fundtransfer,1), conn: Proxy@5345b68c Shared Rabbit Connection: SimpleConnection@4947b8a7 [delegate=amqp://fundtransfer@127.0.0.1:5672/fundtransfer, localPort=63102]
2026-03-15 10:13:38.985 DEBUG [main] o.s.amqp.rabbit.core.RabbitAdmin : declaring Exchange 'bank.account.exchange'
2026-03-15 10:13:38.988 DEBUG [main] o.s.amqp.rabbit.core.RabbitAdmin : declaring Queue 'bank.account.create.queue'
2026-03-15 10:13:38.992 DEBUG [main] o.s.amqp.rabbit.core.RabbitAdmin : declaring Queue 'bank.account.create.dlq'
2026-03-15 10:13:38.993 DEBUG [main] o.s.amqp.rabbit.core.RabbitAdmin : declaring Queue 'bank.account.update.queue'
2026-03-15 10:13:38.994 DEBUG [main] o.s.amqp.rabbit.core.RabbitAdmin : declaring Queue 'bank.account.update.dlq'
2026-03-15 10:13:38.997 DEBUG [main] o.s.amqp.rabbit.core.RabbitAdmin : Binding destination [bank.account.create.queue (QUEUE)] to exchange [bank.account.exchange] with routing key [bank.account.create]
2026-03-15 10:13:39.000 DEBUG [main] o.s.amqp.rabbit.core.RabbitAdmin : Binding destination [bank.account.create.dlq (QUEUE)] to exchange [bank.account.exchange] with routing key [bank.account.create.dead]
2026-03-15 10:13:39.002 DEBUG [main] o.s.amqp.rabbit.core.RabbitAdmin : Binding destination [bank.account.update.queue (QUEUE)] to exchange [bank.account.exchange] with routing key [bank.account.update]
2026-03-15 10:13:39.005 DEBUG [main] o.s.amqp.rabbit.core.RabbitAdmin : Binding destination [bank.account.update.dlq (QUEUE)] to exchange [bank.account.exchange] with routing key [bank.account.update.dead]
2026-03-15 10:13:39.009 DEBUG [main] o.s.amqp.rabbit.core.RabbitAdmin : Declarations finished
2026-03-15 10:13:39.020 DEBUG [org.springframework.amqp.rabbit.RabbitListenerEndpointContainer#0-1] o.s.amqp.rabbit.core.RabbitTemplate : Executing callback RabbitAdmin$$Lambda/0x0000028daabe4b38 on RabbitMQ Channel: Cached Rabbit Channel: PublisherCallbackChannelImpl: AMQChannel(amqp://fundtransfer@127.0.0.1:5672/fundtransfer,1), conn: Proxy@5345b68c Shared Rabbit Connection: SimpleConnection@4947b8a7 [delegate=amqp://fundtransfer@127.0.0.1:5672/fundtransfer, localPort=63102]
2026-03-15 10:13:39.024 DEBUG [org.springframework.amqp.rabbit.RabbitListenerEndpointContainer#0-1] o.s.a.r.l.BlockingQueueConsumer : Starting consumer Consumer@249c96cf: tags=[[]], channel=null, acknowledgeMode=MANUAL local queue size=0
2026-03-15 10:13:39.038 DEBUG [org.springframework.amqp.rabbit.RabbitListenerEndpointContainer#0-1] o.s.a.r.l.BlockingQueueConsumer : Started on queue 'bank.account.update.queue' with tag amq.ctag-CMYKq7rpAm_I9eNyLjfF6w: Consumer@249c96cf: tags=[[]], channel=Cached Rabbit Channel: PublisherCallbackChannelImpl: AMQChannel(amqp://fundtransfer@127.0.0.1:5672/fundtransfer,1), conn: Proxy@5345b68c Shared Rabbit Connection: SimpleConnection@4947b8a7 [delegate=amqp://fundtransfer@127.0.0.1:5672/fundtransfer, localPort=63102], acknowledgeMode=MANUAL local queue size=0
2026-03-15 10:13:39.038 DEBUG [pool-5-thread-3] o.s.a.r.l.BlockingQueueConsumer : ConsumeOK: Consumer@249c96cf: tags=[[amq.ctag-CMYKq7rpAm_I9eNyLjfF6w]], channel=Cached Rabbit Channel: PublisherCallbackChannelImpl: AMQChannel(amqp://fundtransfer@127.0.0.1:5672/fundtransfer,1), conn: Proxy@5345b68c Shared Rabbit Connection: SimpleConnection@4947b8a7 [delegate=amqp://fundtransfer@127.0.0.1:5672/fundtransfer, localPort=63102], acknowledgeMode=MANUAL local queue size=0
2026-03-15 10:13:39.038 DEBUG [main] o.s.a.r.l.SimpleMessageListenerContainer : Starting Rabbit listener container.
2026-03-15 10:13:39.045 DEBUG [org.springframework.amqp.rabbit.RabbitListenerEndpointContainer#1-1] o.s.a.r.c.CachingConnectionFactory : Creating cached Rabbit Channel from PublisherCallbackChannelImpl: AMQChannel(amqp://fundtransfer@127.0.0.1:5672/fundtransfer,2)
2026-03-15 10:13:39.045 DEBUG [org.springframework.amqp.rabbit.RabbitListenerEndpointContainer#1-1] o.s.a.r.c.PublisherCallbackChannelImpl : Added listener org.springframework.amqp.rabbit.core.RabbitTemplate@5afb0a4f
2026-03-15 10:13:39.045 DEBUG [org.springframework.amqp.rabbit.RabbitListenerEndpointContainer#1-1] o.s.amqp.rabbit.core.RabbitTemplate : Added publisher confirm channel: Cached Rabbit Channel: PublisherCallbackChannelImpl: AMQChannel(amqp://fundtransfer@127.0.0.1:5672/fundtransfer,2), conn: Proxy@5345b68c Shared Rabbit Connection: SimpleConnection@4947b8a7 [delegate=amqp://fundtransfer@127.0.0.1:5672/fundtransfer, localPort=63102] to map, size now 2
2026-03-15 10:13:39.046 DEBUG [org.springframework.amqp.rabbit.RabbitListenerEndpointContainer#1-1] o.s.amqp.rabbit.core.RabbitTemplate : Executing callback RabbitAdmin$$Lambda/0x0000028daabe4b38 on RabbitMQ Channel: Cached Rabbit Channel: PublisherCallbackChannelImpl: AMQChannel(amqp://fundtransfer@127.0.0.1:5672/fundtransfer,2), conn: Proxy@5345b68c Shared Rabbit Connection: SimpleConnection@4947b8a7 [delegate=amqp://fundtransfer@127.0.0.1:5672/fundtransfer, localPort=63102]
2026-03-15 10:13:39.051 DEBUG [org.springframework.amqp.rabbit.RabbitListenerEndpointContainer#1-1] o.s.a.r.l.BlockingQueueConsumer : Starting consumer Consumer@4cf5cf47: tags=[[]], channel=null, acknowledgeMode=MANUAL local queue size=0
2026-03-15 10:13:39.059 DEBUG [pool-5-thread-4] o.s.a.r.l.BlockingQueueConsumer : ConsumeOK: Consumer@4cf5cf47: tags=[[amq.ctag-yqEzCBYU34Rs19ORgKPI2g]], channel=Cached Rabbit Channel: PublisherCallbackChannelImpl: AMQChannel(amqp://fundtransfer@127.0.0.1:5672/fundtransfer,2), conn: Proxy@5345b68c Shared Rabbit Connection: SimpleConnection@4947b8a7 [delegate=amqp://fundtransfer@127.0.0.1:5672/fundtransfer, localPort=63102], acknowledgeMode=MANUAL local queue size=0
2026-03-15 10:13:39.059 DEBUG [org.springframework.amqp.rabbit.RabbitListenerEndpointContainer#1-1] o.s.a.r.l.BlockingQueueConsumer : Started on queue 'bank.account.create.queue' with tag amq.ctag-yqEzCBYU34Rs19ORgKPI2g: Consumer@4cf5cf47: tags=[[]], channel=Cached Rabbit Channel: PublisherCallbackChannelImpl: AMQChannel(amqp://fundtransfer@127.0.0.1:5672/fundtransfer,2), conn: Proxy@5345b68c Shared Rabbit Connection: SimpleConnection@4947b8a7 [delegate=amqp://fundtransfer@127.0.0.1:5672/fundtransfer, localPort=63102], acknowledgeMode=MANUAL local queue size=0
2026-03-15 10:13:39.075 INFO  [main] c.f.t.b.s.FundTransferBankServiceApplication : Started FundTransferBankServiceApplication in 5.413 seconds (process running for 6.211)
2026-03-15 10:13:39.358 DEBUG [RMI TCP Connection(4)-172.20.224.1] o.s.a.r.c.CachingConnectionFactory : Creating cached Rabbit Channel from PublisherCallbackChannelImpl: AMQChannel(amqp://fundtransfer@127.0.0.1:5672/fundtransfer,3)
2026-03-15 10:13:39.358 DEBUG [RMI TCP Connection(4)-172.20.224.1] o.s.a.r.c.PublisherCallbackChannelImpl : Added listener org.springframework.amqp.rabbit.core.RabbitTemplate@1cb19e59
2026-03-15 10:13:39.358 DEBUG [RMI TCP Connection(4)-172.20.224.1] o.s.amqp.rabbit.core.RabbitTemplate : Added publisher confirm channel: Cached Rabbit Channel: PublisherCallbackChannelImpl: AMQChannel(amqp://fundtransfer@127.0.0.1:5672/fundtransfer,3), conn: Proxy@5345b68c Shared Rabbit Connection: SimpleConnection@4947b8a7 [delegate=amqp://fundtransfer@127.0.0.1:5672/fundtransfer, localPort=63102] to map, size now 1
2026-03-15 10:13:39.358 DEBUG [RMI TCP Connection(4)-172.20.224.1] o.s.amqp.rabbit.core.RabbitTemplate : Executing callback RabbitHealthIndicator$$Lambda/0x0000028daabfdcc0 on RabbitMQ Channel: Cached Rabbit Channel: PublisherCallbackChannelImpl: AMQChannel(amqp://fundtransfer@127.0.0.1:5672/fundtransfer,3), conn: Proxy@5345b68c Shared Rabbit Connection: SimpleConnection@4947b8a7 [delegate=amqp://fundtransfer@127.0.0.1:5672/fundtransfer, localPort=63102]
2026-03-15 10:13:39.757 DEBUG [reactor-tcp-nio-1] i.r.p.client.ReactorNettyClient : [cid: 0x1] Request:  StartupMessage{, database='fund-transfer', username='fund-transfer'}
2026-03-15 10:13:39.768 DEBUG [reactor-tcp-nio-1] i.r.p.client.ReactorNettyClient : [cid: 0x1] Response: AuthenticationSASL{authenticationMechanisms=[SCRAM-SHA-256]}
2026-03-15 10:13:39.778 DEBUG [reactor-tcp-nio-1] i.r.p.client.ReactorNettyClient : [cid: 0x1] Request:  SASLInitialResponse{initialResponse=java.nio.HeapByteBuffer[pos=0 lim=45 cap=49], name='SCRAM-SHA-256'}
2026-03-15 10:13:39.780 DEBUG [reactor-tcp-nio-1] i.r.p.client.ReactorNettyClient : [cid: 0x1] Response: AuthenticationSASLContinue{data=java.nio.HeapByteBuffer[pos=0 lim=84 cap=84]}
2026-03-15 10:13:39.794 DEBUG [reactor-tcp-nio-1] i.r.p.client.ReactorNettyClient : [cid: 0x1] Request:  SASLResponse{data=java.nio.HeapByteBuffer[pos=0 lim=104 cap=114]}
2026-03-15 10:13:39.798 DEBUG [reactor-tcp-nio-1] i.r.p.client.ReactorNettyClient : [cid: 0x1] Response: AuthenticationSASLFinal{additionalData=java.nio.HeapByteBuffer[pos=0 lim=46 cap=46]}
2026-03-15 10:13:39.799 DEBUG [reactor-tcp-nio-1] i.r.p.client.ReactorNettyClient : [cid: 0x1] Response: AuthenticationOk{}
2026-03-15 10:13:39.799 DEBUG [reactor-tcp-nio-1] i.r.p.client.ReactorNettyClient : [cid: 0x1] Response: ParameterStatus{name='in_hot_standby', value='off'}
2026-03-15 10:13:39.799 DEBUG [reactor-tcp-nio-1] i.r.p.client.ReactorNettyClient : [cid: 0x1] Response: ParameterStatus{name='integer_datetimes', value='on'}
2026-03-15 10:13:39.799 DEBUG [reactor-tcp-nio-1] i.r.p.client.ReactorNettyClient : [cid: 0x1] Response: ParameterStatus{name='TimeZone', value='Asia/Dhaka'}
2026-03-15 10:13:39.800 DEBUG [reactor-tcp-nio-1] i.r.p.client.ReactorNettyClient : [cid: 0x1] Response: ParameterStatus{name='IntervalStyle', value='postgres'}
2026-03-15 10:13:39.800 DEBUG [reactor-tcp-nio-1] i.r.p.client.ReactorNettyClient : [cid: 0x1] Response: ParameterStatus{name='search_path', value='banking_service'}
2026-03-15 10:13:39.800 DEBUG [reactor-tcp-nio-1] i.r.p.client.ReactorNettyClient : [cid: 0x1] Response: ParameterStatus{name='is_superuser', value='off'}
2026-03-15 10:13:39.800 DEBUG [reactor-tcp-nio-1] i.r.p.client.ReactorNettyClient : [cid: 0x1] Response: ParameterStatus{name='application_name', value='r2dbc-postgresql'}
2026-03-15 10:13:39.801 DEBUG [reactor-tcp-nio-1] i.r.p.client.ReactorNettyClient : [cid: 0x1] Response: ParameterStatus{name='default_transaction_read_only', value='off'}
2026-03-15 10:13:39.801 DEBUG [reactor-tcp-nio-1] i.r.p.client.ReactorNettyClient : [cid: 0x1] Response: ParameterStatus{name='scram_iterations', value='4096'}
2026-03-15 10:13:39.801 DEBUG [reactor-tcp-nio-1] i.r.p.client.ReactorNettyClient : [cid: 0x1] Response: ParameterStatus{name='DateStyle', value='ISO, MDY'}
2026-03-15 10:13:39.801 DEBUG [reactor-tcp-nio-1] i.r.p.client.ReactorNettyClient : [cid: 0x1] Response: ParameterStatus{name='standard_conforming_strings', value='on'}
2026-03-15 10:13:39.801 DEBUG [reactor-tcp-nio-1] i.r.p.client.ReactorNettyClient : [cid: 0x1] Response: ParameterStatus{name='session_authorization', value='fund-transfer'}
2026-03-15 10:13:39.801 DEBUG [reactor-tcp-nio-1] i.r.p.client.ReactorNettyClient : [cid: 0x1] Response: ParameterStatus{name='client_encoding', value='UTF8'}
2026-03-15 10:13:39.801 DEBUG [reactor-tcp-nio-1] i.r.p.client.ReactorNettyClient : [cid: 0x1] Response: ParameterStatus{name='server_version', value='18.0'}
2026-03-15 10:13:39.801 DEBUG [reactor-tcp-nio-1] i.r.p.client.ReactorNettyClient : [cid: 0x1] Response: ParameterStatus{name='server_encoding', value='UTF8'}
2026-03-15 10:13:39.802 DEBUG [reactor-tcp-nio-1] i.r.p.client.ReactorNettyClient : [cid: 0x1] Response: BackendKeyData{processId=12684, secretKey=-1362059922}
2026-03-15 10:13:39.802 DEBUG [reactor-tcp-nio-1] i.r.p.client.ReactorNettyClient : [cid: 0x1][pid: 12684] Response: ReadyForQuery{transactionStatus=IDLE}
2026-03-15 10:13:39.849 DEBUG [reactor-tcp-nio-1] io.r2dbc.postgresql.QUERY : [cid: 0x1][pid: 12684] Executing query: SHOW TRANSACTION ISOLATION LEVEL
2026-03-15 10:13:39.849 DEBUG [reactor-tcp-nio-1] i.r.p.client.ReactorNettyClient : [cid: 0x1][pid: 12684] Request:  Query{query='SHOW TRANSACTION ISOLATION LEVEL'}
2026-03-15 10:13:39.851 DEBUG [reactor-tcp-nio-1] i.r.p.client.ReactorNettyClient : [cid: 0x1][pid: 12684] Response: RowDescription{fields=[Field{column=0, dataType=25, dataTypeModifier=-1, dataTypeSize=-1, format=FORMAT_TEXT, name='transaction_isolation', table=0}]}
2026-03-15 10:13:39.854 DEBUG [reactor-tcp-nio-1] i.r.p.client.ReactorNettyClient : [cid: 0x1][pid: 12684] Response: DataRow{columns=[PooledSlicedByteBuf(ridx: 0, widx: 14, cap: 14/14, unwrapped: PooledUnsafeDirectByteBuf(ridx: 72, widx: 88, cap: 1024))]}
2026-03-15 10:13:39.857 DEBUG [reactor-tcp-nio-1] i.r.p.client.ReactorNettyClient : [cid: 0x1][pid: 12684] Response: CommandComplete{command=SHOW, rowId=null, rows=null}
2026-03-15 10:13:39.857 DEBUG [reactor-tcp-nio-1] i.r.p.client.ReactorNettyClient : [cid: 0x1][pid: 12684] Response: ReadyForQuery{transactionStatus=IDLE}
2026-03-15 10:13:39.859 DEBUG [reactor-tcp-nio-1] io.r2dbc.postgresql.QUERY : [cid: 0x1][pid: 12684] Executing query: SELECT oid, * FROM pg_catalog.pg_type WHERE typname IN ('hstore','geometry','vector')
2026-03-15 10:13:39.860 DEBUG [reactor-tcp-nio-1] i.r.p.client.ReactorNettyClient : [cid: 0x1][pid: 12684] Request:  Query{query='SELECT oid, * FROM pg_catalog.pg_type WHERE typname IN ('hstore','geometry','vector')'}
2026-03-15 10:13:39.864 DEBUG [reactor-tcp-nio-1] i.r.p.client.ReactorNettyClient : [cid: 0x1][pid: 12684] Response: RowDescription{fields=[Field{column=1, dataType=26, dataTypeModifier=-1, dataTypeSize=4, format=FORMAT_TEXT, name='oid', table=1247}, Field{column=1, dataType=26, dataTypeModifier=-1, dataTypeSize=4, format=FORMAT_TEXT, name='oid', table=1247}, Field{column=2, dataType=19, dataTypeModifier=-1, dataTypeSize=64, format=FORMAT_TEXT, name='typname', table=1247}, Field{column=3, dataType=26, dataTypeModifier=-1, dataTypeSize=4, format=FORMAT_TEXT, name='typnamespace', table=1247}, Field{column=4, dataType=26, dataTypeModifier=-1, dataTypeSize=4, format=FORMAT_TEXT, name='typowner', table=1247}, Field{column=5, dataType=21, dataTypeModifier=-1, dataTypeSize=2, format=FORMAT_TEXT, name='typlen', table=1247}, Field{column=6, dataType=16, dataTypeModifier=-1, dataTypeSize=1, format=FORMAT_TEXT, name='typbyval', table=1247}, Field{column=7, dataType=18, dataTypeModifier=-1, dataTypeSize=1, format=FORMAT_TEXT, name='typtype', table=1247}, Field{column=8, dataType=18, dataTypeModifier=-1, dataTypeSize=1, format=FORMAT_TEXT, name='typcategory', table=1247}, Field{column=9, dataType=16, dataTypeModifier=-1, dataTypeSize=1, format=FORMAT_TEXT, name='typispreferred', table=1247}, Field{column=10, dataType=16, dataTypeModifier=-1, dataTypeSize=1, format=FORMAT_TEXT, name='typisdefined', table=1247}, Field{column=11, dataType=18, dataTypeModifier=-1, dataTypeSize=1, format=FORMAT_TEXT, name='typdelim', table=1247}, Field{column=12, dataType=26, dataTypeModifier=-1, dataTypeSize=4, format=FORMAT_TEXT, name='typrelid', table=1247}, Field{column=13, dataType=24, dataTypeModifier=-1, dataTypeSize=4, format=FORMAT_TEXT, name='typsubscript', table=1247}, Field{column=14, dataType=26, dataTypeModifier=-1, dataTypeSize=4, format=FORMAT_TEXT, name='typelem', table=1247}, Field{column=15, dataType=26, dataTypeModifier=-1, dataTypeSize=4, format=FORMAT_TEXT, name='typarray', table=1247}, Field{column=16, dataType=24, dataTypeModifier=-1, dataTypeSize=4, format=FORMAT_TEXT, name='typinput', table=1247}, Field{column=17, dataType=24, dataTypeModifier=-1, dataTypeSize=4, format=FORMAT_TEXT, name='typoutput', table=1247}, Field{column=18, dataType=24, dataTypeModifier=-1, dataTypeSize=4, format=FORMAT_TEXT, name='typreceive', table=1247}, Field{column=19, dataType=24, dataTypeModifier=-1, dataTypeSize=4, format=FORMAT_TEXT, name='typsend', table=1247}, Field{column=20, dataType=24, dataTypeModifier=-1, dataTypeSize=4, format=FORMAT_TEXT, name='typmodin', table=1247}, Field{column=21, dataType=24, dataTypeModifier=-1, dataTypeSize=4, format=FORMAT_TEXT, name='typmodout', table=1247}, Field{column=22, dataType=24, dataTypeModifier=-1, dataTypeSize=4, format=FORMAT_TEXT, name='typanalyze', table=1247}, Field{column=23, dataType=18, dataTypeModifier=-1, dataTypeSize=1, format=FORMAT_TEXT, name='typalign', table=1247}, Field{column=24, dataType=18, dataTypeModifier=-1, dataTypeSize=1, format=FORMAT_TEXT, name='typstorage', table=1247}, Field{column=25, dataType=16, dataTypeModifier=-1, dataTypeSize=1, format=FORMAT_TEXT, name='typnotnull', table=1247}, Field{column=26, dataType=26, dataTypeModifier=-1, dataTypeSize=4, format=FORMAT_TEXT, name='typbasetype', table=1247}, Field{column=27, dataType=23, dataTypeModifier=-1, dataTypeSize=4, format=FORMAT_TEXT, name='typtypmod', table=1247}, Field{column=28, dataType=23, dataTypeModifier=-1, dataTypeSize=4, format=FORMAT_TEXT, name='typndims', table=1247}, Field{column=29, dataType=26, dataTypeModifier=-1, dataTypeSize=4, format=FORMAT_TEXT, name='typcollation', table=1247}, Field{column=30, dataType=194, dataTypeModifier=-1, dataTypeSize=-1, format=FORMAT_TEXT, name='typdefaultbin', table=1247}, Field{column=31, dataType=25, dataTypeModifier=-1, dataTypeSize=-1, format=FORMAT_TEXT, name='typdefault', table=1247}, Field{column=32, dataType=1034, dataTypeModifier=-1, dataTypeSize=-1, format=FORMAT_TEXT, name='typacl', table=1247}]}
2026-03-15 10:13:39.865 DEBUG [reactor-tcp-nio-1] i.r.p.client.ReactorNettyClient : [cid: 0x1][pid: 12684] Response: CommandComplete{command=SELECT, rowId=null, rows=0}
2026-03-15 10:13:39.865 DEBUG [reactor-tcp-nio-1] i.r.p.client.ReactorNettyClient : [cid: 0x1][pid: 12684] Response: ReadyForQuery{transactionStatus=IDLE}
2026-03-15 10:13:39.869 DEBUG [reactor-tcp-nio-1] io.r2dbc.pool.ConnectionPool : Obtaining new connection from the pool
2026-03-15 10:13:39.870 DEBUG [reactor-tcp-nio-2] i.r.p.client.ReactorNettyClient : [cid: 0x2] Request:  StartupMessage{, database='fund-transfer', username='fund-transfer'}
2026-03-15 10:13:39.871 DEBUG [reactor-tcp-nio-1] io.r2dbc.postgresql.QUERY : [cid: 0x1][pid: 12684] Executing query: SELECT 1
2026-03-15 10:13:39.872 DEBUG [reactor-tcp-nio-1] i.r.p.client.ReactorNettyClient : [cid: 0x1][pid: 12684] Request:  Query{query='SELECT 1'}
2026-03-15 10:13:39.873 DEBUG [reactor-tcp-nio-1] i.r.p.client.ReactorNettyClient : [cid: 0x1][pid: 12684] Response: RowDescription{fields=[Field{column=0, dataType=23, dataTypeModifier=-1, dataTypeSize=4, format=FORMAT_TEXT, name='?column?', table=0}]}
2026-03-15 10:13:39.873 DEBUG [reactor-tcp-nio-1] i.r.p.client.ReactorNettyClient : [cid: 0x1][pid: 12684] Response: DataRow{columns=[PooledSlicedByteBuf(ridx: 0, widx: 1, cap: 1/1, unwrapped: PooledUnsafeDirectByteBuf(ridx: 46, widx: 66, cap: 1024))]}
2026-03-15 10:13:39.875 DEBUG [reactor-tcp-nio-1] i.r.p.client.ReactorNettyClient : [cid: 0x1][pid: 12684] Response: CommandComplete{command=SELECT, rowId=null, rows=1}
2026-03-15 10:13:39.875 DEBUG [reactor-tcp-nio-1] i.r.p.client.ReactorNettyClient : [cid: 0x1][pid: 12684] Response: ReadyForQuery{transactionStatus=IDLE}
2026-03-15 10:13:39.877 DEBUG [reactor-tcp-nio-1] io.r2dbc.postgresql.QUERY : [cid: 0x1][pid: 12684] Executing query: SELECT 1
2026-03-15 10:13:39.877 DEBUG [reactor-tcp-nio-1] i.r.p.client.ReactorNettyClient : [cid: 0x1][pid: 12684] Request:  Query{query='SELECT 1'}
2026-03-15 10:13:39.878 DEBUG [reactor-tcp-nio-1] i.r.p.client.ReactorNettyClient : [cid: 0x1][pid: 12684] Response: RowDescription{fields=[Field{column=0, dataType=23, dataTypeModifier=-1, dataTypeSize=4, format=FORMAT_TEXT, name='?column?', table=0}]}
2026-03-15 10:13:39.879 DEBUG [reactor-tcp-nio-1] i.r.p.client.ReactorNettyClient : [cid: 0x1][pid: 12684] Response: DataRow{columns=[PooledSlicedByteBuf(ridx: 0, widx: 1, cap: 1/1, unwrapped: PooledUnsafeDirectByteBuf(ridx: 46, widx: 66, cap: 512))]}
2026-03-15 10:13:39.879 DEBUG [reactor-tcp-nio-1] i.r.p.client.ReactorNettyClient : [cid: 0x1][pid: 12684] Response: CommandComplete{command=SELECT, rowId=null, rows=1}
2026-03-15 10:13:39.879 DEBUG [reactor-tcp-nio-1] i.r.p.client.ReactorNettyClient : [cid: 0x1][pid: 12684] Response: ReadyForQuery{transactionStatus=IDLE}
2026-03-15 10:13:39.880 DEBUG [reactor-tcp-nio-1] io.r2dbc.pool.PooledConnection : Releasing connection
2026-03-15 10:13:40.012 DEBUG [reactor-tcp-nio-2] i.r.p.client.ReactorNettyClient : [cid: 0x2] Response: AuthenticationSASL{authenticationMechanisms=[SCRAM-SHA-256]}
2026-03-15 10:13:40.013 DEBUG [reactor-tcp-nio-2] i.r.p.client.ReactorNettyClient : [cid: 0x2] Request:  SASLInitialResponse{initialResponse=java.nio.HeapByteBuffer[pos=0 lim=45 cap=49], name='SCRAM-SHA-256'}
2026-03-15 10:13:40.014 DEBUG [reactor-tcp-nio-2] i.r.p.client.ReactorNettyClient : [cid: 0x2] Response: AuthenticationSASLContinue{data=java.nio.HeapByteBuffer[pos=0 lim=84 cap=84]}
2026-03-15 10:13:40.028 DEBUG [reactor-tcp-nio-2] i.r.p.client.ReactorNettyClient : [cid: 0x2] Request:  SASLResponse{data=java.nio.HeapByteBuffer[pos=0 lim=104 cap=114]}
2026-03-15 10:13:40.032 DEBUG [reactor-tcp-nio-2] i.r.p.client.ReactorNettyClient : [cid: 0x2] Response: AuthenticationSASLFinal{additionalData=java.nio.HeapByteBuffer[pos=0 lim=46 cap=46]}
2026-03-15 10:13:40.034 DEBUG [reactor-tcp-nio-2] i.r.p.client.ReactorNettyClient : [cid: 0x2] Response: AuthenticationOk{}
2026-03-15 10:13:40.034 DEBUG [reactor-tcp-nio-2] i.r.p.client.ReactorNettyClient : [cid: 0x2] Response: ParameterStatus{name='in_hot_standby', value='off'}
2026-03-15 10:13:40.034 DEBUG [reactor-tcp-nio-2] i.r.p.client.ReactorNettyClient : [cid: 0x2] Response: ParameterStatus{name='integer_datetimes', value='on'}
2026-03-15 10:13:40.034 DEBUG [reactor-tcp-nio-2] i.r.p.client.ReactorNettyClient : [cid: 0x2] Response: ParameterStatus{name='TimeZone', value='Asia/Dhaka'}
2026-03-15 10:13:40.035 DEBUG [reactor-tcp-nio-2] i.r.p.client.ReactorNettyClient : [cid: 0x2] Response: ParameterStatus{name='IntervalStyle', value='postgres'}
2026-03-15 10:13:40.035 DEBUG [reactor-tcp-nio-2] i.r.p.client.ReactorNettyClient : [cid: 0x2] Response: ParameterStatus{name='search_path', value='banking_service'}
2026-03-15 10:13:40.035 DEBUG [reactor-tcp-nio-2] i.r.p.client.ReactorNettyClient : [cid: 0x2] Response: ParameterStatus{name='is_superuser', value='off'}
2026-03-15 10:13:40.035 DEBUG [reactor-tcp-nio-2] i.r.p.client.ReactorNettyClient : [cid: 0x2] Response: ParameterStatus{name='application_name', value='r2dbc-postgresql'}
2026-03-15 10:13:40.036 DEBUG [reactor-tcp-nio-2] i.r.p.client.ReactorNettyClient : [cid: 0x2] Response: ParameterStatus{name='default_transaction_read_only', value='off'}
2026-03-15 10:13:40.036 DEBUG [reactor-tcp-nio-2] i.r.p.client.ReactorNettyClient : [cid: 0x2] Response: ParameterStatus{name='scram_iterations', value='4096'}
2026-03-15 10:13:40.036 DEBUG [reactor-tcp-nio-2] i.r.p.client.ReactorNettyClient : [cid: 0x2] Response: ParameterStatus{name='DateStyle', value='ISO, MDY'}
2026-03-15 10:13:40.036 DEBUG [reactor-tcp-nio-2] i.r.p.client.ReactorNettyClient : [cid: 0x2] Response: ParameterStatus{name='standard_conforming_strings', value='on'}
2026-03-15 10:13:40.037 DEBUG [reactor-tcp-nio-2] i.r.p.client.ReactorNettyClient : [cid: 0x2] Response: ParameterStatus{name='session_authorization', value='fund-transfer'}
2026-03-15 10:13:40.037 DEBUG [reactor-tcp-nio-2] i.r.p.client.ReactorNettyClient : [cid: 0x2] Response: ParameterStatus{name='client_encoding', value='UTF8'}
2026-03-15 10:13:40.037 DEBUG [reactor-tcp-nio-2] i.r.p.client.ReactorNettyClient : [cid: 0x2] Response: ParameterStatus{name='server_version', value='18.0'}
2026-03-15 10:13:40.037 DEBUG [reactor-tcp-nio-2] i.r.p.client.ReactorNettyClient : [cid: 0x2] Response: ParameterStatus{name='server_encoding', value='UTF8'}
2026-03-15 10:13:40.038 DEBUG [reactor-tcp-nio-2] i.r.p.client.ReactorNettyClient : [cid: 0x2] Response: BackendKeyData{processId=27568, secretKey=2053023876}
2026-03-15 10:13:40.038 DEBUG [reactor-tcp-nio-2] i.r.p.client.ReactorNettyClient : [cid: 0x2][pid: 27568] Response: ReadyForQuery{transactionStatus=IDLE}
2026-03-15 10:13:40.041 DEBUG [reactor-tcp-nio-2] io.r2dbc.postgresql.QUERY : [cid: 0x2][pid: 27568] Executing query: SHOW TRANSACTION ISOLATION LEVEL
2026-03-15 10:13:40.041 DEBUG [reactor-tcp-nio-2] i.r.p.client.ReactorNettyClient : [cid: 0x2][pid: 27568] Request:  Query{query='SHOW TRANSACTION ISOLATION LEVEL'}
2026-03-15 10:13:40.043 DEBUG [reactor-tcp-nio-2] i.r.p.client.ReactorNettyClient : [cid: 0x2][pid: 27568] Response: RowDescription{fields=[Field{column=0, dataType=25, dataTypeModifier=-1, dataTypeSize=-1, format=FORMAT_TEXT, name='transaction_isolation', table=0}]}
2026-03-15 10:13:40.043 DEBUG [reactor-tcp-nio-2] i.r.p.client.ReactorNettyClient : [cid: 0x2][pid: 27568] Response: DataRow{columns=[PooledSlicedByteBuf(ridx: 0, widx: 14, cap: 14/14, unwrapped: PooledUnsafeDirectByteBuf(ridx: 72, widx: 88, cap: 1024))]}
2026-03-15 10:13:40.043 DEBUG [reactor-tcp-nio-2] i.r.p.client.ReactorNettyClient : [cid: 0x2][pid: 27568] Response: CommandComplete{command=SHOW, rowId=null, rows=null}
2026-03-15 10:13:40.044 DEBUG [reactor-tcp-nio-2] i.r.p.client.ReactorNettyClient : [cid: 0x2][pid: 27568] Response: ReadyForQuery{transactionStatus=IDLE}
2026-03-15 10:13:40.044 DEBUG [reactor-tcp-nio-2] io.r2dbc.postgresql.QUERY : [cid: 0x2][pid: 27568] Executing query: SELECT oid, * FROM pg_catalog.pg_type WHERE typname IN ('hstore','geometry','vector')
2026-03-15 10:13:40.044 DEBUG [reactor-tcp-nio-2] i.r.p.client.ReactorNettyClient : [cid: 0x2][pid: 27568] Request:  Query{query='SELECT oid, * FROM pg_catalog.pg_type WHERE typname IN ('hstore','geometry','vector')'}
2026-03-15 10:13:40.049 DEBUG [reactor-tcp-nio-2] i.r.p.client.ReactorNettyClient : [cid: 0x2][pid: 27568] Response: RowDescription{fields=[Field{column=1, dataType=26, dataTypeModifier=-1, dataTypeSize=4, format=FORMAT_TEXT, name='oid', table=1247}, Field{column=1, dataType=26, dataTypeModifier=-1, dataTypeSize=4, format=FORMAT_TEXT, name='oid', table=1247}, Field{column=2, dataType=19, dataTypeModifier=-1, dataTypeSize=64, format=FORMAT_TEXT, name='typname', table=1247}, Field{column=3, dataType=26, dataTypeModifier=-1, dataTypeSize=4, format=FORMAT_TEXT, name='typnamespace', table=1247}, Field{column=4, dataType=26, dataTypeModifier=-1, dataTypeSize=4, format=FORMAT_TEXT, name='typowner', table=1247}, Field{column=5, dataType=21, dataTypeModifier=-1, dataTypeSize=2, format=FORMAT_TEXT, name='typlen', table=1247}, Field{column=6, dataType=16, dataTypeModifier=-1, dataTypeSize=1, format=FORMAT_TEXT, name='typbyval', table=1247}, Field{column=7, dataType=18, dataTypeModifier=-1, dataTypeSize=1, format=FORMAT_TEXT, name='typtype', table=1247}, Field{column=8, dataType=18, dataTypeModifier=-1, dataTypeSize=1, format=FORMAT_TEXT, name='typcategory', table=1247}, Field{column=9, dataType=16, dataTypeModifier=-1, dataTypeSize=1, format=FORMAT_TEXT, name='typispreferred', table=1247}, Field{column=10, dataType=16, dataTypeModifier=-1, dataTypeSize=1, format=FORMAT_TEXT, name='typisdefined', table=1247}, Field{column=11, dataType=18, dataTypeModifier=-1, dataTypeSize=1, format=FORMAT_TEXT, name='typdelim', table=1247}, Field{column=12, dataType=26, dataTypeModifier=-1, dataTypeSize=4, format=FORMAT_TEXT, name='typrelid', table=1247}, Field{column=13, dataType=24, dataTypeModifier=-1, dataTypeSize=4, format=FORMAT_TEXT, name='typsubscript', table=1247}, Field{column=14, dataType=26, dataTypeModifier=-1, dataTypeSize=4, format=FORMAT_TEXT, name='typelem', table=1247}, Field{column=15, dataType=26, dataTypeModifier=-1, dataTypeSize=4, format=FORMAT_TEXT, name='typarray', table=1247}, Field{column=16, dataType=24, dataTypeModifier=-1, dataTypeSize=4, format=FORMAT_TEXT, name='typinput', table=1247}, Field{column=17, dataType=24, dataTypeModifier=-1, dataTypeSize=4, format=FORMAT_TEXT, name='typoutput', table=1247}, Field{column=18, dataType=24, dataTypeModifier=-1, dataTypeSize=4, format=FORMAT_TEXT, name='typreceive', table=1247}, Field{column=19, dataType=24, dataTypeModifier=-1, dataTypeSize=4, format=FORMAT_TEXT, name='typsend', table=1247}, Field{column=20, dataType=24, dataTypeModifier=-1, dataTypeSize=4, format=FORMAT_TEXT, name='typmodin', table=1247}, Field{column=21, dataType=24, dataTypeModifier=-1, dataTypeSize=4, format=FORMAT_TEXT, name='typmodout', table=1247}, Field{column=22, dataType=24, dataTypeModifier=-1, dataTypeSize=4, format=FORMAT_TEXT, name='typanalyze', table=1247}, Field{column=23, dataType=18, dataTypeModifier=-1, dataTypeSize=1, format=FORMAT_TEXT, name='typalign', table=1247}, Field{column=24, dataType=18, dataTypeModifier=-1, dataTypeSize=1, format=FORMAT_TEXT, name='typstorage', table=1247}, Field{column=25, dataType=16, dataTypeModifier=-1, dataTypeSize=1, format=FORMAT_TEXT, name='typnotnull', table=1247}, Field{column=26, dataType=26, dataTypeModifier=-1, dataTypeSize=4, format=FORMAT_TEXT, name='typbasetype', table=1247}, Field{column=27, dataType=23, dataTypeModifier=-1, dataTypeSize=4, format=FORMAT_TEXT, name='typtypmod', table=1247}, Field{column=28, dataType=23, dataTypeModifier=-1, dataTypeSize=4, format=FORMAT_TEXT, name='typndims', table=1247}, Field{column=29, dataType=26, dataTypeModifier=-1, dataTypeSize=4, format=FORMAT_TEXT, name='typcollation', table=1247}, Field{column=30, dataType=194, dataTypeModifier=-1, dataTypeSize=-1, format=FORMAT_TEXT, name='typdefaultbin', table=1247}, Field{column=31, dataType=25, dataTypeModifier=-1, dataTypeSize=-1, format=FORMAT_TEXT, name='typdefault', table=1247}, Field{column=32, dataType=1034, dataTypeModifier=-1, dataTypeSize=-1, format=FORMAT_TEXT, name='typacl', table=1247}]}
2026-03-15 10:13:40.050 DEBUG [reactor-tcp-nio-2] i.r.p.client.ReactorNettyClient : [cid: 0x2][pid: 27568] Response: CommandComplete{command=SELECT, rowId=null, rows=0}
2026-03-15 10:13:40.051 DEBUG [reactor-tcp-nio-2] i.r.p.client.ReactorNettyClient : [cid: 0x2][pid: 27568] Response: ReadyForQuery{transactionStatus=IDLE}
2026-03-15 10:13:40.054 DEBUG [reactor-tcp-nio-3] i.r.p.client.ReactorNettyClient : [cid: 0x3] Request:  StartupMessage{, database='fund-transfer', username='fund-transfer'}
2026-03-15 10:13:40.080 DEBUG [reactor-tcp-nio-3] i.r.p.client.ReactorNettyClient : [cid: 0x3] Response: AuthenticationSASL{authenticationMechanisms=[SCRAM-SHA-256]}
2026-03-15 10:13:40.080 DEBUG [reactor-tcp-nio-3] i.r.p.client.ReactorNettyClient : [cid: 0x3] Request:  SASLInitialResponse{initialResponse=java.nio.HeapByteBuffer[pos=0 lim=45 cap=49], name='SCRAM-SHA-256'}
2026-03-15 10:13:40.081 DEBUG [reactor-tcp-nio-3] i.r.p.client.ReactorNettyClient : [cid: 0x3] Response: AuthenticationSASLContinue{data=java.nio.HeapByteBuffer[pos=0 lim=84 cap=84]}
2026-03-15 10:13:40.091 DEBUG [reactor-tcp-nio-3] i.r.p.client.ReactorNettyClient : [cid: 0x3] Request:  SASLResponse{data=java.nio.HeapByteBuffer[pos=0 lim=104 cap=114]}
2026-03-15 10:13:40.094 DEBUG [reactor-tcp-nio-3] i.r.p.client.ReactorNettyClient : [cid: 0x3] Response: AuthenticationSASLFinal{additionalData=java.nio.HeapByteBuffer[pos=0 lim=46 cap=46]}
2026-03-15 10:13:40.095 DEBUG [reactor-tcp-nio-3] i.r.p.client.ReactorNettyClient : [cid: 0x3] Response: AuthenticationOk{}
2026-03-15 10:13:40.095 DEBUG [reactor-tcp-nio-3] i.r.p.client.ReactorNettyClient : [cid: 0x3] Response: ParameterStatus{name='in_hot_standby', value='off'}
2026-03-15 10:13:40.095 DEBUG [reactor-tcp-nio-3] i.r.p.client.ReactorNettyClient : [cid: 0x3] Response: ParameterStatus{name='integer_datetimes', value='on'}
2026-03-15 10:13:40.095 DEBUG [reactor-tcp-nio-3] i.r.p.client.ReactorNettyClient : [cid: 0x3] Response: ParameterStatus{name='TimeZone', value='Asia/Dhaka'}
2026-03-15 10:13:40.095 DEBUG [reactor-tcp-nio-3] i.r.p.client.ReactorNettyClient : [cid: 0x3] Response: ParameterStatus{name='IntervalStyle', value='postgres'}
2026-03-15 10:13:40.095 DEBUG [reactor-tcp-nio-3] i.r.p.client.ReactorNettyClient : [cid: 0x3] Response: ParameterStatus{name='search_path', value='banking_service'}
2026-03-15 10:13:40.095 DEBUG [reactor-tcp-nio-3] i.r.p.client.ReactorNettyClient : [cid: 0x3] Response: ParameterStatus{name='is_superuser', value='off'}
2026-03-15 10:13:40.095 DEBUG [reactor-tcp-nio-3] i.r.p.client.ReactorNettyClient : [cid: 0x3] Response: ParameterStatus{name='application_name', value='r2dbc-postgresql'}
2026-03-15 10:13:40.095 DEBUG [reactor-tcp-nio-3] i.r.p.client.ReactorNettyClient : [cid: 0x3] Response: ParameterStatus{name='default_transaction_read_only', value='off'}
2026-03-15 10:13:40.095 DEBUG [reactor-tcp-nio-3] i.r.p.client.ReactorNettyClient : [cid: 0x3] Response: ParameterStatus{name='scram_iterations', value='4096'}
2026-03-15 10:13:40.096 DEBUG [reactor-tcp-nio-3] i.r.p.client.ReactorNettyClient : [cid: 0x3] Response: ParameterStatus{name='DateStyle', value='ISO, MDY'}
2026-03-15 10:13:40.096 DEBUG [reactor-tcp-nio-3] i.r.p.client.ReactorNettyClient : [cid: 0x3] Response: ParameterStatus{name='standard_conforming_strings', value='on'}
2026-03-15 10:13:40.096 DEBUG [reactor-tcp-nio-3] i.r.p.client.ReactorNettyClient : [cid: 0x3] Response: ParameterStatus{name='session_authorization', value='fund-transfer'}
2026-03-15 10:13:40.096 DEBUG [reactor-tcp-nio-3] i.r.p.client.ReactorNettyClient : [cid: 0x3] Response: ParameterStatus{name='client_encoding', value='UTF8'}
2026-03-15 10:13:40.096 DEBUG [reactor-tcp-nio-3] i.r.p.client.ReactorNettyClient : [cid: 0x3] Response: ParameterStatus{name='server_version', value='18.0'}
2026-03-15 10:13:40.096 DEBUG [reactor-tcp-nio-3] i.r.p.client.ReactorNettyClient : [cid: 0x3] Response: ParameterStatus{name='server_encoding', value='UTF8'}
2026-03-15 10:13:40.096 DEBUG [reactor-tcp-nio-3] i.r.p.client.ReactorNettyClient : [cid: 0x3] Response: BackendKeyData{processId=18132, secretKey=-924880243}
2026-03-15 10:13:40.096 DEBUG [reactor-tcp-nio-3] i.r.p.client.ReactorNettyClient : [cid: 0x3][pid: 18132] Response: ReadyForQuery{transactionStatus=IDLE}
2026-03-15 10:13:40.098 DEBUG [reactor-tcp-nio-3] io.r2dbc.postgresql.QUERY : [cid: 0x3][pid: 18132] Executing query: SHOW TRANSACTION ISOLATION LEVEL
2026-03-15 10:13:40.098 DEBUG [reactor-tcp-nio-3] i.r.p.client.ReactorNettyClient : [cid: 0x3][pid: 18132] Request:  Query{query='SHOW TRANSACTION ISOLATION LEVEL'}
2026-03-15 10:13:40.099 DEBUG [reactor-tcp-nio-3] i.r.p.client.ReactorNettyClient : [cid: 0x3][pid: 18132] Response: RowDescription{fields=[Field{column=0, dataType=25, dataTypeModifier=-1, dataTypeSize=-1, format=FORMAT_TEXT, name='transaction_isolation', table=0}]}
2026-03-15 10:13:40.099 DEBUG [reactor-tcp-nio-3] i.r.p.client.ReactorNettyClient : [cid: 0x3][pid: 18132] Response: DataRow{columns=[PooledSlicedByteBuf(ridx: 0, widx: 14, cap: 14/14, unwrapped: PooledUnsafeDirectByteBuf(ridx: 72, widx: 88, cap: 1024))]}
2026-03-15 10:13:40.100 DEBUG [reactor-tcp-nio-3] i.r.p.client.ReactorNettyClient : [cid: 0x3][pid: 18132] Response: CommandComplete{command=SHOW, rowId=null, rows=null}
2026-03-15 10:13:40.100 DEBUG [reactor-tcp-nio-3] i.r.p.client.ReactorNettyClient : [cid: 0x3][pid: 18132] Response: ReadyForQuery{transactionStatus=IDLE}
2026-03-15 10:13:40.101 DEBUG [reactor-tcp-nio-3] io.r2dbc.postgresql.QUERY : [cid: 0x3][pid: 18132] Executing query: SELECT oid, * FROM pg_catalog.pg_type WHERE typname IN ('hstore','geometry','vector')
2026-03-15 10:13:40.101 DEBUG [reactor-tcp-nio-3] i.r.p.client.ReactorNettyClient : [cid: 0x3][pid: 18132] Request:  Query{query='SELECT oid, * FROM pg_catalog.pg_type WHERE typname IN ('hstore','geometry','vector')'}
2026-03-15 10:13:40.104 DEBUG [reactor-tcp-nio-3] i.r.p.client.ReactorNettyClient : [cid: 0x3][pid: 18132] Response: RowDescription{fields=[Field{column=1, dataType=26, dataTypeModifier=-1, dataTypeSize=4, format=FORMAT_TEXT, name='oid', table=1247}, Field{column=1, dataType=26, dataTypeModifier=-1, dataTypeSize=4, format=FORMAT_TEXT, name='oid', table=1247}, Field{column=2, dataType=19, dataTypeModifier=-1, dataTypeSize=64, format=FORMAT_TEXT, name='typname', table=1247}, Field{column=3, dataType=26, dataTypeModifier=-1, dataTypeSize=4, format=FORMAT_TEXT, name='typnamespace', table=1247}, Field{column=4, dataType=26, dataTypeModifier=-1, dataTypeSize=4, format=FORMAT_TEXT, name='typowner', table=1247}, Field{column=5, dataType=21, dataTypeModifier=-1, dataTypeSize=2, format=FORMAT_TEXT, name='typlen', table=1247}, Field{column=6, dataType=16, dataTypeModifier=-1, dataTypeSize=1, format=FORMAT_TEXT, name='typbyval', table=1247}, Field{column=7, dataType=18, dataTypeModifier=-1, dataTypeSize=1, format=FORMAT_TEXT, name='typtype', table=1247}, Field{column=8, dataType=18, dataTypeModifier=-1, dataTypeSize=1, format=FORMAT_TEXT, name='typcategory', table=1247}, Field{column=9, dataType=16, dataTypeModifier=-1, dataTypeSize=1, format=FORMAT_TEXT, name='typispreferred', table=1247}, Field{column=10, dataType=16, dataTypeModifier=-1, dataTypeSize=1, format=FORMAT_TEXT, name='typisdefined', table=1247}, Field{column=11, dataType=18, dataTypeModifier=-1, dataTypeSize=1, format=FORMAT_TEXT, name='typdelim', table=1247}, Field{column=12, dataType=26, dataTypeModifier=-1, dataTypeSize=4, format=FORMAT_TEXT, name='typrelid', table=1247}, Field{column=13, dataType=24, dataTypeModifier=-1, dataTypeSize=4, format=FORMAT_TEXT, name='typsubscript', table=1247}, Field{column=14, dataType=26, dataTypeModifier=-1, dataTypeSize=4, format=FORMAT_TEXT, name='typelem', table=1247}, Field{column=15, dataType=26, dataTypeModifier=-1, dataTypeSize=4, format=FORMAT_TEXT, name='typarray', table=1247}, Field{column=16, dataType=24, dataTypeModifier=-1, dataTypeSize=4, format=FORMAT_TEXT, name='typinput', table=1247}, Field{column=17, dataType=24, dataTypeModifier=-1, dataTypeSize=4, format=FORMAT_TEXT, name='typoutput', table=1247}, Field{column=18, dataType=24, dataTypeModifier=-1, dataTypeSize=4, format=FORMAT_TEXT, name='typreceive', table=1247}, Field{column=19, dataType=24, dataTypeModifier=-1, dataTypeSize=4, format=FORMAT_TEXT, name='typsend', table=1247}, Field{column=20, dataType=24, dataTypeModifier=-1, dataTypeSize=4, format=FORMAT_TEXT, name='typmodin', table=1247}, Field{column=21, dataType=24, dataTypeModifier=-1, dataTypeSize=4, format=FORMAT_TEXT, name='typmodout', table=1247}, Field{column=22, dataType=24, dataTypeModifier=-1, dataTypeSize=4, format=FORMAT_TEXT, name='typanalyze', table=1247}, Field{column=23, dataType=18, dataTypeModifier=-1, dataTypeSize=1, format=FORMAT_TEXT, name='typalign', table=1247}, Field{column=24, dataType=18, dataTypeModifier=-1, dataTypeSize=1, format=FORMAT_TEXT, name='typstorage', table=1247}, Field{column=25, dataType=16, dataTypeModifier=-1, dataTypeSize=1, format=FORMAT_TEXT, name='typnotnull', table=1247}, Field{column=26, dataType=26, dataTypeModifier=-1, dataTypeSize=4, format=FORMAT_TEXT, name='typbasetype', table=1247}, Field{column=27, dataType=23, dataTypeModifier=-1, dataTypeSize=4, format=FORMAT_TEXT, name='typtypmod', table=1247}, Field{column=28, dataType=23, dataTypeModifier=-1, dataTypeSize=4, format=FORMAT_TEXT, name='typndims', table=1247}, Field{column=29, dataType=26, dataTypeModifier=-1, dataTypeSize=4, format=FORMAT_TEXT, name='typcollation', table=1247}, Field{column=30, dataType=194, dataTypeModifier=-1, dataTypeSize=-1, format=FORMAT_TEXT, name='typdefaultbin', table=1247}, Field{column=31, dataType=25, dataTypeModifier=-1, dataTypeSize=-1, format=FORMAT_TEXT, name='typdefault', table=1247}, Field{column=32, dataType=1034, dataTypeModifier=-1, dataTypeSize=-1, format=FORMAT_TEXT, name='typacl', table=1247}]}
2026-03-15 10:13:40.104 DEBUG [reactor-tcp-nio-3] i.r.p.client.ReactorNettyClient : [cid: 0x3][pid: 18132] Response: CommandComplete{command=SELECT, rowId=null, rows=0}
2026-03-15 10:13:40.104 DEBUG [reactor-tcp-nio-3] i.r.p.client.ReactorNettyClient : [cid: 0x3][pid: 18132] Response: ReadyForQuery{transactionStatus=IDLE}
2026-03-15 10:13:40.106 DEBUG [reactor-tcp-nio-4] i.r.p.client.ReactorNettyClient : [cid: 0x4] Request:  StartupMessage{, database='fund-transfer', username='fund-transfer'}
2026-03-15 10:13:40.235 DEBUG [reactor-tcp-nio-4] i.r.p.client.ReactorNettyClient : [cid: 0x4] Response: AuthenticationSASL{authenticationMechanisms=[SCRAM-SHA-256]}
2026-03-15 10:13:40.236 DEBUG [reactor-tcp-nio-4] i.r.p.client.ReactorNettyClient : [cid: 0x4] Request:  SASLInitialResponse{initialResponse=java.nio.HeapByteBuffer[pos=0 lim=45 cap=49], name='SCRAM-SHA-256'}
2026-03-15 10:13:40.236 DEBUG [reactor-tcp-nio-4] i.r.p.client.ReactorNettyClient : [cid: 0x4] Response: AuthenticationSASLContinue{data=java.nio.HeapByteBuffer[pos=0 lim=84 cap=84]}
2026-03-15 10:13:40.249 DEBUG [reactor-tcp-nio-4] i.r.p.client.ReactorNettyClient : [cid: 0x4] Request:  SASLResponse{data=java.nio.HeapByteBuffer[pos=0 lim=104 cap=114]}
2026-03-15 10:13:40.256 DEBUG [reactor-tcp-nio-4] i.r.p.client.ReactorNettyClient : [cid: 0x4] Response: AuthenticationSASLFinal{additionalData=java.nio.HeapByteBuffer[pos=0 lim=46 cap=46]}
2026-03-15 10:13:40.257 DEBUG [reactor-tcp-nio-4] i.r.p.client.ReactorNettyClient : [cid: 0x4] Response: AuthenticationOk{}
2026-03-15 10:13:40.257 DEBUG [reactor-tcp-nio-4] i.r.p.client.ReactorNettyClient : [cid: 0x4] Response: ParameterStatus{name='in_hot_standby', value='off'}
2026-03-15 10:13:40.258 DEBUG [reactor-tcp-nio-4] i.r.p.client.ReactorNettyClient : [cid: 0x4] Response: ParameterStatus{name='integer_datetimes', value='on'}
2026-03-15 10:13:40.258 DEBUG [reactor-tcp-nio-4] i.r.p.client.ReactorNettyClient : [cid: 0x4] Response: ParameterStatus{name='TimeZone', value='Asia/Dhaka'}
2026-03-15 10:13:40.258 DEBUG [reactor-tcp-nio-4] i.r.p.client.ReactorNettyClient : [cid: 0x4] Response: ParameterStatus{name='IntervalStyle', value='postgres'}
2026-03-15 10:13:40.258 DEBUG [reactor-tcp-nio-4] i.r.p.client.ReactorNettyClient : [cid: 0x4] Response: ParameterStatus{name='search_path', value='banking_service'}
2026-03-15 10:13:40.258 DEBUG [reactor-tcp-nio-4] i.r.p.client.ReactorNettyClient : [cid: 0x4] Response: ParameterStatus{name='is_superuser', value='off'}
2026-03-15 10:13:40.258 DEBUG [reactor-tcp-nio-4] i.r.p.client.ReactorNettyClient : [cid: 0x4] Response: ParameterStatus{name='application_name', value='r2dbc-postgresql'}
2026-03-15 10:13:40.258 DEBUG [reactor-tcp-nio-4] i.r.p.client.ReactorNettyClient : [cid: 0x4] Response: ParameterStatus{name='default_transaction_read_only', value='off'}
2026-03-15 10:13:40.259 DEBUG [reactor-tcp-nio-4] i.r.p.client.ReactorNettyClient : [cid: 0x4] Response: ParameterStatus{name='scram_iterations', value='4096'}
2026-03-15 10:13:40.259 DEBUG [reactor-tcp-nio-4] i.r.p.client.ReactorNettyClient : [cid: 0x4] Response: ParameterStatus{name='DateStyle', value='ISO, MDY'}
2026-03-15 10:13:40.259 DEBUG [reactor-tcp-nio-4] i.r.p.client.ReactorNettyClient : [cid: 0x4] Response: ParameterStatus{name='standard_conforming_strings', value='on'}
2026-03-15 10:13:40.259 DEBUG [reactor-tcp-nio-4] i.r.p.client.ReactorNettyClient : [cid: 0x4] Response: ParameterStatus{name='session_authorization', value='fund-transfer'}
2026-03-15 10:13:40.259 DEBUG [reactor-tcp-nio-4] i.r.p.client.ReactorNettyClient : [cid: 0x4] Response: ParameterStatus{name='client_encoding', value='UTF8'}
2026-03-15 10:13:40.259 DEBUG [reactor-tcp-nio-4] i.r.p.client.ReactorNettyClient : [cid: 0x4] Response: ParameterStatus{name='server_version', value='18.0'}
2026-03-15 10:13:40.259 DEBUG [reactor-tcp-nio-4] i.r.p.client.ReactorNettyClient : [cid: 0x4] Response: ParameterStatus{name='server_encoding', value='UTF8'}
2026-03-15 10:13:40.259 DEBUG [reactor-tcp-nio-4] i.r.p.client.ReactorNettyClient : [cid: 0x4] Response: BackendKeyData{processId=15724, secretKey=1068884428}
2026-03-15 10:13:40.260 DEBUG [reactor-tcp-nio-4] i.r.p.client.ReactorNettyClient : [cid: 0x4][pid: 15724] Response: ReadyForQuery{transactionStatus=IDLE}
2026-03-15 10:13:40.262 DEBUG [reactor-tcp-nio-4] io.r2dbc.postgresql.QUERY : [cid: 0x4][pid: 15724] Executing query: SHOW TRANSACTION ISOLATION LEVEL
2026-03-15 10:13:40.262 DEBUG [reactor-tcp-nio-4] i.r.p.client.ReactorNettyClient : [cid: 0x4][pid: 15724] Request:  Query{query='SHOW TRANSACTION ISOLATION LEVEL'}
2026-03-15 10:13:40.262 DEBUG [reactor-tcp-nio-4] i.r.p.client.ReactorNettyClient : [cid: 0x4][pid: 15724] Response: RowDescription{fields=[Field{column=0, dataType=25, dataTypeModifier=-1, dataTypeSize=-1, format=FORMAT_TEXT, name='transaction_isolation', table=0}]}
2026-03-15 10:13:40.263 DEBUG [reactor-tcp-nio-4] i.r.p.client.ReactorNettyClient : [cid: 0x4][pid: 15724] Response: DataRow{columns=[PooledSlicedByteBuf(ridx: 0, widx: 14, cap: 14/14, unwrapped: PooledUnsafeDirectByteBuf(ridx: 72, widx: 88, cap: 1024))]}
2026-03-15 10:13:40.263 DEBUG [reactor-tcp-nio-4] i.r.p.client.ReactorNettyClient : [cid: 0x4][pid: 15724] Response: CommandComplete{command=SHOW, rowId=null, rows=null}
2026-03-15 10:13:40.263 DEBUG [reactor-tcp-nio-4] i.r.p.client.ReactorNettyClient : [cid: 0x4][pid: 15724] Response: ReadyForQuery{transactionStatus=IDLE}
2026-03-15 10:13:40.263 DEBUG [reactor-tcp-nio-4] io.r2dbc.postgresql.QUERY : [cid: 0x4][pid: 15724] Executing query: SELECT oid, * FROM pg_catalog.pg_type WHERE typname IN ('hstore','geometry','vector')
2026-03-15 10:13:40.263 DEBUG [reactor-tcp-nio-4] i.r.p.client.ReactorNettyClient : [cid: 0x4][pid: 15724] Request:  Query{query='SELECT oid, * FROM pg_catalog.pg_type WHERE typname IN ('hstore','geometry','vector')'}
2026-03-15 10:13:40.266 DEBUG [reactor-tcp-nio-4] i.r.p.client.ReactorNettyClient : [cid: 0x4][pid: 15724] Response: RowDescription{fields=[Field{column=1, dataType=26, dataTypeModifier=-1, dataTypeSize=4, format=FORMAT_TEXT, name='oid', table=1247}, Field{column=1, dataType=26, dataTypeModifier=-1, dataTypeSize=4, format=FORMAT_TEXT, name='oid', table=1247}, Field{column=2, dataType=19, dataTypeModifier=-1, dataTypeSize=64, format=FORMAT_TEXT, name='typname', table=1247}, Field{column=3, dataType=26, dataTypeModifier=-1, dataTypeSize=4, format=FORMAT_TEXT, name='typnamespace', table=1247}, Field{column=4, dataType=26, dataTypeModifier=-1, dataTypeSize=4, format=FORMAT_TEXT, name='typowner', table=1247}, Field{column=5, dataType=21, dataTypeModifier=-1, dataTypeSize=2, format=FORMAT_TEXT, name='typlen', table=1247}, Field{column=6, dataType=16, dataTypeModifier=-1, dataTypeSize=1, format=FORMAT_TEXT, name='typbyval', table=1247}, Field{column=7, dataType=18, dataTypeModifier=-1, dataTypeSize=1, format=FORMAT_TEXT, name='typtype', table=1247}, Field{column=8, dataType=18, dataTypeModifier=-1, dataTypeSize=1, format=FORMAT_TEXT, name='typcategory', table=1247}, Field{column=9, dataType=16, dataTypeModifier=-1, dataTypeSize=1, format=FORMAT_TEXT, name='typispreferred', table=1247}, Field{column=10, dataType=16, dataTypeModifier=-1, dataTypeSize=1, format=FORMAT_TEXT, name='typisdefined', table=1247}, Field{column=11, dataType=18, dataTypeModifier=-1, dataTypeSize=1, format=FORMAT_TEXT, name='typdelim', table=1247}, Field{column=12, dataType=26, dataTypeModifier=-1, dataTypeSize=4, format=FORMAT_TEXT, name='typrelid', table=1247}, Field{column=13, dataType=24, dataTypeModifier=-1, dataTypeSize=4, format=FORMAT_TEXT, name='typsubscript', table=1247}, Field{column=14, dataType=26, dataTypeModifier=-1, dataTypeSize=4, format=FORMAT_TEXT, name='typelem', table=1247}, Field{column=15, dataType=26, dataTypeModifier=-1, dataTypeSize=4, format=FORMAT_TEXT, name='typarray', table=1247}, Field{column=16, dataType=24, dataTypeModifier=-1, dataTypeSize=4, format=FORMAT_TEXT, name='typinput', table=1247}, Field{column=17, dataType=24, dataTypeModifier=-1, dataTypeSize=4, format=FORMAT_TEXT, name='typoutput', table=1247}, Field{column=18, dataType=24, dataTypeModifier=-1, dataTypeSize=4, format=FORMAT_TEXT, name='typreceive', table=1247}, Field{column=19, dataType=24, dataTypeModifier=-1, dataTypeSize=4, format=FORMAT_TEXT, name='typsend', table=1247}, Field{column=20, dataType=24, dataTypeModifier=-1, dataTypeSize=4, format=FORMAT_TEXT, name='typmodin', table=1247}, Field{column=21, dataType=24, dataTypeModifier=-1, dataTypeSize=4, format=FORMAT_TEXT, name='typmodout', table=1247}, Field{column=22, dataType=24, dataTypeModifier=-1, dataTypeSize=4, format=FORMAT_TEXT, name='typanalyze', table=1247}, Field{column=23, dataType=18, dataTypeModifier=-1, dataTypeSize=1, format=FORMAT_TEXT, name='typalign', table=1247}, Field{column=24, dataType=18, dataTypeModifier=-1, dataTypeSize=1, format=FORMAT_TEXT, name='typstorage', table=1247}, Field{column=25, dataType=16, dataTypeModifier=-1, dataTypeSize=1, format=FORMAT_TEXT, name='typnotnull', table=1247}, Field{column=26, dataType=26, dataTypeModifier=-1, dataTypeSize=4, format=FORMAT_TEXT, name='typbasetype', table=1247}, Field{column=27, dataType=23, dataTypeModifier=-1, dataTypeSize=4, format=FORMAT_TEXT, name='typtypmod', table=1247}, Field{column=28, dataType=23, dataTypeModifier=-1, dataTypeSize=4, format=FORMAT_TEXT, name='typndims', table=1247}, Field{column=29, dataType=26, dataTypeModifier=-1, dataTypeSize=4, format=FORMAT_TEXT, name='typcollation', table=1247}, Field{column=30, dataType=194, dataTypeModifier=-1, dataTypeSize=-1, format=FORMAT_TEXT, name='typdefaultbin', table=1247}, Field{column=31, dataType=25, dataTypeModifier=-1, dataTypeSize=-1, format=FORMAT_TEXT, name='typdefault', table=1247}, Field{column=32, dataType=1034, dataTypeModifier=-1, dataTypeSize=-1, format=FORMAT_TEXT, name='typacl', table=1247}]}
2026-03-15 10:13:40.267 DEBUG [reactor-tcp-nio-4] i.r.p.client.ReactorNettyClient : [cid: 0x4][pid: 15724] Response: CommandComplete{command=SELECT, rowId=null, rows=0}
2026-03-15 10:13:40.267 DEBUG [reactor-tcp-nio-4] i.r.p.client.ReactorNettyClient : [cid: 0x4][pid: 15724] Response: ReadyForQuery{transactionStatus=IDLE}
2026-03-15 10:13:40.269 DEBUG [reactor-tcp-nio-5] i.r.p.client.ReactorNettyClient : [cid: 0x5] Request:  StartupMessage{, database='fund-transfer', username='fund-transfer'}
2026-03-15 10:13:40.287 DEBUG [reactor-tcp-nio-5] i.r.p.client.ReactorNettyClient : [cid: 0x5] Response: AuthenticationSASL{authenticationMechanisms=[SCRAM-SHA-256]}
2026-03-15 10:13:40.288 DEBUG [reactor-tcp-nio-5] i.r.p.client.ReactorNettyClient : [cid: 0x5] Request:  SASLInitialResponse{initialResponse=java.nio.HeapByteBuffer[pos=0 lim=45 cap=49], name='SCRAM-SHA-256'}
2026-03-15 10:13:40.288 DEBUG [reactor-tcp-nio-5] i.r.p.client.ReactorNettyClient : [cid: 0x5] Response: AuthenticationSASLContinue{data=java.nio.HeapByteBuffer[pos=0 lim=84 cap=84]}
2026-03-15 10:13:40.299 DEBUG [reactor-tcp-nio-5] i.r.p.client.ReactorNettyClient : [cid: 0x5] Request:  SASLResponse{data=java.nio.HeapByteBuffer[pos=0 lim=104 cap=114]}
2026-03-15 10:13:40.301 DEBUG [reactor-tcp-nio-5] i.r.p.client.ReactorNettyClient : [cid: 0x5] Response: AuthenticationSASLFinal{additionalData=java.nio.HeapByteBuffer[pos=0 lim=46 cap=46]}
2026-03-15 10:13:40.302 DEBUG [reactor-tcp-nio-5] i.r.p.client.ReactorNettyClient : [cid: 0x5] Response: AuthenticationOk{}
2026-03-15 10:13:40.302 DEBUG [reactor-tcp-nio-5] i.r.p.client.ReactorNettyClient : [cid: 0x5] Response: ParameterStatus{name='in_hot_standby', value='off'}
2026-03-15 10:13:40.302 DEBUG [reactor-tcp-nio-5] i.r.p.client.ReactorNettyClient : [cid: 0x5] Response: ParameterStatus{name='integer_datetimes', value='on'}
2026-03-15 10:13:40.302 DEBUG [reactor-tcp-nio-5] i.r.p.client.ReactorNettyClient : [cid: 0x5] Response: ParameterStatus{name='TimeZone', value='Asia/Dhaka'}
2026-03-15 10:13:40.302 DEBUG [reactor-tcp-nio-5] i.r.p.client.ReactorNettyClient : [cid: 0x5] Response: ParameterStatus{name='IntervalStyle', value='postgres'}
2026-03-15 10:13:40.302 DEBUG [reactor-tcp-nio-5] i.r.p.client.ReactorNettyClient : [cid: 0x5] Response: ParameterStatus{name='search_path', value='banking_service'}
2026-03-15 10:13:40.302 DEBUG [reactor-tcp-nio-5] i.r.p.client.ReactorNettyClient : [cid: 0x5] Response: ParameterStatus{name='is_superuser', value='off'}
2026-03-15 10:13:40.302 DEBUG [reactor-tcp-nio-5] i.r.p.client.ReactorNettyClient : [cid: 0x5] Response: ParameterStatus{name='application_name', value='r2dbc-postgresql'}
2026-03-15 10:13:40.302 DEBUG [reactor-tcp-nio-5] i.r.p.client.ReactorNettyClient : [cid: 0x5] Response: ParameterStatus{name='default_transaction_read_only', value='off'}
2026-03-15 10:13:40.303 DEBUG [reactor-tcp-nio-5] i.r.p.client.ReactorNettyClient : [cid: 0x5] Response: ParameterStatus{name='scram_iterations', value='4096'}
2026-03-15 10:13:40.303 DEBUG [reactor-tcp-nio-5] i.r.p.client.ReactorNettyClient : [cid: 0x5] Response: ParameterStatus{name='DateStyle', value='ISO, MDY'}
2026-03-15 10:13:40.303 DEBUG [reactor-tcp-nio-5] i.r.p.client.ReactorNettyClient : [cid: 0x5] Response: ParameterStatus{name='standard_conforming_strings', value='on'}
2026-03-15 10:13:40.303 DEBUG [reactor-tcp-nio-5] i.r.p.client.ReactorNettyClient : [cid: 0x5] Response: ParameterStatus{name='session_authorization', value='fund-transfer'}
2026-03-15 10:13:40.303 DEBUG [reactor-tcp-nio-5] i.r.p.client.ReactorNettyClient : [cid: 0x5] Response: ParameterStatus{name='client_encoding', value='UTF8'}
2026-03-15 10:13:40.303 DEBUG [reactor-tcp-nio-5] i.r.p.client.ReactorNettyClient : [cid: 0x5] Response: ParameterStatus{name='server_version', value='18.0'}
2026-03-15 10:13:40.303 DEBUG [reactor-tcp-nio-5] i.r.p.client.ReactorNettyClient : [cid: 0x5] Response: ParameterStatus{name='server_encoding', value='UTF8'}
2026-03-15 10:13:40.303 DEBUG [reactor-tcp-nio-5] i.r.p.client.ReactorNettyClient : [cid: 0x5] Response: BackendKeyData{processId=312, secretKey=2018206690}
2026-03-15 10:13:40.303 DEBUG [reactor-tcp-nio-5] i.r.p.client.ReactorNettyClient : [cid: 0x5][pid: 312] Response: ReadyForQuery{transactionStatus=IDLE}
2026-03-15 10:13:40.304 DEBUG [reactor-tcp-nio-5] io.r2dbc.postgresql.QUERY : [cid: 0x5][pid: 312] Executing query: SHOW TRANSACTION ISOLATION LEVEL
2026-03-15 10:13:40.304 DEBUG [reactor-tcp-nio-5] i.r.p.client.ReactorNettyClient : [cid: 0x5][pid: 312] Request:  Query{query='SHOW TRANSACTION ISOLATION LEVEL'}
2026-03-15 10:13:40.305 DEBUG [reactor-tcp-nio-5] i.r.p.client.ReactorNettyClient : [cid: 0x5][pid: 312] Response: RowDescription{fields=[Field{column=0, dataType=25, dataTypeModifier=-1, dataTypeSize=-1, format=FORMAT_TEXT, name='transaction_isolation', table=0}]}
2026-03-15 10:13:40.305 DEBUG [reactor-tcp-nio-5] i.r.p.client.ReactorNettyClient : [cid: 0x5][pid: 312] Response: DataRow{columns=[PooledSlicedByteBuf(ridx: 0, widx: 14, cap: 14/14, unwrapped: PooledUnsafeDirectByteBuf(ridx: 72, widx: 88, cap: 1024))]}
2026-03-15 10:13:40.305 DEBUG [reactor-tcp-nio-5] i.r.p.client.ReactorNettyClient : [cid: 0x5][pid: 312] Response: CommandComplete{command=SHOW, rowId=null, rows=null}
2026-03-15 10:13:40.305 DEBUG [reactor-tcp-nio-5] i.r.p.client.ReactorNettyClient : [cid: 0x5][pid: 312] Response: ReadyForQuery{transactionStatus=IDLE}
2026-03-15 10:13:40.305 DEBUG [reactor-tcp-nio-5] io.r2dbc.postgresql.QUERY : [cid: 0x5][pid: 312] Executing query: SELECT oid, * FROM pg_catalog.pg_type WHERE typname IN ('hstore','geometry','vector')
2026-03-15 10:13:40.305 DEBUG [reactor-tcp-nio-5] i.r.p.client.ReactorNettyClient : [cid: 0x5][pid: 312] Request:  Query{query='SELECT oid, * FROM pg_catalog.pg_type WHERE typname IN ('hstore','geometry','vector')'}
2026-03-15 10:13:40.308 DEBUG [reactor-tcp-nio-5] i.r.p.client.ReactorNettyClient : [cid: 0x5][pid: 312] Response: RowDescription{fields=[Field{column=1, dataType=26, dataTypeModifier=-1, dataTypeSize=4, format=FORMAT_TEXT, name='oid', table=1247}, Field{column=1, dataType=26, dataTypeModifier=-1, dataTypeSize=4, format=FORMAT_TEXT, name='oid', table=1247}, Field{column=2, dataType=19, dataTypeModifier=-1, dataTypeSize=64, format=FORMAT_TEXT, name='typname', table=1247}, Field{column=3, dataType=26, dataTypeModifier=-1, dataTypeSize=4, format=FORMAT_TEXT, name='typnamespace', table=1247}, Field{column=4, dataType=26, dataTypeModifier=-1, dataTypeSize=4, format=FORMAT_TEXT, name='typowner', table=1247}, Field{column=5, dataType=21, dataTypeModifier=-1, dataTypeSize=2, format=FORMAT_TEXT, name='typlen', table=1247}, Field{column=6, dataType=16, dataTypeModifier=-1, dataTypeSize=1, format=FORMAT_TEXT, name='typbyval', table=1247}, Field{column=7, dataType=18, dataTypeModifier=-1, dataTypeSize=1, format=FORMAT_TEXT, name='typtype', table=1247}, Field{column=8, dataType=18, dataTypeModifier=-1, dataTypeSize=1, format=FORMAT_TEXT, name='typcategory', table=1247}, Field{column=9, dataType=16, dataTypeModifier=-1, dataTypeSize=1, format=FORMAT_TEXT, name='typispreferred', table=1247}, Field{column=10, dataType=16, dataTypeModifier=-1, dataTypeSize=1, format=FORMAT_TEXT, name='typisdefined', table=1247}, Field{column=11, dataType=18, dataTypeModifier=-1, dataTypeSize=1, format=FORMAT_TEXT, name='typdelim', table=1247}, Field{column=12, dataType=26, dataTypeModifier=-1, dataTypeSize=4, format=FORMAT_TEXT, name='typrelid', table=1247}, Field{column=13, dataType=24, dataTypeModifier=-1, dataTypeSize=4, format=FORMAT_TEXT, name='typsubscript', table=1247}, Field{column=14, dataType=26, dataTypeModifier=-1, dataTypeSize=4, format=FORMAT_TEXT, name='typelem', table=1247}, Field{column=15, dataType=26, dataTypeModifier=-1, dataTypeSize=4, format=FORMAT_TEXT, name='typarray', table=1247}, Field{column=16, dataType=24, dataTypeModifier=-1, dataTypeSize=4, format=FORMAT_TEXT, name='typinput', table=1247}, Field{column=17, dataType=24, dataTypeModifier=-1, dataTypeSize=4, format=FORMAT_TEXT, name='typoutput', table=1247}, Field{column=18, dataType=24, dataTypeModifier=-1, dataTypeSize=4, format=FORMAT_TEXT, name='typreceive', table=1247}, Field{column=19, dataType=24, dataTypeModifier=-1, dataTypeSize=4, format=FORMAT_TEXT, name='typsend', table=1247}, Field{column=20, dataType=24, dataTypeModifier=-1, dataTypeSize=4, format=FORMAT_TEXT, name='typmodin', table=1247}, Field{column=21, dataType=24, dataTypeModifier=-1, dataTypeSize=4, format=FORMAT_TEXT, name='typmodout', table=1247}, Field{column=22, dataType=24, dataTypeModifier=-1, dataTypeSize=4, format=FORMAT_TEXT, name='typanalyze', table=1247}, Field{column=23, dataType=18, dataTypeModifier=-1, dataTypeSize=1, format=FORMAT_TEXT, name='typalign', table=1247}, Field{column=24, dataType=18, dataTypeModifier=-1, dataTypeSize=1, format=FORMAT_TEXT, name='typstorage', table=1247}, Field{column=25, dataType=16, dataTypeModifier=-1, dataTypeSize=1, format=FORMAT_TEXT, name='typnotnull', table=1247}, Field{column=26, dataType=26, dataTypeModifier=-1, dataTypeSize=4, format=FORMAT_TEXT, name='typbasetype', table=1247}, Field{column=27, dataType=23, dataTypeModifier=-1, dataTypeSize=4, format=FORMAT_TEXT, name='typtypmod', table=1247}, Field{column=28, dataType=23, dataTypeModifier=-1, dataTypeSize=4, format=FORMAT_TEXT, name='typndims', table=1247}, Field{column=29, dataType=26, dataTypeModifier=-1, dataTypeSize=4, format=FORMAT_TEXT, name='typcollation', table=1247}, Field{column=30, dataType=194, dataTypeModifier=-1, dataTypeSize=-1, format=FORMAT_TEXT, name='typdefaultbin', table=1247}, Field{column=31, dataType=25, dataTypeModifier=-1, dataTypeSize=-1, format=FORMAT_TEXT, name='typdefault', table=1247}, Field{column=32, dataType=1034, dataTypeModifier=-1, dataTypeSize=-1, format=FORMAT_TEXT, name='typacl', table=1247}]}
2026-03-15 10:13:40.309 DEBUG [reactor-tcp-nio-5] i.r.p.client.ReactorNettyClient : [cid: 0x5][pid: 312] Response: CommandComplete{command=SELECT, rowId=null, rows=0}
2026-03-15 10:13:40.309 DEBUG [reactor-tcp-nio-5] i.r.p.client.ReactorNettyClient : [cid: 0x5][pid: 312] Response: ReadyForQuery{transactionStatus=IDLE}
2026-03-15 10:13:47.094 DEBUG [reactor-http-nio-2] r.n.http.server.HttpServerOperations : [4f6b8adc, L:/127.0.0.1:9091 - R:/127.0.0.1:63137] New http connection, requesting read
2026-03-15 10:13:47.105 DEBUG [reactor-http-nio-2] r.n.http.server.HttpServerOperations : [4f6b8adc, L:/127.0.0.1:9091 - R:/127.0.0.1:63137] Increasing pending responses count: 1
2026-03-15 10:13:47.109 DEBUG [reactor-http-nio-2] r.netty.http.server.HttpServer : [4f6b8adc-1, L:/127.0.0.1:9091 - R:/127.0.0.1:63137] Handler is being applied: org.springframework.http.server.reactive.ReactorHttpHandlerAdapter@48dccee4
2026-03-15 10:13:47.115 DEBUG [reactor-http-nio-2] o.s.w.s.a.HttpWebHandlerAdapter : [4f6b8adc-1] HTTP GET "/internal/actuator/prometheus"
2026-03-15 10:13:47.140 DEBUG [parallel-3] o.s.w.s.s.DefaultWebSessionManager : Created new WebSession.
2026-03-15 10:13:47.142 DEBUG [parallel-3] o.s.s.w.s.u.m.OrServerWebExchangeMatcher : Trying to match using PathMatcherServerWebExchangeMatcher{pattern='/logout', method=POST}
2026-03-15 10:13:47.143 DEBUG [parallel-3] o.s.s.w.s.u.m.PathPatternParserServerWebExchangeMatcher : Request 'GET /internal/actuator/prometheus' doesn't match 'POST /logout'
2026-03-15 10:13:47.143 DEBUG [parallel-3] o.s.s.w.s.u.m.OrServerWebExchangeMatcher : No matches found
2026-03-15 10:13:47.146 DEBUG [parallel-3] o.s.s.w.s.u.m.OrServerWebExchangeMatcher : Trying to match using PathMatcherServerWebExchangeMatcher{pattern='/actuator/**', method=null}
2026-03-15 10:13:47.147 DEBUG [parallel-3] o.s.s.w.s.u.m.PathPatternParserServerWebExchangeMatcher : Request 'GET /internal/actuator/prometheus' doesn't match 'null /actuator/**'
2026-03-15 10:13:47.147 DEBUG [parallel-3] o.s.s.w.s.u.m.OrServerWebExchangeMatcher : No matches found
2026-03-15 10:13:47.147 DEBUG [parallel-3] o.s.s.w.s.a.DelegatingReactiveAuthorizationManager : Checking authorization on '/internal/actuator/prometheus' using org.springframework.security.authorization.AuthenticatedReactiveAuthorizationManager@30d1a60e
2026-03-15 10:13:47.148 DEBUG [parallel-3] o.s.s.w.s.c.WebSessionServerSecurityContextRepository : No SecurityContext found in WebSession: 'org.springframework.web.server.session.InMemoryWebSessionStore$InMemoryWebSession@402ad747'
2026-03-15 10:13:47.150 DEBUG [parallel-3] o.s.s.w.s.a.AuthorizationWebFilter : Authorization failed: Access Denied
2026-03-15 10:13:47.151 DEBUG [parallel-3] o.s.s.w.s.c.WebSessionServerSecurityContextRepository : No SecurityContext found in WebSession: 'org.springframework.web.server.session.InMemoryWebSessionStore$InMemoryWebSession@402ad747'
2026-03-15 10:13:47.152 DEBUG [parallel-3] o.s.w.s.a.HttpWebHandlerAdapter : [4f6b8adc-1] Completed 401 UNAUTHORIZED
2026-03-15 10:13:47.170 DEBUG [parallel-3] r.n.http.server.HttpServerOperations : [4f6b8adc-1, L:/127.0.0.1:9091 - R:/127.0.0.1:63137] Last HTTP response frame
2026-03-15 10:13:47.170 DEBUG [parallel-3] r.n.http.server.HttpServerOperations : [4f6b8adc-1, L:/127.0.0.1:9091 - R:/127.0.0.1:63137] Headers are not sent before onComplete().
2026-03-15 10:13:47.172 DEBUG [reactor-http-nio-2] r.n.http.server.HttpServerOperations : [4f6b8adc-1, L:/127.0.0.1:9091 - R:/127.0.0.1:63137] Decreasing pending responses count: 0
2026-03-15 10:13:47.172 DEBUG [reactor-http-nio-2] r.n.http.server.HttpServerOperations : [4f6b8adc-1, L:/127.0.0.1:9091 - R:/127.0.0.1:63137] Last HTTP packet was sent, terminating the channel
2026-03-15 10:13:53.687 DEBUG [DiscoveryClient-HeartbeatExecutor-%d] o.s.web.client.RestTemplate : HTTP PUT http://localhost:8761/eureka/apps/BANK-SERVICE/bank-service:9091?status=UP&lastDirtyTimestamp=1773548018678
2026-03-15 10:13:53.697 DEBUG [DiscoveryClient-HeartbeatExecutor-%d] o.s.web.client.RestTemplate : Accept=[application/json, application/*+json]
2026-03-15 10:13:53.712 DEBUG [DiscoveryClient-HeartbeatExecutor-%d] o.s.web.client.RestTemplate : Response 200 OK
2026-03-15 10:14:00.912 DEBUG [reactor-http-nio-2] r.n.http.server.HttpServerOperations : [4f6b8adc, L:/127.0.0.1:9091 - R:/127.0.0.1:63137] Increasing pending responses count: 1
2026-03-15 10:14:00.912 DEBUG [reactor-http-nio-2] r.netty.http.server.HttpServer : [4f6b8adc-2, L:/127.0.0.1:9091 - R:/127.0.0.1:63137] Handler is being applied: org.springframework.http.server.reactive.ReactorHttpHandlerAdapter@48dccee4
2026-03-15 10:14:00.912 DEBUG [reactor-http-nio-2] o.s.w.s.a.HttpWebHandlerAdapter : [4f6b8adc-2] HTTP GET "/internal/actuator/prometheus"
2026-03-15 10:14:00.914 DEBUG [parallel-4] o.s.w.s.s.DefaultWebSessionManager : Created new WebSession.
2026-03-15 10:14:00.914 DEBUG [parallel-4] o.s.s.w.s.u.m.OrServerWebExchangeMatcher : Trying to match using PathMatcherServerWebExchangeMatcher{pattern='/logout', method=POST}
2026-03-15 10:14:00.914 DEBUG [parallel-4] o.s.s.w.s.u.m.PathPatternParserServerWebExchangeMatcher : Request 'GET /internal/actuator/prometheus' doesn't match 'POST /logout'
2026-03-15 10:14:00.914 DEBUG [parallel-4] o.s.s.w.s.u.m.OrServerWebExchangeMatcher : No matches found
2026-03-15 10:14:00.914 DEBUG [parallel-4] o.s.s.w.s.u.m.OrServerWebExchangeMatcher : Trying to match using PathMatcherServerWebExchangeMatcher{pattern='/actuator/**', method=null}
2026-03-15 10:14:00.914 DEBUG [parallel-4] o.s.s.w.s.u.m.PathPatternParserServerWebExchangeMatcher : Request 'GET /internal/actuator/prometheus' doesn't match 'null /actuator/**'
2026-03-15 10:14:00.914 DEBUG [parallel-4] o.s.s.w.s.u.m.OrServerWebExchangeMatcher : No matches found
2026-03-15 10:14:00.914 DEBUG [parallel-4] o.s.s.w.s.a.DelegatingReactiveAuthorizationManager : Checking authorization on '/internal/actuator/prometheus' using org.springframework.security.authorization.AuthenticatedReactiveAuthorizationManager@30d1a60e
2026-03-15 10:14:00.914 DEBUG [parallel-4] o.s.s.w.s.c.WebSessionServerSecurityContextRepository : No SecurityContext found in WebSession: 'org.springframework.web.server.session.InMemoryWebSessionStore$InMemoryWebSession@6c33e03a'
2026-03-15 10:14:00.914 DEBUG [parallel-4] o.s.s.w.s.a.AuthorizationWebFilter : Authorization failed: Access Denied
2026-03-15 10:14:00.914 DEBUG [parallel-4] o.s.s.w.s.c.WebSessionServerSecurityContextRepository : No SecurityContext found in WebSession: 'org.springframework.web.server.session.InMemoryWebSessionStore$InMemoryWebSession@6c33e03a'
2026-03-15 10:14:00.915 DEBUG [parallel-4] o.s.w.s.a.HttpWebHandlerAdapter : [4f6b8adc-2] Completed 401 UNAUTHORIZED
2026-03-15 10:14:00.915 DEBUG [parallel-4] r.n.http.server.HttpServerOperations : [4f6b8adc-2, L:/127.0.0.1:9091 - R:/127.0.0.1:63137] Last HTTP response frame
2026-03-15 10:14:00.915 DEBUG [parallel-4] r.n.http.server.HttpServerOperations : [4f6b8adc-2, L:/127.0.0.1:9091 - R:/127.0.0.1:63137] Headers are not sent before onComplete().
2026-03-15 10:14:00.916 DEBUG [reactor-http-nio-2] r.n.http.server.HttpServerOperations : [4f6b8adc-2, L:/127.0.0.1:9091 - R:/127.0.0.1:63137] Decreasing pending responses count: 0
2026-03-15 10:14:00.916 DEBUG [reactor-http-nio-2] r.n.http.server.HttpServerOperations : [4f6b8adc-2, L:/127.0.0.1:9091 - R:/127.0.0.1:63137] Last HTTP packet was sent, terminating the channel
2026-03-15 10:14:08.676 DEBUG [DiscoveryClient-CacheRefreshExecutor-%d] o.s.web.client.RestTemplate : HTTP GET http://localhost:8761/eureka/apps/delta
2026-03-15 10:14:08.676 DEBUG [DiscoveryClient-CacheRefreshExecutor-%d] o.s.web.client.RestTemplate : Accept=[application/json, application/*+json]
2026-03-15 10:14:08.693 DEBUG [DiscoveryClient-CacheRefreshExecutor-%d] o.s.web.client.RestTemplate : Response 200 OK
2026-03-15 10:14:08.693 DEBUG [DiscoveryClient-CacheRefreshExecutor-%d] o.s.web.client.RestTemplate : Reading to [org.springframework.cloud.netflix.eureka.http.EurekaApplications]
2026-03-15 10:14:08.722 DEBUG [DiscoveryClient-HeartbeatExecutor-%d] o.s.web.client.RestTemplate : HTTP PUT http://localhost:8761/eureka/apps/BANK-SERVICE/bank-service:9091?status=UP&lastDirtyTimestamp=1773548018678
2026-03-15 10:14:08.722 DEBUG [DiscoveryClient-HeartbeatExecutor-%d] o.s.web.client.RestTemplate : Accept=[application/json, application/*+json]
2026-03-15 10:14:08.738 DEBUG [DiscoveryClient-HeartbeatExecutor-%d] o.s.web.client.RestTemplate : Response 200 OK
2026-03-15 10:14:14.757 DEBUG [reactor-http-nio-2] r.n.http.server.HttpServerOperations : [4f6b8adc, L:/127.0.0.1:9091 - R:/127.0.0.1:63137] Increasing pending responses count: 1
2026-03-15 10:14:14.758 DEBUG [reactor-http-nio-2] r.netty.http.server.HttpServer : [4f6b8adc-3, L:/127.0.0.1:9091 - R:/127.0.0.1:63137] Handler is being applied: org.springframework.http.server.reactive.ReactorHttpHandlerAdapter@48dccee4
2026-03-15 10:14:14.758 DEBUG [reactor-http-nio-2] o.s.w.s.a.HttpWebHandlerAdapter : [4f6b8adc-3] HTTP GET "/internal/actuator/prometheus"
2026-03-15 10:14:14.760 DEBUG [parallel-5] o.s.w.s.s.DefaultWebSessionManager : Created new WebSession.
2026-03-15 10:14:14.760 DEBUG [parallel-5] o.s.s.w.s.u.m.OrServerWebExchangeMatcher : Trying to match using PathMatcherServerWebExchangeMatcher{pattern='/logout', method=POST}
2026-03-15 10:14:14.760 DEBUG [parallel-5] o.s.s.w.s.u.m.PathPatternParserServerWebExchangeMatcher : Request 'GET /internal/actuator/prometheus' doesn't match 'POST /logout'
2026-03-15 10:14:14.760 DEBUG [parallel-5] o.s.s.w.s.u.m.OrServerWebExchangeMatcher : No matches found
2026-03-15 10:14:14.760 DEBUG [parallel-5] o.s.s.w.s.u.m.OrServerWebExchangeMatcher : Trying to match using PathMatcherServerWebExchangeMatcher{pattern='/actuator/**', method=null}
2026-03-15 10:14:14.760 DEBUG [parallel-5] o.s.s.w.s.u.m.PathPatternParserServerWebExchangeMatcher : Request 'GET /internal/actuator/prometheus' doesn't match 'null /actuator/**'
2026-03-15 10:14:14.760 DEBUG [parallel-5] o.s.s.w.s.u.m.OrServerWebExchangeMatcher : No matches found
2026-03-15 10:14:14.761 DEBUG [parallel-5] o.s.s.w.s.a.DelegatingReactiveAuthorizationManager : Checking authorization on '/internal/actuator/prometheus' using org.springframework.security.authorization.AuthenticatedReactiveAuthorizationManager@30d1a60e
2026-03-15 10:14:14.761 DEBUG [parallel-5] o.s.s.w.s.c.WebSessionServerSecurityContextRepository : No SecurityContext found in WebSession: 'org.springframework.web.server.session.InMemoryWebSessionStore$InMemoryWebSession@2c5f9f9c'
2026-03-15 10:14:14.761 DEBUG [parallel-5] o.s.s.w.s.a.AuthorizationWebFilter : Authorization failed: Access Denied
2026-03-15 10:14:14.761 DEBUG [parallel-5] o.s.s.w.s.c.WebSessionServerSecurityContextRepository : No SecurityContext found in WebSession: 'org.springframework.web.server.session.InMemoryWebSessionStore$InMemoryWebSession@2c5f9f9c'
2026-03-15 10:14:14.761 DEBUG [parallel-5] o.s.w.s.a.HttpWebHandlerAdapter : [4f6b8adc-3] Completed 401 UNAUTHORIZED
2026-03-15 10:14:14.763 DEBUG [parallel-5] r.n.http.server.HttpServerOperations : [4f6b8adc-3, L:/127.0.0.1:9091 - R:/127.0.0.1:63137] Last HTTP response frame
2026-03-15 10:14:14.763 DEBUG [parallel-5] r.n.http.server.HttpServerOperations : [4f6b8adc-3, L:/127.0.0.1:9091 - R:/127.0.0.1:63137] Headers are not sent before onComplete().
2026-03-15 10:14:14.763 DEBUG [reactor-http-nio-2] r.n.http.server.HttpServerOperations : [4f6b8adc-3, L:/127.0.0.1:9091 - R:/127.0.0.1:63137] Decreasing pending responses count: 0
2026-03-15 10:14:14.763 DEBUG [reactor-http-nio-2] r.n.http.server.HttpServerOperations : [4f6b8adc-3, L:/127.0.0.1:9091 - R:/127.0.0.1:63137] Last HTTP packet was sent, terminating the channel
2026-03-15 10:14:23.741 DEBUG [DiscoveryClient-HeartbeatExecutor-%d] o.s.web.client.RestTemplate : HTTP PUT http://localhost:8761/eureka/apps/BANK-SERVICE/bank-service:9091?status=UP&lastDirtyTimestamp=1773548018678
2026-03-15 10:14:23.741 DEBUG [DiscoveryClient-HeartbeatExecutor-%d] o.s.web.client.RestTemplate : Accept=[application/json, application/*+json]
2026-03-15 10:14:23.758 DEBUG [DiscoveryClient-HeartbeatExecutor-%d] o.s.web.client.RestTemplate : Response 200 OK
2026-03-15 10:14:28.666 DEBUG [reactor-http-nio-2] r.n.http.server.HttpServerOperations : [4f6b8adc, L:/127.0.0.1:9091 - R:/127.0.0.1:63137] Increasing pending responses count: 1
2026-03-15 10:14:28.666 DEBUG [reactor-http-nio-2] r.netty.http.server.HttpServer : [4f6b8adc-4, L:/127.0.0.1:9091 - R:/127.0.0.1:63137] Handler is being applied: org.springframework.http.server.reactive.ReactorHttpHandlerAdapter@48dccee4
2026-03-15 10:14:28.666 DEBUG [reactor-http-nio-2] o.s.w.s.a.HttpWebHandlerAdapter : [4f6b8adc-4] HTTP GET "/internal/actuator/prometheus"
2026-03-15 10:14:28.667 DEBUG [parallel-6] o.s.w.s.s.DefaultWebSessionManager : Created new WebSession.
2026-03-15 10:14:28.667 DEBUG [parallel-6] o.s.s.w.s.u.m.OrServerWebExchangeMatcher : Trying to match using PathMatcherServerWebExchangeMatcher{pattern='/logout', method=POST}
2026-03-15 10:14:28.667 DEBUG [parallel-6] o.s.s.w.s.u.m.PathPatternParserServerWebExchangeMatcher : Request 'GET /internal/actuator/prometheus' doesn't match 'POST /logout'
2026-03-15 10:14:28.667 DEBUG [parallel-6] o.s.s.w.s.u.m.OrServerWebExchangeMatcher : No matches found
2026-03-15 10:14:28.668 DEBUG [parallel-6] o.s.s.w.s.u.m.OrServerWebExchangeMatcher : Trying to match using PathMatcherServerWebExchangeMatcher{pattern='/actuator/**', method=null}
2026-03-15 10:14:28.668 DEBUG [parallel-6] o.s.s.w.s.u.m.PathPatternParserServerWebExchangeMatcher : Request 'GET /internal/actuator/prometheus' doesn't match 'null /actuator/**'
2026-03-15 10:14:28.668 DEBUG [parallel-6] o.s.s.w.s.u.m.OrServerWebExchangeMatcher : No matches found
2026-03-15 10:14:28.668 DEBUG [parallel-6] o.s.s.w.s.a.DelegatingReactiveAuthorizationManager : Checking authorization on '/internal/actuator/prometheus' using org.springframework.security.authorization.AuthenticatedReactiveAuthorizationManager@30d1a60e
2026-03-15 10:14:28.668 DEBUG [parallel-6] o.s.s.w.s.c.WebSessionServerSecurityContextRepository : No SecurityContext found in WebSession: 'org.springframework.web.server.session.InMemoryWebSessionStore$InMemoryWebSession@370717f7'
2026-03-15 10:14:28.668 DEBUG [parallel-6] o.s.s.w.s.a.AuthorizationWebFilter : Authorization failed: Access Denied
2026-03-15 10:14:28.668 DEBUG [parallel-6] o.s.s.w.s.c.WebSessionServerSecurityContextRepository : No SecurityContext found in WebSession: 'org.springframework.web.server.session.InMemoryWebSessionStore$InMemoryWebSession@370717f7'
2026-03-15 10:14:28.669 DEBUG [parallel-6] o.s.w.s.a.HttpWebHandlerAdapter : [4f6b8adc-4] Completed 401 UNAUTHORIZED
2026-03-15 10:14:28.669 DEBUG [parallel-6] r.n.http.server.HttpServerOperations : [4f6b8adc-4, L:/127.0.0.1:9091 - R:/127.0.0.1:63137] Last HTTP response frame
2026-03-15 10:14:28.669 DEBUG [parallel-6] r.n.http.server.HttpServerOperations : [4f6b8adc-4, L:/127.0.0.1:9091 - R:/127.0.0.1:63137] Headers are not sent before onComplete().
2026-03-15 10:14:28.670 DEBUG [reactor-http-nio-2] r.n.http.server.HttpServerOperations : [4f6b8adc-4, L:/127.0.0.1:9091 - R:/127.0.0.1:63137] Decreasing pending responses count: 0
2026-03-15 10:14:28.671 DEBUG [reactor-http-nio-2] r.n.http.server.HttpServerOperations : [4f6b8adc-4, L:/127.0.0.1:9091 - R:/127.0.0.1:63137] Last HTTP packet was sent, terminating the channel
2026-03-15 10:14:38.713 DEBUG [DiscoveryClient-CacheRefreshExecutor-%d] o.s.web.client.RestTemplate : HTTP GET http://localhost:8761/eureka/apps/delta
2026-03-15 10:14:38.713 DEBUG [DiscoveryClient-CacheRefreshExecutor-%d] o.s.web.client.RestTemplate : Accept=[application/json, application/*+json]
2026-03-15 10:14:38.730 DEBUG [DiscoveryClient-CacheRefreshExecutor-%d] o.s.web.client.RestTemplate : Response 200 OK
2026-03-15 10:14:38.730 DEBUG [DiscoveryClient-CacheRefreshExecutor-%d] o.s.web.client.RestTemplate : Reading to [org.springframework.cloud.netflix.eureka.http.EurekaApplications]
2026-03-15 10:14:38.759 DEBUG [DiscoveryClient-HeartbeatExecutor-%d] o.s.web.client.RestTemplate : HTTP PUT http://localhost:8761/eureka/apps/BANK-SERVICE/bank-service:9091?status=UP&lastDirtyTimestamp=1773548018678
2026-03-15 10:14:38.760 DEBUG [DiscoveryClient-HeartbeatExecutor-%d] o.s.web.client.RestTemplate : Accept=[application/json, application/*+json]
2026-03-15 10:14:38.777 DEBUG [DiscoveryClient-HeartbeatExecutor-%d] o.s.web.client.RestTemplate : Response 200 OK
2026-03-15 10:14:42.452 DEBUG [reactor-http-nio-2] r.n.http.server.HttpServerOperations : [4f6b8adc, L:/127.0.0.1:9091 - R:/127.0.0.1:63137] Increasing pending responses count: 1
2026-03-15 10:14:42.452 DEBUG [reactor-http-nio-2] r.netty.http.server.HttpServer : [4f6b8adc-5, L:/127.0.0.1:9091 - R:/127.0.0.1:63137] Handler is being applied: org.springframework.http.server.reactive.ReactorHttpHandlerAdapter@48dccee4
2026-03-15 10:14:42.452 DEBUG [reactor-http-nio-2] o.s.w.s.a.HttpWebHandlerAdapter : [4f6b8adc-5] HTTP GET "/internal/actuator/prometheus"
2026-03-15 10:14:42.454 DEBUG [parallel-7] o.s.w.s.s.DefaultWebSessionManager : Created new WebSession.
2026-03-15 10:14:42.454 DEBUG [parallel-7] o.s.s.w.s.u.m.OrServerWebExchangeMatcher : Trying to match using PathMatcherServerWebExchangeMatcher{pattern='/logout', method=POST}
2026-03-15 10:14:42.455 DEBUG [parallel-7] o.s.s.w.s.u.m.PathPatternParserServerWebExchangeMatcher : Request 'GET /internal/actuator/prometheus' doesn't match 'POST /logout'
2026-03-15 10:14:42.455 DEBUG [parallel-7] o.s.s.w.s.u.m.OrServerWebExchangeMatcher : No matches found
2026-03-15 10:14:42.455 DEBUG [parallel-7] o.s.s.w.s.u.m.OrServerWebExchangeMatcher : Trying to match using PathMatcherServerWebExchangeMatcher{pattern='/actuator/**', method=null}
2026-03-15 10:14:42.455 DEBUG [parallel-7] o.s.s.w.s.u.m.PathPatternParserServerWebExchangeMatcher : Request 'GET /internal/actuator/prometheus' doesn't match 'null /actuator/**'
2026-03-15 10:14:42.455 DEBUG [parallel-7] o.s.s.w.s.u.m.OrServerWebExchangeMatcher : No matches found
2026-03-15 10:14:42.455 DEBUG [parallel-7] o.s.s.w.s.a.DelegatingReactiveAuthorizationManager : Checking authorization on '/internal/actuator/prometheus' using org.springframework.security.authorization.AuthenticatedReactiveAuthorizationManager@30d1a60e
2026-03-15 10:14:42.455 DEBUG [parallel-7] o.s.s.w.s.c.WebSessionServerSecurityContextRepository : No SecurityContext found in WebSession: 'org.springframework.web.server.session.InMemoryWebSessionStore$InMemoryWebSession@53daaa24'
2026-03-15 10:14:42.456 DEBUG [parallel-7] o.s.s.w.s.a.AuthorizationWebFilter : Authorization failed: Access Denied
2026-03-15 10:14:42.456 DEBUG [parallel-7] o.s.s.w.s.c.WebSessionServerSecurityContextRepository : No SecurityContext found in WebSession: 'org.springframework.web.server.session.InMemoryWebSessionStore$InMemoryWebSession@53daaa24'
2026-03-15 10:14:42.457 DEBUG [parallel-7] o.s.w.s.a.HttpWebHandlerAdapter : [4f6b8adc-5] Completed 401 UNAUTHORIZED
2026-03-15 10:14:42.457 DEBUG [parallel-7] r.n.http.server.HttpServerOperations : [4f6b8adc-5, L:/127.0.0.1:9091 - R:/127.0.0.1:63137] Last HTTP response frame
2026-03-15 10:14:42.457 DEBUG [parallel-7] r.n.http.server.HttpServerOperations : [4f6b8adc-5, L:/127.0.0.1:9091 - R:/127.0.0.1:63137] Headers are not sent before onComplete().
2026-03-15 10:14:42.458 DEBUG [reactor-http-nio-2] r.n.http.server.HttpServerOperations : [4f6b8adc-5, L:/127.0.0.1:9091 - R:/127.0.0.1:63137] Decreasing pending responses count: 0
2026-03-15 10:14:42.458 DEBUG [reactor-http-nio-2] r.n.http.server.HttpServerOperations : [4f6b8adc-5, L:/127.0.0.1:9091 - R:/127.0.0.1:63137] Last HTTP packet was sent, terminating the channel
2026-03-15 10:14:53.788 DEBUG [DiscoveryClient-HeartbeatExecutor-%d] o.s.web.client.RestTemplate : HTTP PUT http://localhost:8761/eureka/apps/BANK-SERVICE/bank-service:9091?status=UP&lastDirtyTimestamp=1773548018678
2026-03-15 10:14:53.788 DEBUG [DiscoveryClient-HeartbeatExecutor-%d] o.s.web.client.RestTemplate : Accept=[application/json, application/*+json]
2026-03-15 10:14:53.805 DEBUG [DiscoveryClient-HeartbeatExecutor-%d] o.s.web.client.RestTemplate : Response 200 OK
2026-03-15 10:14:56.307 DEBUG [reactor-http-nio-2] r.n.http.server.HttpServerOperations : [4f6b8adc, L:/127.0.0.1:9091 - R:/127.0.0.1:63137] Increasing pending responses count: 1
2026-03-15 10:14:56.308 DEBUG [reactor-http-nio-2] r.netty.http.server.HttpServer : [4f6b8adc-6, L:/127.0.0.1:9091 - R:/127.0.0.1:63137] Handler is being applied: org.springframework.http.server.reactive.ReactorHttpHandlerAdapter@48dccee4
2026-03-15 10:14:56.308 DEBUG [reactor-http-nio-2] o.s.w.s.a.HttpWebHandlerAdapter : [4f6b8adc-6] HTTP GET "/internal/actuator/prometheus"
2026-03-15 10:14:56.309 DEBUG [parallel-8] o.s.w.s.s.DefaultWebSessionManager : Created new WebSession.
2026-03-15 10:14:56.309 DEBUG [parallel-8] o.s.s.w.s.u.m.OrServerWebExchangeMatcher : Trying to match using PathMatcherServerWebExchangeMatcher{pattern='/logout', method=POST}
2026-03-15 10:14:56.309 DEBUG [parallel-8] o.s.s.w.s.u.m.PathPatternParserServerWebExchangeMatcher : Request 'GET /internal/actuator/prometheus' doesn't match 'POST /logout'
2026-03-15 10:14:56.309 DEBUG [parallel-8] o.s.s.w.s.u.m.OrServerWebExchangeMatcher : No matches found
2026-03-15 10:14:56.309 DEBUG [parallel-8] o.s.s.w.s.u.m.OrServerWebExchangeMatcher : Trying to match using PathMatcherServerWebExchangeMatcher{pattern='/actuator/**', method=null}
2026-03-15 10:14:56.309 DEBUG [parallel-8] o.s.s.w.s.u.m.PathPatternParserServerWebExchangeMatcher : Request 'GET /internal/actuator/prometheus' doesn't match 'null /actuator/**'
2026-03-15 10:14:56.309 DEBUG [parallel-8] o.s.s.w.s.u.m.OrServerWebExchangeMatcher : No matches found
2026-03-15 10:14:56.309 DEBUG [parallel-8] o.s.s.w.s.a.DelegatingReactiveAuthorizationManager : Checking authorization on '/internal/actuator/prometheus' using org.springframework.security.authorization.AuthenticatedReactiveAuthorizationManager@30d1a60e
2026-03-15 10:14:56.309 DEBUG [parallel-8] o.s.s.w.s.c.WebSessionServerSecurityContextRepository : No SecurityContext found in WebSession: 'org.springframework.web.server.session.InMemoryWebSessionStore$InMemoryWebSession@62fd2795'
2026-03-15 10:14:56.310 DEBUG [parallel-8] o.s.s.w.s.a.AuthorizationWebFilter : Authorization failed: Access Denied
2026-03-15 10:14:56.310 DEBUG [parallel-8] o.s.s.w.s.c.WebSessionServerSecurityContextRepository : No SecurityContext found in WebSession: 'org.springframework.web.server.session.InMemoryWebSessionStore$InMemoryWebSession@62fd2795'
2026-03-15 10:14:56.310 DEBUG [parallel-8] o.s.w.s.a.HttpWebHandlerAdapter : [4f6b8adc-6] Completed 401 UNAUTHORIZED
2026-03-15 10:14:56.310 DEBUG [parallel-8] r.n.http.server.HttpServerOperations : [4f6b8adc-6, L:/127.0.0.1:9091 - R:/127.0.0.1:63137] Last HTTP response frame
2026-03-15 10:14:56.310 DEBUG [parallel-8] r.n.http.server.HttpServerOperations : [4f6b8adc-6, L:/127.0.0.1:9091 - R:/127.0.0.1:63137] Headers are not sent before onComplete().
2026-03-15 10:14:56.311 DEBUG [reactor-http-nio-2] r.n.http.server.HttpServerOperations : [4f6b8adc-6, L:/127.0.0.1:9091 - R:/127.0.0.1:63137] Decreasing pending responses count: 0
2026-03-15 10:14:56.311 DEBUG [reactor-http-nio-2] r.n.http.server.HttpServerOperations : [4f6b8adc-6, L:/127.0.0.1:9091 - R:/127.0.0.1:63137] Last HTTP packet was sent, terminating the channel
2026-03-15 10:15:08.746 DEBUG [DiscoveryClient-CacheRefreshExecutor-%d] o.s.web.client.RestTemplate : HTTP GET http://localhost:8761/eureka/apps/delta
2026-03-15 10:15:08.746 DEBUG [DiscoveryClient-CacheRefreshExecutor-%d] o.s.web.client.RestTemplate : Accept=[application/json, application/*+json]
2026-03-15 10:15:08.762 DEBUG [DiscoveryClient-CacheRefreshExecutor-%d] o.s.web.client.RestTemplate : Response 200 OK
2026-03-15 10:15:08.763 DEBUG [DiscoveryClient-CacheRefreshExecutor-%d] o.s.web.client.RestTemplate : Reading to [org.springframework.cloud.netflix.eureka.http.EurekaApplications]
2026-03-15 10:15:08.808 DEBUG [DiscoveryClient-HeartbeatExecutor-%d] o.s.web.client.RestTemplate : HTTP PUT http://localhost:8761/eureka/apps/BANK-SERVICE/bank-service:9091?status=UP&lastDirtyTimestamp=1773548018678
2026-03-15 10:15:08.808 DEBUG [DiscoveryClient-HeartbeatExecutor-%d] o.s.web.client.RestTemplate : Accept=[application/json, application/*+json]
2026-03-15 10:15:08.828 DEBUG [DiscoveryClient-HeartbeatExecutor-%d] o.s.web.client.RestTemplate : Response 200 OK
2026-03-15 10:15:10.147 DEBUG [reactor-http-nio-2] r.n.http.server.HttpServerOperations : [4f6b8adc, L:/127.0.0.1:9091 - R:/127.0.0.1:63137] Increasing pending responses count: 1
2026-03-15 10:15:10.147 DEBUG [reactor-http-nio-2] r.netty.http.server.HttpServer : [4f6b8adc-7, L:/127.0.0.1:9091 - R:/127.0.0.1:63137] Handler is being applied: org.springframework.http.server.reactive.ReactorHttpHandlerAdapter@48dccee4
2026-03-15 10:15:10.147 DEBUG [reactor-http-nio-2] o.s.w.s.a.HttpWebHandlerAdapter : [4f6b8adc-7] HTTP GET "/internal/actuator/prometheus"
2026-03-15 10:15:10.148 DEBUG [parallel-9] o.s.w.s.s.DefaultWebSessionManager : Created new WebSession.
2026-03-15 10:15:10.149 DEBUG [parallel-9] o.s.s.w.s.u.m.OrServerWebExchangeMatcher : Trying to match using PathMatcherServerWebExchangeMatcher{pattern='/logout', method=POST}
2026-03-15 10:15:10.149 DEBUG [parallel-9] o.s.s.w.s.u.m.PathPatternParserServerWebExchangeMatcher : Request 'GET /internal/actuator/prometheus' doesn't match 'POST /logout'
2026-03-15 10:15:10.149 DEBUG [parallel-9] o.s.s.w.s.u.m.OrServerWebExchangeMatcher : No matches found
2026-03-15 10:15:10.149 DEBUG [parallel-9] o.s.s.w.s.u.m.OrServerWebExchangeMatcher : Trying to match using PathMatcherServerWebExchangeMatcher{pattern='/actuator/**', method=null}
2026-03-15 10:15:10.149 DEBUG [parallel-9] o.s.s.w.s.u.m.PathPatternParserServerWebExchangeMatcher : Request 'GET /internal/actuator/prometheus' doesn't match 'null /actuator/**'
2026-03-15 10:15:10.149 DEBUG [parallel-9] o.s.s.w.s.u.m.OrServerWebExchangeMatcher : No matches found
2026-03-15 10:15:10.149 DEBUG [parallel-9] o.s.s.w.s.a.DelegatingReactiveAuthorizationManager : Checking authorization on '/internal/actuator/prometheus' using org.springframework.security.authorization.AuthenticatedReactiveAuthorizationManager@30d1a60e
2026-03-15 10:15:10.149 DEBUG [parallel-9] o.s.s.w.s.c.WebSessionServerSecurityContextRepository : No SecurityContext found in WebSession: 'org.springframework.web.server.session.InMemoryWebSessionStore$InMemoryWebSession@ec7cf41'
2026-03-15 10:15:10.150 DEBUG [parallel-9] o.s.s.w.s.a.AuthorizationWebFilter : Authorization failed: Access Denied
2026-03-15 10:15:10.150 DEBUG [parallel-9] o.s.s.w.s.c.WebSessionServerSecurityContextRepository : No SecurityContext found in WebSession: 'org.springframework.web.server.session.InMemoryWebSessionStore$InMemoryWebSession@ec7cf41'
2026-03-15 10:15:10.150 DEBUG [parallel-9] o.s.w.s.a.HttpWebHandlerAdapter : [4f6b8adc-7] Completed 401 UNAUTHORIZED
2026-03-15 10:15:10.151 DEBUG [parallel-9] r.n.http.server.HttpServerOperations : [4f6b8adc-7, L:/127.0.0.1:9091 - R:/127.0.0.1:63137] Last HTTP response frame
2026-03-15 10:15:10.151 DEBUG [parallel-9] r.n.http.server.HttpServerOperations : [4f6b8adc-7, L:/127.0.0.1:9091 - R:/127.0.0.1:63137] Headers are not sent before onComplete().
2026-03-15 10:15:10.151 DEBUG [reactor-http-nio-2] r.n.http.server.HttpServerOperations : [4f6b8adc-7, L:/127.0.0.1:9091 - R:/127.0.0.1:63137] Decreasing pending responses count: 0
2026-03-15 10:15:10.151 DEBUG [reactor-http-nio-2] r.n.http.server.HttpServerOperations : [4f6b8adc-7, L:/127.0.0.1:9091 - R:/127.0.0.1:63137] Last HTTP packet was sent, terminating the channel
2026-03-15 10:15:23.844 DEBUG [DiscoveryClient-HeartbeatExecutor-%d] o.s.web.client.RestTemplate : HTTP PUT http://localhost:8761/eureka/apps/BANK-SERVICE/bank-service:9091?status=UP&lastDirtyTimestamp=1773548018678
2026-03-15 10:15:23.844 DEBUG [DiscoveryClient-HeartbeatExecutor-%d] o.s.web.client.RestTemplate : Accept=[application/json, application/*+json]
2026-03-15 10:15:23.865 DEBUG [DiscoveryClient-HeartbeatExecutor-%d] o.s.web.client.RestTemplate : Response 200 OK
2026-03-15 10:15:23.987 DEBUG [reactor-http-nio-2] r.n.http.server.HttpServerOperations : [4f6b8adc, L:/127.0.0.1:9091 - R:/127.0.0.1:63137] Increasing pending responses count: 1
2026-03-15 10:15:23.988 DEBUG [reactor-http-nio-2] r.netty.http.server.HttpServer : [4f6b8adc-8, L:/127.0.0.1:9091 - R:/127.0.0.1:63137] Handler is being applied: org.springframework.http.server.reactive.ReactorHttpHandlerAdapter@48dccee4
2026-03-15 10:15:23.988 DEBUG [reactor-http-nio-2] o.s.w.s.a.HttpWebHandlerAdapter : [4f6b8adc-8] HTTP GET "/internal/actuator/prometheus"
2026-03-15 10:15:23.989 DEBUG [parallel-10] o.s.w.s.s.DefaultWebSessionManager : Created new WebSession.
2026-03-15 10:15:23.989 DEBUG [parallel-10] o.s.s.w.s.u.m.OrServerWebExchangeMatcher : Trying to match using PathMatcherServerWebExchangeMatcher{pattern='/logout', method=POST}
2026-03-15 10:15:23.989 DEBUG [parallel-10] o.s.s.w.s.u.m.PathPatternParserServerWebExchangeMatcher : Request 'GET /internal/actuator/prometheus' doesn't match 'POST /logout'
2026-03-15 10:15:23.989 DEBUG [parallel-10] o.s.s.w.s.u.m.OrServerWebExchangeMatcher : No matches found
2026-03-15 10:15:23.989 DEBUG [parallel-10] o.s.s.w.s.u.m.OrServerWebExchangeMatcher : Trying to match using PathMatcherServerWebExchangeMatcher{pattern='/actuator/**', method=null}
2026-03-15 10:15:23.989 DEBUG [parallel-10] o.s.s.w.s.u.m.PathPatternParserServerWebExchangeMatcher : Request 'GET /internal/actuator/prometheus' doesn't match 'null /actuator/**'
2026-03-15 10:15:23.989 DEBUG [parallel-10] o.s.s.w.s.u.m.OrServerWebExchangeMatcher : No matches found
2026-03-15 10:15:23.989 DEBUG [parallel-10] o.s.s.w.s.a.DelegatingReactiveAuthorizationManager : Checking authorization on '/internal/actuator/prometheus' using org.springframework.security.authorization.AuthenticatedReactiveAuthorizationManager@30d1a60e
2026-03-15 10:15:23.989 DEBUG [parallel-10] o.s.s.w.s.c.WebSessionServerSecurityContextRepository : No SecurityContext found in WebSession: 'org.springframework.web.server.session.InMemoryWebSessionStore$InMemoryWebSession@3ac7b4cd'
2026-03-15 10:15:23.989 DEBUG [parallel-10] o.s.s.w.s.a.AuthorizationWebFilter : Authorization failed: Access Denied
2026-03-15 10:15:23.990 DEBUG [parallel-10] o.s.s.w.s.c.WebSessionServerSecurityContextRepository : No SecurityContext found in WebSession: 'org.springframework.web.server.session.InMemoryWebSessionStore$InMemoryWebSession@3ac7b4cd'
2026-03-15 10:15:23.990 DEBUG [parallel-10] o.s.w.s.a.HttpWebHandlerAdapter : [4f6b8adc-8] Completed 401 UNAUTHORIZED
2026-03-15 10:15:23.990 DEBUG [parallel-10] r.n.http.server.HttpServerOperations : [4f6b8adc-8, L:/127.0.0.1:9091 - R:/127.0.0.1:63137] Last HTTP response frame
2026-03-15 10:15:23.990 DEBUG [parallel-10] r.n.http.server.HttpServerOperations : [4f6b8adc-8, L:/127.0.0.1:9091 - R:/127.0.0.1:63137] Headers are not sent before onComplete().
2026-03-15 10:15:23.990 DEBUG [reactor-http-nio-2] r.n.http.server.HttpServerOperations : [4f6b8adc-8, L:/127.0.0.1:9091 - R:/127.0.0.1:63137] Decreasing pending responses count: 0
2026-03-15 10:15:23.991 DEBUG [reactor-http-nio-2] r.n.http.server.HttpServerOperations : [4f6b8adc-8, L:/127.0.0.1:9091 - R:/127.0.0.1:63137] Last HTTP packet was sent, terminating the channel
2026-03-15 10:15:37.834 DEBUG [reactor-http-nio-2] r.n.http.server.HttpServerOperations : [4f6b8adc, L:/127.0.0.1:9091 - R:/127.0.0.1:63137] Increasing pending responses count: 1
2026-03-15 10:15:37.834 DEBUG [reactor-http-nio-2] r.netty.http.server.HttpServer : [4f6b8adc-9, L:/127.0.0.1:9091 - R:/127.0.0.1:63137] Handler is being applied: org.springframework.http.server.reactive.ReactorHttpHandlerAdapter@48dccee4
2026-03-15 10:15:37.834 DEBUG [reactor-http-nio-2] o.s.w.s.a.HttpWebHandlerAdapter : [4f6b8adc-9] HTTP GET "/internal/actuator/prometheus"
2026-03-15 10:15:37.835 DEBUG [parallel-11] o.s.w.s.s.DefaultWebSessionManager : Created new WebSession.
2026-03-15 10:15:37.835 DEBUG [parallel-11] o.s.s.w.s.u.m.OrServerWebExchangeMatcher : Trying to match using PathMatcherServerWebExchangeMatcher{pattern='/logout', method=POST}
2026-03-15 10:15:37.835 DEBUG [parallel-11] o.s.s.w.s.u.m.PathPatternParserServerWebExchangeMatcher : Request 'GET /internal/actuator/prometheus' doesn't match 'POST /logout'
2026-03-15 10:15:37.835 DEBUG [parallel-11] o.s.s.w.s.u.m.OrServerWebExchangeMatcher : No matches found
2026-03-15 10:15:37.836 DEBUG [parallel-11] o.s.s.w.s.u.m.OrServerWebExchangeMatcher : Trying to match using PathMatcherServerWebExchangeMatcher{pattern='/actuator/**', method=null}
2026-03-15 10:15:37.836 DEBUG [parallel-11] o.s.s.w.s.u.m.PathPatternParserServerWebExchangeMatcher : Request 'GET /internal/actuator/prometheus' doesn't match 'null /actuator/**'
2026-03-15 10:15:37.836 DEBUG [parallel-11] o.s.s.w.s.u.m.OrServerWebExchangeMatcher : No matches found
2026-03-15 10:15:37.836 DEBUG [parallel-11] o.s.s.w.s.a.DelegatingReactiveAuthorizationManager : Checking authorization on '/internal/actuator/prometheus' using org.springframework.security.authorization.AuthenticatedReactiveAuthorizationManager@30d1a60e
2026-03-15 10:15:37.836 DEBUG [parallel-11] o.s.s.w.s.c.WebSessionServerSecurityContextRepository : No SecurityContext found in WebSession: 'org.springframework.web.server.session.InMemoryWebSessionStore$InMemoryWebSession@640ea02e'
2026-03-15 10:15:37.836 DEBUG [parallel-11] o.s.s.w.s.a.AuthorizationWebFilter : Authorization failed: Access Denied
2026-03-15 10:15:37.836 DEBUG [parallel-11] o.s.s.w.s.c.WebSessionServerSecurityContextRepository : No SecurityContext found in WebSession: 'org.springframework.web.server.session.InMemoryWebSessionStore$InMemoryWebSession@640ea02e'
2026-03-15 10:15:37.836 DEBUG [parallel-11] o.s.w.s.a.HttpWebHandlerAdapter : [4f6b8adc-9] Completed 401 UNAUTHORIZED
2026-03-15 10:15:37.837 DEBUG [parallel-11] r.n.http.server.HttpServerOperations : [4f6b8adc-9, L:/127.0.0.1:9091 - R:/127.0.0.1:63137] Last HTTP response frame
2026-03-15 10:15:37.837 DEBUG [parallel-11] r.n.http.server.HttpServerOperations : [4f6b8adc-9, L:/127.0.0.1:9091 - R:/127.0.0.1:63137] Headers are not sent before onComplete().
2026-03-15 10:15:37.838 DEBUG [reactor-http-nio-2] r.n.http.server.HttpServerOperations : [4f6b8adc-9, L:/127.0.0.1:9091 - R:/127.0.0.1:63137] Decreasing pending responses count: 0
2026-03-15 10:15:37.838 DEBUG [reactor-http-nio-2] r.n.http.server.HttpServerOperations : [4f6b8adc-9, L:/127.0.0.1:9091 - R:/127.0.0.1:63137] Last HTTP packet was sent, terminating the channel
2026-03-15 10:15:38.778 DEBUG [DiscoveryClient-CacheRefreshExecutor-%d] o.s.web.client.RestTemplate : HTTP GET http://localhost:8761/eureka/apps/delta
2026-03-15 10:15:38.778 DEBUG [DiscoveryClient-CacheRefreshExecutor-%d] o.s.web.client.RestTemplate : Accept=[application/json, application/*+json]
2026-03-15 10:15:38.795 DEBUG [DiscoveryClient-CacheRefreshExecutor-%d] o.s.web.client.RestTemplate : Response 200 OK
2026-03-15 10:15:38.795 DEBUG [DiscoveryClient-CacheRefreshExecutor-%d] o.s.web.client.RestTemplate : Reading to [org.springframework.cloud.netflix.eureka.http.EurekaApplications]
2026-03-15 10:15:38.872 DEBUG [DiscoveryClient-HeartbeatExecutor-%d] o.s.web.client.RestTemplate : HTTP PUT http://localhost:8761/eureka/apps/BANK-SERVICE/bank-service:9091?status=UP&lastDirtyTimestamp=1773548018678
2026-03-15 10:15:38.872 DEBUG [DiscoveryClient-HeartbeatExecutor-%d] o.s.web.client.RestTemplate : Accept=[application/json, application/*+json]
2026-03-15 10:15:38.889 DEBUG [DiscoveryClient-HeartbeatExecutor-%d] o.s.web.client.RestTemplate : Response 200 OK
2026-03-15 10:15:51.682 DEBUG [reactor-http-nio-2] r.n.http.server.HttpServerOperations : [4f6b8adc, L:/127.0.0.1:9091 - R:/127.0.0.1:63137] Increasing pending responses count: 1
2026-03-15 10:15:51.682 DEBUG [reactor-http-nio-2] r.netty.http.server.HttpServer : [4f6b8adc-10, L:/127.0.0.1:9091 - R:/127.0.0.1:63137] Handler is being applied: org.springframework.http.server.reactive.ReactorHttpHandlerAdapter@48dccee4
2026-03-15 10:15:51.682 DEBUG [reactor-http-nio-2] o.s.w.s.a.HttpWebHandlerAdapter : [4f6b8adc-10] HTTP GET "/internal/actuator/prometheus"
2026-03-15 10:15:51.683 DEBUG [parallel-12] o.s.w.s.s.DefaultWebSessionManager : Created new WebSession.
2026-03-15 10:15:51.683 DEBUG [parallel-12] o.s.s.w.s.u.m.OrServerWebExchangeMatcher : Trying to match using PathMatcherServerWebExchangeMatcher{pattern='/logout', method=POST}
2026-03-15 10:15:51.683 DEBUG [parallel-12] o.s.s.w.s.u.m.PathPatternParserServerWebExchangeMatcher : Request 'GET /internal/actuator/prometheus' doesn't match 'POST /logout'
2026-03-15 10:15:51.683 DEBUG [parallel-12] o.s.s.w.s.u.m.OrServerWebExchangeMatcher : No matches found
2026-03-15 10:15:51.683 DEBUG [parallel-12] o.s.s.w.s.u.m.OrServerWebExchangeMatcher : Trying to match using PathMatcherServerWebExchangeMatcher{pattern='/actuator/**', method=null}
2026-03-15 10:15:51.683 DEBUG [parallel-12] o.s.s.w.s.u.m.PathPatternParserServerWebExchangeMatcher : Request 'GET /internal/actuator/prometheus' doesn't match 'null /actuator/**'
2026-03-15 10:15:51.683 DEBUG [parallel-12] o.s.s.w.s.u.m.OrServerWebExchangeMatcher : No matches found
2026-03-15 10:15:51.684 DEBUG [parallel-12] o.s.s.w.s.a.DelegatingReactiveAuthorizationManager : Checking authorization on '/internal/actuator/prometheus' using org.springframework.security.authorization.AuthenticatedReactiveAuthorizationManager@30d1a60e
2026-03-15 10:15:51.684 DEBUG [parallel-12] o.s.s.w.s.c.WebSessionServerSecurityContextRepository : No SecurityContext found in WebSession: 'org.springframework.web.server.session.InMemoryWebSessionStore$InMemoryWebSession@4943cf88'
2026-03-15 10:15:51.684 DEBUG [parallel-12] o.s.s.w.s.a.AuthorizationWebFilter : Authorization failed: Access Denied
2026-03-15 10:15:51.684 DEBUG [parallel-12] o.s.s.w.s.c.WebSessionServerSecurityContextRepository : No SecurityContext found in WebSession: 'org.springframework.web.server.session.InMemoryWebSessionStore$InMemoryWebSession@4943cf88'
2026-03-15 10:15:51.684 DEBUG [parallel-12] o.s.w.s.a.HttpWebHandlerAdapter : [4f6b8adc-10] Completed 401 UNAUTHORIZED
2026-03-15 10:15:51.685 DEBUG [parallel-12] r.n.http.server.HttpServerOperations : [4f6b8adc-10, L:/127.0.0.1:9091 - R:/127.0.0.1:63137] Last HTTP response frame
2026-03-15 10:15:51.685 DEBUG [parallel-12] r.n.http.server.HttpServerOperations : [4f6b8adc-10, L:/127.0.0.1:9091 - R:/127.0.0.1:63137] Headers are not sent before onComplete().
2026-03-15 10:15:51.685 DEBUG [reactor-http-nio-2] r.n.http.server.HttpServerOperations : [4f6b8adc-10, L:/127.0.0.1:9091 - R:/127.0.0.1:63137] Decreasing pending responses count: 0
2026-03-15 10:15:51.685 DEBUG [reactor-http-nio-2] r.n.http.server.HttpServerOperations : [4f6b8adc-10, L:/127.0.0.1:9091 - R:/127.0.0.1:63137] Last HTTP packet was sent, terminating the channel
2026-03-15 10:15:53.900 DEBUG [DiscoveryClient-HeartbeatExecutor-%d] o.s.web.client.RestTemplate : HTTP PUT http://localhost:8761/eureka/apps/BANK-SERVICE/bank-service:9091?status=UP&lastDirtyTimestamp=1773548018678
2026-03-15 10:15:53.900 DEBUG [DiscoveryClient-HeartbeatExecutor-%d] o.s.web.client.RestTemplate : Accept=[application/json, application/*+json]
2026-03-15 10:15:53.920 DEBUG [DiscoveryClient-HeartbeatExecutor-%d] o.s.web.client.RestTemplate : Response 200 OK
2026-03-15 10:16:05.528 DEBUG [reactor-http-nio-2] r.n.http.server.HttpServerOperations : [4f6b8adc, L:/127.0.0.1:9091 - R:/127.0.0.1:63137] Increasing pending responses count: 1
2026-03-15 10:16:05.529 DEBUG [reactor-http-nio-2] r.netty.http.server.HttpServer : [4f6b8adc-11, L:/127.0.0.1:9091 - R:/127.0.0.1:63137] Handler is being applied: org.springframework.http.server.reactive.ReactorHttpHandlerAdapter@48dccee4
2026-03-15 10:16:05.529 DEBUG [reactor-http-nio-2] o.s.w.s.a.HttpWebHandlerAdapter : [4f6b8adc-11] HTTP GET "/internal/actuator/prometheus"
2026-03-15 10:16:05.530 DEBUG [parallel-13] o.s.w.s.s.DefaultWebSessionManager : Created new WebSession.
2026-03-15 10:16:05.530 DEBUG [parallel-13] o.s.s.w.s.u.m.OrServerWebExchangeMatcher : Trying to match using PathMatcherServerWebExchangeMatcher{pattern='/logout', method=POST}
2026-03-15 10:16:05.530 DEBUG [parallel-13] o.s.s.w.s.u.m.PathPatternParserServerWebExchangeMatcher : Request 'GET /internal/actuator/prometheus' doesn't match 'POST /logout'
2026-03-15 10:16:05.530 DEBUG [parallel-13] o.s.s.w.s.u.m.OrServerWebExchangeMatcher : No matches found
2026-03-15 10:16:05.531 DEBUG [parallel-13] o.s.s.w.s.u.m.OrServerWebExchangeMatcher : Trying to match using PathMatcherServerWebExchangeMatcher{pattern='/actuator/**', method=null}
2026-03-15 10:16:05.531 DEBUG [parallel-13] o.s.s.w.s.u.m.PathPatternParserServerWebExchangeMatcher : Request 'GET /internal/actuator/prometheus' doesn't match 'null /actuator/**'
2026-03-15 10:16:05.531 DEBUG [parallel-13] o.s.s.w.s.u.m.OrServerWebExchangeMatcher : No matches found
2026-03-15 10:16:05.531 DEBUG [parallel-13] o.s.s.w.s.a.DelegatingReactiveAuthorizationManager : Checking authorization on '/internal/actuator/prometheus' using org.springframework.security.authorization.AuthenticatedReactiveAuthorizationManager@30d1a60e
2026-03-15 10:16:05.531 DEBUG [parallel-13] o.s.s.w.s.c.WebSessionServerSecurityContextRepository : No SecurityContext found in WebSession: 'org.springframework.web.server.session.InMemoryWebSessionStore$InMemoryWebSession@1fcd5cc4'
2026-03-15 10:16:05.531 DEBUG [parallel-13] o.s.s.w.s.a.AuthorizationWebFilter : Authorization failed: Access Denied
2026-03-15 10:16:05.531 DEBUG [parallel-13] o.s.s.w.s.c.WebSessionServerSecurityContextRepository : No SecurityContext found in WebSession: 'org.springframework.web.server.session.InMemoryWebSessionStore$InMemoryWebSession@1fcd5cc4'
2026-03-15 10:16:05.531 DEBUG [parallel-13] o.s.w.s.a.HttpWebHandlerAdapter : [4f6b8adc-11] Completed 401 UNAUTHORIZED
2026-03-15 10:16:05.532 DEBUG [parallel-13] r.n.http.server.HttpServerOperations : [4f6b8adc-11, L:/127.0.0.1:9091 - R:/127.0.0.1:63137] Last HTTP response frame
2026-03-15 10:16:05.532 DEBUG [parallel-13] r.n.http.server.HttpServerOperations : [4f6b8adc-11, L:/127.0.0.1:9091 - R:/127.0.0.1:63137] Headers are not sent before onComplete().
2026-03-15 10:16:05.532 DEBUG [reactor-http-nio-2] r.n.http.server.HttpServerOperations : [4f6b8adc-11, L:/127.0.0.1:9091 - R:/127.0.0.1:63137] Decreasing pending responses count: 0
2026-03-15 10:16:05.532 DEBUG [reactor-http-nio-2] r.n.http.server.HttpServerOperations : [4f6b8adc-11, L:/127.0.0.1:9091 - R:/127.0.0.1:63137] Last HTTP packet was sent, terminating the channel
2026-03-15 10:16:08.807 DEBUG [DiscoveryClient-CacheRefreshExecutor-%d] o.s.web.client.RestTemplate : HTTP GET http://localhost:8761/eureka/apps/delta
2026-03-15 10:16:08.807 DEBUG [DiscoveryClient-CacheRefreshExecutor-%d] o.s.web.client.RestTemplate : Accept=[application/json, application/*+json]
2026-03-15 10:16:08.824 DEBUG [DiscoveryClient-CacheRefreshExecutor-%d] o.s.web.client.RestTemplate : Response 200 OK
2026-03-15 10:16:08.824 DEBUG [DiscoveryClient-CacheRefreshExecutor-%d] o.s.web.client.RestTemplate : Reading to [org.springframework.cloud.netflix.eureka.http.EurekaApplications]
2026-03-15 10:16:08.930 DEBUG [DiscoveryClient-HeartbeatExecutor-%d] o.s.web.client.RestTemplate : HTTP PUT http://localhost:8761/eureka/apps/BANK-SERVICE/bank-service:9091?status=UP&lastDirtyTimestamp=1773548018678
2026-03-15 10:16:08.931 DEBUG [DiscoveryClient-HeartbeatExecutor-%d] o.s.web.client.RestTemplate : Accept=[application/json, application/*+json]
2026-03-15 10:16:08.948 DEBUG [DiscoveryClient-HeartbeatExecutor-%d] o.s.web.client.RestTemplate : Response 200 OK
2026-03-15 10:16:13.196 INFO  [SpringApplicationShutdownHook] o.s.c.n.e.s.EurekaServiceRegistry : Unregistering application BANK-SERVICE with eureka with status DOWN
2026-03-15 10:16:13.196 INFO  [SpringApplicationShutdownHook] c.netflix.discovery.DiscoveryClient : Saw local status change event StatusChangeEvent [timestamp=1773548173196, current=DOWN, previous=UP]
2026-03-15 10:16:13.196 INFO  [DiscoveryClient-InstanceInfoReplicator-%d] c.netflix.discovery.DiscoveryClient : DiscoveryClient_BANK-SERVICE/bank-service:9091: registering service...
2026-03-15 10:16:13.196 DEBUG [DiscoveryClient-InstanceInfoReplicator-%d] o.s.web.client.RestTemplate : HTTP POST http://localhost:8761/eureka/apps/BANK-SERVICE
2026-03-15 10:16:13.196 DEBUG [DiscoveryClient-InstanceInfoReplicator-%d] o.s.web.client.RestTemplate : Accept=[application/json, application/*+json]
2026-03-15 10:16:13.197 DEBUG [DiscoveryClient-InstanceInfoReplicator-%d] o.s.web.client.RestTemplate : Writing [InstanceInfo [instanceId = bank-service:9091, appName = BANK-SERVICE, hostName = 192.168.1.136, status = DOWN, ipAddr = 192.168.1.136, port = 9091, securePort = 443, dataCenterInfo = com.netflix.appinfo.MyDataCenterInfo@449ab5f7] as "application/json"
2026-03-15 10:16:13.197 DEBUG [SpringApplicationShutdownHook] n.d.b.g.s.s.GrpcServerLifecycle : Initiating gRPC server shutdown
2026-03-15 10:16:13.201 DEBUG [DiscoveryClient-InstanceInfoReplicator-%d] o.s.web.client.RestTemplate : Response 204 NO_CONTENT
2026-03-15 10:16:13.201 INFO  [DiscoveryClient-InstanceInfoReplicator-%d] c.netflix.discovery.DiscoveryClient : DiscoveryClient_BANK-SERVICE/bank-service:9091 - registration status: 204
2026-03-15 10:16:13.202 INFO  [SpringApplicationShutdownHook] n.d.b.g.s.s.GrpcServerLifecycle : Completed gRPC server shutdown
2026-03-15 10:16:13.202 DEBUG [SpringApplicationShutdownHook] o.s.a.r.l.SimpleMessageListenerContainer : Shutting down Rabbit listener container
2026-03-15 10:16:13.206 DEBUG [SpringApplicationShutdownHook] o.s.a.r.l.SimpleMessageListenerContainer : Shutting down Rabbit listener container
2026-03-15 10:16:13.206 INFO  [org.springframework.amqp.rabbit.RabbitListenerEndpointContainer#0-2] o.s.a.r.l.SimpleMessageListenerContainer : Waiting for workers to finish.
2026-03-15 10:16:13.206 DEBUG [pool-5-thread-5] o.s.a.r.l.BlockingQueueConsumer : Received cancelOk for tag amq.ctag-CMYKq7rpAm_I9eNyLjfF6w (bank.account.update.queue); Consumer@249c96cf: tags=[[amq.ctag-CMYKq7rpAm_I9eNyLjfF6w]], channel=Cached Rabbit Channel: PublisherCallbackChannelImpl: AMQChannel(amqp://fundtransfer@127.0.0.1:5672/fundtransfer,1), conn: Proxy@5345b68c Shared Rabbit Connection: SimpleConnection@4947b8a7 [delegate=amqp://fundtransfer@127.0.0.1:5672/fundtransfer, localPort=63102], acknowledgeMode=MANUAL local queue size=0
2026-03-15 10:16:13.207 DEBUG [pool-5-thread-6] o.s.a.r.l.BlockingQueueConsumer : Received cancelOk for tag amq.ctag-yqEzCBYU34Rs19ORgKPI2g (bank.account.create.queue); Consumer@4cf5cf47: tags=[[amq.ctag-yqEzCBYU34Rs19ORgKPI2g]], channel=Cached Rabbit Channel: PublisherCallbackChannelImpl: AMQChannel(amqp://fundtransfer@127.0.0.1:5672/fundtransfer,2), conn: Proxy@5345b68c Shared Rabbit Connection: SimpleConnection@4947b8a7 [delegate=amqp://fundtransfer@127.0.0.1:5672/fundtransfer, localPort=63102], acknowledgeMode=MANUAL local queue size=0
2026-03-15 10:16:13.207 INFO  [org.springframework.amqp.rabbit.RabbitListenerEndpointContainer#1-2] o.s.a.r.l.SimpleMessageListenerContainer : Waiting for workers to finish.
2026-03-15 10:16:13.277 INFO  [org.springframework.amqp.rabbit.RabbitListenerEndpointContainer#1-2] o.s.a.r.l.SimpleMessageListenerContainer : Successfully waited for workers to finish.
2026-03-15 10:16:13.277 DEBUG [org.springframework.amqp.rabbit.RabbitListenerEndpointContainer#1-1] o.s.a.r.l.SimpleMessageListenerContainer : Cancelling Consumer@4cf5cf47: tags=[[amq.ctag-yqEzCBYU34Rs19ORgKPI2g]], channel=Cached Rabbit Channel: PublisherCallbackChannelImpl: AMQChannel(amqp://fundtransfer@127.0.0.1:5672/fundtransfer,2), conn: Proxy@5345b68c Shared Rabbit Connection: SimpleConnection@4947b8a7 [delegate=amqp://fundtransfer@127.0.0.1:5672/fundtransfer, localPort=63102], acknowledgeMode=MANUAL local queue size=0
2026-03-15 10:16:13.277 DEBUG [org.springframework.amqp.rabbit.RabbitListenerEndpointContainer#1-1] o.s.a.r.l.BlockingQueueConsumer : Closing Rabbit Channel: Cached Rabbit Channel: PublisherCallbackChannelImpl: AMQChannel(amqp://fundtransfer@127.0.0.1:5672/fundtransfer,2), conn: Proxy@5345b68c Shared Rabbit Connection: SimpleConnection@4947b8a7 [delegate=amqp://fundtransfer@127.0.0.1:5672/fundtransfer, localPort=63102]
2026-03-15 10:16:13.277 DEBUG [org.springframework.amqp.rabbit.RabbitListenerEndpointContainer#1-1] o.s.a.r.c.CachingConnectionFactory : Closing cached Channel: PublisherCallbackChannelImpl: AMQChannel(amqp://fundtransfer@127.0.0.1:5672/fundtransfer,2)
2026-03-15 10:16:13.277 DEBUG [rabbitConnectionFactory1] o.s.a.r.c.PublisherCallbackChannelImpl : Closing AMQChannel(amqp://fundtransfer@127.0.0.1:5672/fundtransfer,2)
2026-03-15 10:16:13.281 DEBUG [rabbitConnectionFactory2] o.s.amqp.rabbit.core.RabbitTemplate : Removed publisher confirm channel: PublisherCallbackChannelImpl: AMQChannel(amqp://fundtransfer@127.0.0.1:5672/fundtransfer,2) from map, size now 1
2026-03-15 10:16:13.281 DEBUG [rabbitConnectionFactory2] o.s.a.r.c.PublisherCallbackChannelImpl : PendingConfirms cleared
2026-03-15 10:16:13.281 DEBUG [rabbitConnectionFactory3] o.s.a.r.c.PublisherCallbackChannelImpl : PendingConfirms cleared
2026-03-15 10:16:13.586 INFO  [org.springframework.amqp.rabbit.RabbitListenerEndpointContainer#0-2] o.s.a.r.l.SimpleMessageListenerContainer : Successfully waited for workers to finish.
2026-03-15 10:16:13.586 DEBUG [org.springframework.amqp.rabbit.RabbitListenerEndpointContainer#0-1] o.s.a.r.l.SimpleMessageListenerContainer : Cancelling Consumer@249c96cf: tags=[[amq.ctag-CMYKq7rpAm_I9eNyLjfF6w]], channel=Cached Rabbit Channel: PublisherCallbackChannelImpl: AMQChannel(amqp://fundtransfer@127.0.0.1:5672/fundtransfer,1), conn: Proxy@5345b68c Shared Rabbit Connection: SimpleConnection@4947b8a7 [delegate=amqp://fundtransfer@127.0.0.1:5672/fundtransfer, localPort=63102], acknowledgeMode=MANUAL local queue size=0
2026-03-15 10:16:13.586 DEBUG [org.springframework.amqp.rabbit.RabbitListenerEndpointContainer#0-1] o.s.a.r.l.BlockingQueueConsumer : Closing Rabbit Channel: Cached Rabbit Channel: PublisherCallbackChannelImpl: AMQChannel(amqp://fundtransfer@127.0.0.1:5672/fundtransfer,1), conn: Proxy@5345b68c Shared Rabbit Connection: SimpleConnection@4947b8a7 [delegate=amqp://fundtransfer@127.0.0.1:5672/fundtransfer, localPort=63102]
2026-03-15 10:16:13.586 DEBUG [org.springframework.amqp.rabbit.RabbitListenerEndpointContainer#0-1] o.s.a.r.c.CachingConnectionFactory : Closing cached Channel: PublisherCallbackChannelImpl: AMQChannel(amqp://fundtransfer@127.0.0.1:5672/fundtransfer,1)
2026-03-15 10:16:13.586 DEBUG [rabbitConnectionFactory3] o.s.a.r.c.PublisherCallbackChannelImpl : Closing AMQChannel(amqp://fundtransfer@127.0.0.1:5672/fundtransfer,1)
2026-03-15 10:16:13.587 INFO  [SpringApplicationShutdownHook] o.s.b.w.e.netty.GracefulShutdown : Commencing graceful shutdown. Waiting for active requests to complete
2026-03-15 10:16:13.589 DEBUG [rabbitConnectionFactory2] o.s.amqp.rabbit.core.RabbitTemplate : Removed publisher confirm channel: PublisherCallbackChannelImpl: AMQChannel(amqp://fundtransfer@127.0.0.1:5672/fundtransfer,1) from map, size now 0
2026-03-15 10:16:13.589 DEBUG [rabbitConnectionFactory2] o.s.a.r.c.PublisherCallbackChannelImpl : PendingConfirms cleared
2026-03-15 10:16:13.589 DEBUG [rabbitConnectionFactory1] o.s.a.r.c.PublisherCallbackChannelImpl : PendingConfirms cleared
2026-03-15 10:16:13.590 INFO  [netty-shutdown] o.s.b.w.e.netty.GracefulShutdown : Graceful shutdown complete
2026-03-15 10:16:15.661 DEBUG [SpringApplicationShutdownHook] o.s.a.r.c.CachingConnectionFactory : Closing cached Channel: PublisherCallbackChannelImpl: AMQChannel(amqp://fundtransfer@127.0.0.1:5672/fundtransfer,3)
2026-03-15 10:16:15.661 DEBUG [SpringApplicationShutdownHook] o.s.a.r.c.PublisherCallbackChannelImpl : Closing AMQChannel(amqp://fundtransfer@127.0.0.1:5672/fundtransfer,3)
2026-03-15 10:16:15.663 DEBUG [rabbitConnectionFactory2] o.s.amqp.rabbit.core.RabbitTemplate : Removed publisher confirm channel: PublisherCallbackChannelImpl: AMQChannel(amqp://fundtransfer@127.0.0.1:5672/fundtransfer,3) from map, size now 0
2026-03-15 10:16:15.663 DEBUG [rabbitConnectionFactory2] o.s.a.r.c.PublisherCallbackChannelImpl : PendingConfirms cleared
2026-03-15 10:16:15.663 DEBUG [rabbitConnectionFactory1] o.s.a.r.c.PublisherCallbackChannelImpl : PendingConfirms cleared
2026-03-15 10:16:15.668 DEBUG [SpringApplicationShutdownHook] o.s.a.r.l.SimpleMessageListenerContainer : Shutdown ignored - container is not active already
2026-03-15 10:16:15.668 DEBUG [SpringApplicationShutdownHook] o.s.a.r.l.SimpleMessageListenerContainer : Shutdown ignored - container is not active already
2026-03-15 10:16:15.671 DEBUG [SpringApplicationShutdownHook] n.d.b.g.c.c.AbstractChannelFactory : GrpcChannelFactory closed (including 0 channels)
2026-03-15 10:16:15.671 DEBUG [SpringApplicationShutdownHook] n.d.b.g.c.c.AbstractChannelFactory : GrpcChannelFactory closed (including 0 channels)
2026-03-15 10:16:15.680 DEBUG [SpringApplicationShutdownHook] i.r.p.client.ReactorNettyClient : [cid: 0x1][pid: 12684] Request:  Terminate{}
2026-03-15 10:16:15.681 DEBUG [SpringApplicationShutdownHook] i.r.p.client.ReactorNettyClient : [cid: 0x2][pid: 27568] Request:  Terminate{}
2026-03-15 10:16:15.681 DEBUG [SpringApplicationShutdownHook] i.r.p.client.ReactorNettyClient : [cid: 0x3][pid: 18132] Request:  Terminate{}
2026-03-15 10:16:15.681 DEBUG [SpringApplicationShutdownHook] i.r.p.client.ReactorNettyClient : [cid: 0x4][pid: 15724] Request:  Terminate{}
2026-03-15 10:16:15.682 DEBUG [SpringApplicationShutdownHook] i.r.p.client.ReactorNettyClient : [cid: 0x5][pid: 312] Request:  Terminate{}
2026-03-15 10:16:15.683 INFO  [SpringApplicationShutdownHook] c.netflix.discovery.DiscoveryClient : Shutting down DiscoveryClient ...
2026-03-15 10:16:18.686 INFO  [SpringApplicationShutdownHook] c.netflix.discovery.DiscoveryClient : Unregistering ...
2026-03-15 10:16:18.687 DEBUG [SpringApplicationShutdownHook] o.s.web.client.RestTemplate : HTTP DELETE http://localhost:8761/eureka/apps/BANK-SERVICE/bank-service:9091
2026-03-15 10:16:18.687 DEBUG [SpringApplicationShutdownHook] o.s.web.client.RestTemplate : Accept=[application/json, application/*+json]
2026-03-15 10:16:18.704 DEBUG [SpringApplicationShutdownHook] o.s.web.client.RestTemplate : Response 200 OK
2026-03-15 10:16:18.704 INFO  [SpringApplicationShutdownHook] c.netflix.discovery.DiscoveryClient : DiscoveryClient_BANK-SERVICE/bank-service:9091 - deregister  status: 200
2026-03-15 10:16:18.704 INFO  [SpringApplicationShutdownHook] c.netflix.discovery.DiscoveryClient : Completed shut down of DiscoveryClient
2026-03-15 10:16:22.523 INFO  [main] c.f.t.b.s.FundTransferBankServiceApplication : Starting FundTransferBankServiceApplication using Java 21.0.9 with PID 4260 (D:\Learning\FundTransfer\FundTransfer\FundTransferBankService\target\classes started by CRYSTAL TECHNOLOGY in D:\Learning\FundTransfer\FundTransfer)
2026-03-15 10:16:22.524 DEBUG [main] c.f.t.b.s.FundTransferBankServiceApplication : Running with Spring Boot v3.4.1, Spring v6.2.1
2026-03-15 10:16:22.524 INFO  [main] c.f.t.b.s.FundTransferBankServiceApplication : The following 1 profile is active: "dev"
2026-03-15 10:16:23.449 INFO  [main] o.s.d.r.c.RepositoryConfigurationDelegate : Multiple Spring Data modules found, entering strict repository configuration mode
2026-03-15 10:16:23.450 INFO  [main] o.s.d.r.c.RepositoryConfigurationDelegate : Bootstrapping Spring Data R2DBC repositories in DEFAULT mode.
2026-03-15 10:16:23.685 INFO  [main] o.s.d.r.c.RepositoryConfigurationDelegate : Finished Spring Data repository scanning in 228 ms. Found 2 R2DBC repository interfaces.
2026-03-15 10:16:23.715 INFO  [main] o.s.d.r.c.RepositoryConfigurationDelegate : Multiple Spring Data modules found, entering strict repository configuration mode
2026-03-15 10:16:23.716 INFO  [main] o.s.d.r.c.RepositoryConfigurationDelegate : Bootstrapping Spring Data Redis repositories in DEFAULT mode.
2026-03-15 10:16:23.742 INFO  [main] o.s.d.r.c.RepositoryConfigurationExtensionSupport : Spring Data Redis - Could not safely identify store assignment for repository candidate interface com.fund.transfer.bank.service.data.bankaccount.BankAccountRepository; If you want this repository to be a Redis repository, consider annotating your entities with one of these annotations: org.springframework.data.redis.core.RedisHash (preferred), or consider extending one of the following types with your repository: org.springframework.data.keyvalue.repository.KeyValueRepository
2026-03-15 10:16:23.743 INFO  [main] o.s.d.r.c.RepositoryConfigurationExtensionSupport : Spring Data Redis - Could not safely identify store assignment for repository candidate interface com.fund.transfer.bank.service.data.bank.BankRepository; If you want this repository to be a Redis repository, consider annotating your entities with one of these annotations: org.springframework.data.redis.core.RedisHash (preferred), or consider extending one of the following types with your repository: org.springframework.data.keyvalue.repository.KeyValueRepository
2026-03-15 10:16:23.744 INFO  [main] o.s.d.r.c.RepositoryConfigurationDelegate : Finished Spring Data repository scanning in 15 ms. Found 0 Redis repository interfaces.
2026-03-15 10:16:24.050 INFO  [main] o.s.cloud.context.scope.GenericScope : BeanFactory id=0b790488-7bf5-3dbe-a449-ddc56089ec00
2026-03-15 10:16:24.465 DEBUG [main] io.r2dbc.postgresql.Extensions : Discovering Extensions using ServiceLoader
2026-03-15 10:16:24.466 DEBUG [main] io.r2dbc.postgresql.Extensions : Registering extension io.r2dbc.postgresql.codec.BuiltinDynamicCodecs
2026-03-15 10:16:24.984 INFO  [main] c.f.t.b.s.g.schema.SchemaInitializer : ╔══════════════════════════════════════════╗
2026-03-15 10:16:24.984 INFO  [main] c.f.t.b.s.g.schema.SchemaInitializer : ║   User Service Schema Initialization...  ║
2026-03-15 10:16:24.984 INFO  [main] c.f.t.b.s.g.schema.SchemaInitializer : ╚══════════════════════════════════════════╝
2026-03-15 10:16:24.984 INFO  [main] c.f.t.b.s.g.schema.SchemaInitializer : Checking schema 'banking_service'...
2026-03-15 10:16:25.096 INFO  [main] c.f.t.b.s.g.schema.SchemaInitializer : Schema 'banking_service' already exists — skipping
2026-03-15 10:16:25.503 INFO  [main] c.f.t.b.s.g.schema.LiquibaseConfig : Liquibase configured — schema: banking_service, changelog: classpath:db/changelog/db.changelog-master.xml
2026-03-15 10:16:26.087 DEBUG [main] liquibase.executor : Changelog query completed.
2026-03-15 10:16:26.092 INFO  [main] liquibase.changelog : Reading from banking_service.databasechangelog
2026-03-15 10:16:26.094 DEBUG [main] liquibase.executor : Changelog query completed.
2026-03-15 10:16:26.101 DEBUG [main] liquibase.executor : Changelog query completed.
2026-03-15 10:16:26.155 DEBUG [main] liquibase.changelog : Fast check found no un-run changesets
2026-03-15 10:16:26.155 INFO  [main] liquibase.ui : Database is up to date, no changesets to execute
2026-03-15 10:16:26.157 INFO  [main] liquibase.changelog : Reading from banking_service.databasechangelog
2026-03-15 10:16:26.158 DEBUG [main] liquibase.executor : Changelog query completed.
2026-03-15 10:16:26.165 INFO  [main] liquibase.util : UPDATE SUMMARY
2026-03-15 10:16:26.165 INFO  [main] liquibase.util : Run:                          0
2026-03-15 10:16:26.166 INFO  [main] liquibase.util : Previously run:               8
2026-03-15 10:16:26.166 INFO  [main] liquibase.util : Filtered out:                 0
2026-03-15 10:16:26.166 INFO  [main] liquibase.util : -------------------------------
2026-03-15 10:16:26.166 INFO  [main] liquibase.util : Total change sets:            8
2026-03-15 10:16:26.168 INFO  [main] liquibase.util : Update summary generated
2026-03-15 10:16:26.171 INFO  [main] liquibase.command : Command execution complete
2026-03-15 10:16:26.214 INFO  [main] o.s.b.a.s.r.ReactiveUserDetailsServiceAutoConfiguration : 

Using generated security password: 77cb2a0a-247e-4a82-a29f-e22b32dde92b

2026-03-15 10:16:26.335 DEBUG [main] o.s.w.r.r.m.a.RequestMappingHandlerMapping : 10 mappings in 'requestMappingHandlerMapping'
2026-03-15 10:16:26.362 INFO  [main] o.s.b.f.a.AutowiredAnnotationBeanPostProcessor : Inconsistent constructor declaration on bean with name '_reactiveMethodSecurityConfiguration': single autowire-marked constructor flagged as optional - this constructor is effectively required since there is no default constructor to fall back to: org.springframework.security.config.annotation.method.configuration.ReactiveAuthorizationManagerMethodSecurityConfiguration(org.springframework.security.access.expression.method.MethodSecurityExpressionHandler,org.springframework.beans.factory.ObjectProvider,org.springframework.beans.factory.ObjectProvider)
2026-03-15 10:16:26.594 INFO  [main] n.d.b.g.c.a.GrpcClientAutoConfiguration : Detected grpc-netty-shaded: Creating ShadedNettyChannelFactory + InProcessChannelFactory
2026-03-15 10:16:26.743 INFO  [main] o.s.b.a.e.web.EndpointLinksResolver : Exposing 4 endpoints beneath base path '/internal/actuator'
2026-03-15 10:16:26.781 DEBUG [main] o.s.w.r.r.m.a.ControllerMethodResolver : ControllerAdvice beans: 0 @ModelAttribute, 0 @InitBinder, 1 @ExceptionHandler
2026-03-15 10:16:26.805 DEBUG [main] o.s.w.s.a.HttpWebHandlerAdapter : enableLoggingRequestDetails='false': form data and headers will be masked to prevent unsafe logging of potentially sensitive data
2026-03-15 10:16:26.835 INFO  [main] o.s.c.n.e.c.DiscoveryClientOptionalArgsConfiguration : Eureka HTTP Client uses RestTemplate.
2026-03-15 10:16:26.851 DEBUG [main] n.d.b.g.s.a.GrpcServerMetricAutoConfiguration : Pre-Registering service metrics
2026-03-15 10:16:26.852 DEBUG [main] n.d.b.g.s.a.GrpcServerMetricAutoConfiguration : - com.fund.transfer.bank.service.global.grpc.service.BankAccountGrpcServer@14e8304b
2026-03-15 10:16:26.856 DEBUG [main] n.d.b.g.s.a.GrpcServerMetricAutoConfiguration : - io.grpc.protobuf.services.HealthServiceImpl@48c584c
2026-03-15 10:16:26.856 DEBUG [main] n.d.b.g.s.a.GrpcServerMetricAutoConfiguration : - io.grpc.protobuf.services.ProtoReflectionService@2fedae96
2026-03-15 10:16:26.862 INFO  [main] n.d.b.g.s.a.GrpcServerFactoryAutoConfiguration : Detected grpc-netty-shaded: Creating ShadedNettyGrpcServerFactory
2026-03-15 10:16:26.874 DEBUG [main] n.d.b.g.s.i.AnnotationGlobalServerInterceptorConfigurer : Registering GlobalServerInterceptor: metricCollectingServerInterceptor (io.micrometer.core.instrument.binder.grpc.MetricCollectingServerInterceptor@68fb6c1e)
2026-03-15 10:16:26.874 DEBUG [main] n.d.b.g.s.i.AnnotationGlobalServerInterceptorConfigurer : Registering GlobalServerInterceptor: grpcRequestScope (net.devh.boot.grpc.server.scope.GrpcRequestScope@a89dec0)
2026-03-15 10:16:26.874 DEBUG [main] n.d.b.g.s.i.AnnotationGlobalServerInterceptorConfigurer : Registering GlobalServerInterceptor: globalObservationGrpcServerInterceptorConfigurer (io.micrometer.core.instrument.binder.grpc.ObservationGrpcServerInterceptor@5e8f1db2)
2026-03-15 10:16:26.878 DEBUG [main] n.d.b.g.s.s.AnnotationGrpcServiceDiscoverer : Found gRPC service: bank.account.BankAccountService, bean: bankAccountGrpcServer, class: com.fund.transfer.bank.service.global.grpc.service.BankAccountGrpcServer
2026-03-15 10:16:26.879 DEBUG [main] n.d.b.g.s.s.AnnotationGrpcServiceDiscoverer : Found gRPC service: grpc.health.v1.Health, bean: grpcHealthService, class: io.grpc.protobuf.services.HealthServiceImpl
2026-03-15 10:16:26.879 DEBUG [main] n.d.b.g.s.s.AnnotationGrpcServiceDiscoverer : Found gRPC service: grpc.reflection.v1alpha.ServerReflection, bean: protoReflectionService, class: io.grpc.protobuf.services.ProtoReflectionService
2026-03-15 10:16:27.281 WARN  [main] o.s.c.l.c.LoadBalancerCacheAutoConfiguration$LoadBalancerCaffeineWarnLogger : Spring Cloud LoadBalancer is currently working with the default cache. While this cache implementation is useful for development and tests, it's recommended to use Caffeine cache in production.You can switch to using Caffeine cache, by adding it and org.springframework.cache.caffeine.CaffeineCacheManager to the classpath.
2026-03-15 10:16:27.327 DEBUG [main] o.s.a.r.l.a.BatchMessagingMessageListenerAdapter : Inferred argument type for public void com.fund.transfer.bank.service.global.messaging.bankaccount.consumer.BankAccountEventConsumer.updateBankAccountConsume(java.util.List,com.rabbitmq.client.Channel) throws java.io.IOException is class org.springframework.amqp.core.Message
2026-03-15 10:16:27.334 DEBUG [main] o.s.a.r.l.SimpleMessageListenerContainer : No global properties bean
2026-03-15 10:16:27.334 DEBUG [main] o.s.a.r.l.SimpleMessageListenerContainer : No global properties bean
2026-03-15 10:16:27.335 DEBUG [main] o.s.a.r.l.a.MessagingMessageListenerAdapter : Inferred argument type for public void com.fund.transfer.bank.service.global.messaging.bankaccount.consumer.BankAccountEventConsumer.saveBankAccountConsume(com.fund.transfer.bank.service.global.messaging.bankaccount.model.BankAccountMessage,long,com.rabbitmq.client.Channel) throws java.io.IOException is class com.fund.transfer.bank.service.global.messaging.bankaccount.model.BankAccountMessage
2026-03-15 10:16:27.335 DEBUG [main] o.s.a.r.l.SimpleMessageListenerContainer : No global properties bean
2026-03-15 10:16:27.335 DEBUG [main] o.s.a.r.l.SimpleMessageListenerContainer : No global properties bean
2026-03-15 10:16:27.372 INFO  [main] o.s.c.n.eureka.InstanceInfoFactory : Setting initial instance status as: STARTING
2026-03-15 10:16:27.393 INFO  [main] c.netflix.discovery.DiscoveryClient : Initializing Eureka in region us-east-1
2026-03-15 10:16:27.397 INFO  [main] c.n.d.s.r.aws.ConfigClusterResolver : Resolving eureka endpoints via configuration
2026-03-15 10:16:27.403 INFO  [main] c.netflix.discovery.DiscoveryClient : Disable delta property : false
2026-03-15 10:16:27.403 INFO  [main] c.netflix.discovery.DiscoveryClient : Single vip registry refresh property : null
2026-03-15 10:16:27.403 INFO  [main] c.netflix.discovery.DiscoveryClient : Force full registry fetch : false
2026-03-15 10:16:27.403 INFO  [main] c.netflix.discovery.DiscoveryClient : Application is null : false
2026-03-15 10:16:27.404 INFO  [main] c.netflix.discovery.DiscoveryClient : Registered Applications size is zero : true
2026-03-15 10:16:27.404 INFO  [main] c.netflix.discovery.DiscoveryClient : Application version is -1: true
2026-03-15 10:16:27.404 INFO  [main] c.netflix.discovery.DiscoveryClient : Getting all instance registry info from the eureka server
2026-03-15 10:16:27.483 DEBUG [main] o.s.web.client.RestTemplate : HTTP GET http://localhost:8761/eureka/apps/
2026-03-15 10:16:27.560 DEBUG [main] o.s.web.client.RestTemplate : Accept=[application/json, application/*+json]
2026-03-15 10:16:27.598 DEBUG [main] o.s.web.client.RestTemplate : Response 200 OK
2026-03-15 10:16:27.599 DEBUG [main] o.s.web.client.RestTemplate : Reading to [org.springframework.cloud.netflix.eureka.http.EurekaApplications]
2026-03-15 10:16:27.625 INFO  [main] c.netflix.discovery.DiscoveryClient : The response status is 200
2026-03-15 10:16:27.626 INFO  [main] c.netflix.discovery.DiscoveryClient : Starting heartbeat executor: renew interval is: 15
2026-03-15 10:16:27.627 INFO  [main] c.n.discovery.InstanceInfoReplicator : InstanceInfoReplicator onDemand update allowed rate per min is 4
2026-03-15 10:16:27.629 INFO  [main] c.netflix.discovery.DiscoveryClient : Discovery Client initialized at timestamp 1773548187628 with initial instances count: 3
2026-03-15 10:16:27.632 INFO  [main] o.s.c.n.e.s.EurekaServiceRegistry : Registering application BANK-SERVICE with eureka with status UP
2026-03-15 10:16:27.632 INFO  [main] c.netflix.discovery.DiscoveryClient : Saw local status change event StatusChangeEvent [timestamp=1773548187632, current=UP, previous=STARTING]
2026-03-15 10:16:27.633 INFO  [DiscoveryClient-InstanceInfoReplicator-%d] c.netflix.discovery.DiscoveryClient : DiscoveryClient_BANK-SERVICE/bank-service:9091: registering service...
2026-03-15 10:16:27.636 DEBUG [DiscoveryClient-InstanceInfoReplicator-%d] o.s.web.client.RestTemplate : HTTP POST http://localhost:8761/eureka/apps/BANK-SERVICE
2026-03-15 10:16:27.639 DEBUG [DiscoveryClient-InstanceInfoReplicator-%d] o.s.web.client.RestTemplate : Accept=[application/json, application/*+json]
2026-03-15 10:16:27.652 DEBUG [DiscoveryClient-InstanceInfoReplicator-%d] o.s.web.client.RestTemplate : Writing [InstanceInfo [instanceId = bank-service:9091, appName = BANK-SERVICE, hostName = 192.168.1.136, status = UP, ipAddr = 192.168.1.136, port = 9091, securePort = 443, dataCenterInfo = com.netflix.appinfo.MyDataCenterInfo@7a873f6] as "application/json"
2026-03-15 10:16:27.687 DEBUG [DiscoveryClient-InstanceInfoReplicator-%d] o.s.web.client.RestTemplate : Response 204 NO_CONTENT
2026-03-15 10:16:27.688 INFO  [DiscoveryClient-InstanceInfoReplicator-%d] c.netflix.discovery.DiscoveryClient : DiscoveryClient_BANK-SERVICE/bank-service:9091 - registration status: 204
2026-03-15 10:16:27.736 INFO  [main] o.s.b.w.e.netty.NettyWebServer : Netty started on port 9091 (http)
2026-03-15 10:16:27.739 INFO  [main] o.s.c.n.e.s.EurekaAutoServiceRegistration : Updating port to 9091
2026-03-15 10:16:27.820 INFO  [main] n.d.b.g.s.s.AbstractGrpcServerFactory : Registered gRPC service: bank.account.BankAccountService, bean: bankAccountGrpcServer, class: com.fund.transfer.bank.service.global.grpc.service.BankAccountGrpcServer
2026-03-15 10:16:27.820 INFO  [main] n.d.b.g.s.s.AbstractGrpcServerFactory : Registered gRPC service: grpc.health.v1.Health, bean: grpcHealthService, class: io.grpc.protobuf.services.HealthServiceImpl
2026-03-15 10:16:27.820 INFO  [main] n.d.b.g.s.s.AbstractGrpcServerFactory : Registered gRPC service: grpc.reflection.v1alpha.ServerReflection, bean: protoReflectionService, class: io.grpc.protobuf.services.ProtoReflectionService
2026-03-15 10:16:27.970 INFO  [main] n.d.b.g.s.s.GrpcServerLifecycle : gRPC Server started, listening on address: *, port: 9191
2026-03-15 10:16:27.970 DEBUG [main] o.s.a.r.l.SimpleMessageListenerContainer : Starting Rabbit listener container.
2026-03-15 10:16:27.976 INFO  [main] o.s.a.r.c.CachingConnectionFactory : Attempting to connect to: [localhost:5672]
2026-03-15 10:16:28.031 INFO  [main] o.s.a.r.c.CachingConnectionFactory : Created new connection: rabbitConnectionFactory#2bd7f686:0/SimpleConnection@4947b8a7 [delegate=amqp://fundtransfer@127.0.0.1:5672/fundtransfer, localPort=63311]
2026-03-15 10:16:28.034 DEBUG [main] o.s.amqp.rabbit.core.RabbitAdmin : Initializing declarations
2026-03-15 10:16:28.051 DEBUG [main] o.s.a.r.c.CachingConnectionFactory : Creating cached Rabbit Channel from PublisherCallbackChannelImpl: AMQChannel(amqp://fundtransfer@127.0.0.1:5672/fundtransfer,1)
2026-03-15 10:16:28.064 DEBUG [main] o.s.a.r.c.PublisherCallbackChannelImpl : Added listener org.springframework.amqp.rabbit.core.RabbitTemplate@5afb0a4f
2026-03-15 10:16:28.065 DEBUG [main] o.s.amqp.rabbit.core.RabbitTemplate : Added publisher confirm channel: Cached Rabbit Channel: PublisherCallbackChannelImpl: AMQChannel(amqp://fundtransfer@127.0.0.1:5672/fundtransfer,1), conn: Proxy@5345b68c Shared Rabbit Connection: SimpleConnection@4947b8a7 [delegate=amqp://fundtransfer@127.0.0.1:5672/fundtransfer, localPort=63311] to map, size now 1
2026-03-15 10:16:28.065 DEBUG [main] o.s.amqp.rabbit.core.RabbitTemplate : Executing callback RabbitAdmin$$Lambda/0x0000024db8bd5b10 on RabbitMQ Channel: Cached Rabbit Channel: PublisherCallbackChannelImpl: AMQChannel(amqp://fundtransfer@127.0.0.1:5672/fundtransfer,1), conn: Proxy@5345b68c Shared Rabbit Connection: SimpleConnection@4947b8a7 [delegate=amqp://fundtransfer@127.0.0.1:5672/fundtransfer, localPort=63311]
2026-03-15 10:16:28.065 DEBUG [main] o.s.amqp.rabbit.core.RabbitAdmin : declaring Exchange 'bank.account.exchange'
2026-03-15 10:16:28.069 DEBUG [main] o.s.amqp.rabbit.core.RabbitAdmin : declaring Queue 'bank.account.create.queue'
2026-03-15 10:16:28.075 DEBUG [main] o.s.amqp.rabbit.core.RabbitAdmin : declaring Queue 'bank.account.create.dlq'
2026-03-15 10:16:28.077 DEBUG [main] o.s.amqp.rabbit.core.RabbitAdmin : declaring Queue 'bank.account.update.queue'
2026-03-15 10:16:28.079 DEBUG [main] o.s.amqp.rabbit.core.RabbitAdmin : declaring Queue 'bank.account.update.dlq'
2026-03-15 10:16:28.081 DEBUG [main] o.s.amqp.rabbit.core.RabbitAdmin : Binding destination [bank.account.create.queue (QUEUE)] to exchange [bank.account.exchange] with routing key [bank.account.create]
2026-03-15 10:16:28.084 DEBUG [main] o.s.amqp.rabbit.core.RabbitAdmin : Binding destination [bank.account.create.dlq (QUEUE)] to exchange [bank.account.exchange] with routing key [bank.account.create.dead]
2026-03-15 10:16:28.085 DEBUG [main] o.s.amqp.rabbit.core.RabbitAdmin : Binding destination [bank.account.update.queue (QUEUE)] to exchange [bank.account.exchange] with routing key [bank.account.update]
2026-03-15 10:16:28.086 DEBUG [main] o.s.amqp.rabbit.core.RabbitAdmin : Binding destination [bank.account.update.dlq (QUEUE)] to exchange [bank.account.exchange] with routing key [bank.account.update.dead]
2026-03-15 10:16:28.090 DEBUG [main] o.s.amqp.rabbit.core.RabbitAdmin : Declarations finished
2026-03-15 10:16:28.097 DEBUG [org.springframework.amqp.rabbit.RabbitListenerEndpointContainer#0-1] o.s.amqp.rabbit.core.RabbitTemplate : Executing callback RabbitAdmin$$Lambda/0x0000024db8be4d60 on RabbitMQ Channel: Cached Rabbit Channel: PublisherCallbackChannelImpl: AMQChannel(amqp://fundtransfer@127.0.0.1:5672/fundtransfer,1), conn: Proxy@5345b68c Shared Rabbit Connection: SimpleConnection@4947b8a7 [delegate=amqp://fundtransfer@127.0.0.1:5672/fundtransfer, localPort=63311]
2026-03-15 10:16:28.101 DEBUG [org.springframework.amqp.rabbit.RabbitListenerEndpointContainer#0-1] o.s.a.r.l.BlockingQueueConsumer : Starting consumer Consumer@249c96cf: tags=[[]], channel=null, acknowledgeMode=MANUAL local queue size=0
2026-03-15 10:16:28.117 DEBUG [org.springframework.amqp.rabbit.RabbitListenerEndpointContainer#0-1] o.s.a.r.l.BlockingQueueConsumer : Started on queue 'bank.account.update.queue' with tag amq.ctag-2ReYdRyhxEkLceQMvSoqtQ: Consumer@249c96cf: tags=[[]], channel=Cached Rabbit Channel: PublisherCallbackChannelImpl: AMQChannel(amqp://fundtransfer@127.0.0.1:5672/fundtransfer,1), conn: Proxy@5345b68c Shared Rabbit Connection: SimpleConnection@4947b8a7 [delegate=amqp://fundtransfer@127.0.0.1:5672/fundtransfer, localPort=63311], acknowledgeMode=MANUAL local queue size=0
2026-03-15 10:16:28.117 DEBUG [pool-5-thread-3] o.s.a.r.l.BlockingQueueConsumer : ConsumeOK: Consumer@249c96cf: tags=[[amq.ctag-2ReYdRyhxEkLceQMvSoqtQ]], channel=Cached Rabbit Channel: PublisherCallbackChannelImpl: AMQChannel(amqp://fundtransfer@127.0.0.1:5672/fundtransfer,1), conn: Proxy@5345b68c Shared Rabbit Connection: SimpleConnection@4947b8a7 [delegate=amqp://fundtransfer@127.0.0.1:5672/fundtransfer, localPort=63311], acknowledgeMode=MANUAL local queue size=0
2026-03-15 10:16:28.117 DEBUG [main] o.s.a.r.l.SimpleMessageListenerContainer : Starting Rabbit listener container.
2026-03-15 10:16:28.121 DEBUG [org.springframework.amqp.rabbit.RabbitListenerEndpointContainer#1-1] o.s.a.r.c.CachingConnectionFactory : Creating cached Rabbit Channel from PublisherCallbackChannelImpl: AMQChannel(amqp://fundtransfer@127.0.0.1:5672/fundtransfer,2)
2026-03-15 10:16:28.121 DEBUG [org.springframework.amqp.rabbit.RabbitListenerEndpointContainer#1-1] o.s.a.r.c.PublisherCallbackChannelImpl : Added listener org.springframework.amqp.rabbit.core.RabbitTemplate@5afb0a4f
2026-03-15 10:16:28.121 DEBUG [org.springframework.amqp.rabbit.RabbitListenerEndpointContainer#1-1] o.s.amqp.rabbit.core.RabbitTemplate : Added publisher confirm channel: Cached Rabbit Channel: PublisherCallbackChannelImpl: AMQChannel(amqp://fundtransfer@127.0.0.1:5672/fundtransfer,2), conn: Proxy@5345b68c Shared Rabbit Connection: SimpleConnection@4947b8a7 [delegate=amqp://fundtransfer@127.0.0.1:5672/fundtransfer, localPort=63311] to map, size now 2
2026-03-15 10:16:28.121 DEBUG [org.springframework.amqp.rabbit.RabbitListenerEndpointContainer#1-1] o.s.amqp.rabbit.core.RabbitTemplate : Executing callback RabbitAdmin$$Lambda/0x0000024db8be4d60 on RabbitMQ Channel: Cached Rabbit Channel: PublisherCallbackChannelImpl: AMQChannel(amqp://fundtransfer@127.0.0.1:5672/fundtransfer,2), conn: Proxy@5345b68c Shared Rabbit Connection: SimpleConnection@4947b8a7 [delegate=amqp://fundtransfer@127.0.0.1:5672/fundtransfer, localPort=63311]
2026-03-15 10:16:28.123 DEBUG [org.springframework.amqp.rabbit.RabbitListenerEndpointContainer#1-1] o.s.a.r.l.BlockingQueueConsumer : Starting consumer Consumer@4cf5cf47: tags=[[]], channel=null, acknowledgeMode=MANUAL local queue size=0
2026-03-15 10:16:28.127 DEBUG [org.springframework.amqp.rabbit.RabbitListenerEndpointContainer#1-1] o.s.a.r.l.BlockingQueueConsumer : Started on queue 'bank.account.create.queue' with tag amq.ctag-PvYkvdl_BpoFaVMfgKvdsA: Consumer@4cf5cf47: tags=[[]], channel=Cached Rabbit Channel: PublisherCallbackChannelImpl: AMQChannel(amqp://fundtransfer@127.0.0.1:5672/fundtransfer,2), conn: Proxy@5345b68c Shared Rabbit Connection: SimpleConnection@4947b8a7 [delegate=amqp://fundtransfer@127.0.0.1:5672/fundtransfer, localPort=63311], acknowledgeMode=MANUAL local queue size=0
2026-03-15 10:16:28.127 DEBUG [pool-5-thread-4] o.s.a.r.l.BlockingQueueConsumer : ConsumeOK: Consumer@4cf5cf47: tags=[[amq.ctag-PvYkvdl_BpoFaVMfgKvdsA]], channel=Cached Rabbit Channel: PublisherCallbackChannelImpl: AMQChannel(amqp://fundtransfer@127.0.0.1:5672/fundtransfer,2), conn: Proxy@5345b68c Shared Rabbit Connection: SimpleConnection@4947b8a7 [delegate=amqp://fundtransfer@127.0.0.1:5672/fundtransfer, localPort=63311], acknowledgeMode=MANUAL local queue size=0
2026-03-15 10:16:28.141 INFO  [main] c.f.t.b.s.FundTransferBankServiceApplication : Started FundTransferBankServiceApplication in 5.974 seconds (process running for 6.666)
2026-03-15 10:16:28.515 DEBUG [RMI TCP Connection(3)-172.20.224.1] o.s.a.r.c.CachingConnectionFactory : Creating cached Rabbit Channel from PublisherCallbackChannelImpl: AMQChannel(amqp://fundtransfer@127.0.0.1:5672/fundtransfer,3)
2026-03-15 10:16:28.516 DEBUG [RMI TCP Connection(3)-172.20.224.1] o.s.a.r.c.PublisherCallbackChannelImpl : Added listener org.springframework.amqp.rabbit.core.RabbitTemplate@1a3cb0c1
2026-03-15 10:16:28.516 DEBUG [RMI TCP Connection(3)-172.20.224.1] o.s.amqp.rabbit.core.RabbitTemplate : Added publisher confirm channel: Cached Rabbit Channel: PublisherCallbackChannelImpl: AMQChannel(amqp://fundtransfer@127.0.0.1:5672/fundtransfer,3), conn: Proxy@5345b68c Shared Rabbit Connection: SimpleConnection@4947b8a7 [delegate=amqp://fundtransfer@127.0.0.1:5672/fundtransfer, localPort=63311] to map, size now 1
2026-03-15 10:16:28.516 DEBUG [RMI TCP Connection(3)-172.20.224.1] o.s.amqp.rabbit.core.RabbitTemplate : Executing callback RabbitHealthIndicator$$Lambda/0x0000024db8bfe000 on RabbitMQ Channel: Cached Rabbit Channel: PublisherCallbackChannelImpl: AMQChannel(amqp://fundtransfer@127.0.0.1:5672/fundtransfer,3), conn: Proxy@5345b68c Shared Rabbit Connection: SimpleConnection@4947b8a7 [delegate=amqp://fundtransfer@127.0.0.1:5672/fundtransfer, localPort=63311]
2026-03-15 10:16:28.995 DEBUG [reactor-tcp-nio-1] i.r.p.client.ReactorNettyClient : [cid: 0x1] Request:  StartupMessage{, database='fund-transfer', username='fund-transfer'}
2026-03-15 10:16:29.003 DEBUG [reactor-tcp-nio-1] i.r.p.client.ReactorNettyClient : [cid: 0x1] Response: AuthenticationSASL{authenticationMechanisms=[SCRAM-SHA-256]}
2026-03-15 10:16:29.010 DEBUG [reactor-tcp-nio-1] i.r.p.client.ReactorNettyClient : [cid: 0x1] Request:  SASLInitialResponse{initialResponse=java.nio.HeapByteBuffer[pos=0 lim=45 cap=49], name='SCRAM-SHA-256'}
2026-03-15 10:16:29.012 DEBUG [reactor-tcp-nio-1] i.r.p.client.ReactorNettyClient : [cid: 0x1] Response: AuthenticationSASLContinue{data=java.nio.HeapByteBuffer[pos=0 lim=84 cap=84]}
2026-03-15 10:16:29.023 DEBUG [reactor-tcp-nio-1] i.r.p.client.ReactorNettyClient : [cid: 0x1] Request:  SASLResponse{data=java.nio.HeapByteBuffer[pos=0 lim=104 cap=114]}
2026-03-15 10:16:29.026 DEBUG [reactor-tcp-nio-1] i.r.p.client.ReactorNettyClient : [cid: 0x1] Response: AuthenticationSASLFinal{additionalData=java.nio.HeapByteBuffer[pos=0 lim=46 cap=46]}
2026-03-15 10:16:29.027 DEBUG [reactor-tcp-nio-1] i.r.p.client.ReactorNettyClient : [cid: 0x1] Response: AuthenticationOk{}
2026-03-15 10:16:29.027 DEBUG [reactor-tcp-nio-1] i.r.p.client.ReactorNettyClient : [cid: 0x1] Response: ParameterStatus{name='in_hot_standby', value='off'}
2026-03-15 10:16:29.027 DEBUG [reactor-tcp-nio-1] i.r.p.client.ReactorNettyClient : [cid: 0x1] Response: ParameterStatus{name='integer_datetimes', value='on'}
2026-03-15 10:16:29.027 DEBUG [reactor-tcp-nio-1] i.r.p.client.ReactorNettyClient : [cid: 0x1] Response: ParameterStatus{name='TimeZone', value='Asia/Dhaka'}
2026-03-15 10:16:29.027 DEBUG [reactor-tcp-nio-1] i.r.p.client.ReactorNettyClient : [cid: 0x1] Response: ParameterStatus{name='IntervalStyle', value='postgres'}
2026-03-15 10:16:29.027 DEBUG [reactor-tcp-nio-1] i.r.p.client.ReactorNettyClient : [cid: 0x1] Response: ParameterStatus{name='search_path', value='banking_service'}
2026-03-15 10:16:29.028 DEBUG [reactor-tcp-nio-1] i.r.p.client.ReactorNettyClient : [cid: 0x1] Response: ParameterStatus{name='is_superuser', value='off'}
2026-03-15 10:16:29.028 DEBUG [reactor-tcp-nio-1] i.r.p.client.ReactorNettyClient : [cid: 0x1] Response: ParameterStatus{name='application_name', value='r2dbc-postgresql'}
2026-03-15 10:16:29.028 DEBUG [reactor-tcp-nio-1] i.r.p.client.ReactorNettyClient : [cid: 0x1] Response: ParameterStatus{name='default_transaction_read_only', value='off'}
2026-03-15 10:16:29.028 DEBUG [reactor-tcp-nio-1] i.r.p.client.ReactorNettyClient : [cid: 0x1] Response: ParameterStatus{name='scram_iterations', value='4096'}
2026-03-15 10:16:29.028 DEBUG [reactor-tcp-nio-1] i.r.p.client.ReactorNettyClient : [cid: 0x1] Response: ParameterStatus{name='DateStyle', value='ISO, MDY'}
2026-03-15 10:16:29.028 DEBUG [reactor-tcp-nio-1] i.r.p.client.ReactorNettyClient : [cid: 0x1] Response: ParameterStatus{name='standard_conforming_strings', value='on'}
2026-03-15 10:16:29.028 DEBUG [reactor-tcp-nio-1] i.r.p.client.ReactorNettyClient : [cid: 0x1] Response: ParameterStatus{name='session_authorization', value='fund-transfer'}
2026-03-15 10:16:29.028 DEBUG [reactor-tcp-nio-1] i.r.p.client.ReactorNettyClient : [cid: 0x1] Response: ParameterStatus{name='client_encoding', value='UTF8'}
2026-03-15 10:16:29.028 DEBUG [reactor-tcp-nio-1] i.r.p.client.ReactorNettyClient : [cid: 0x1] Response: ParameterStatus{name='server_version', value='18.0'}
2026-03-15 10:16:29.028 DEBUG [reactor-tcp-nio-1] i.r.p.client.ReactorNettyClient : [cid: 0x1] Response: ParameterStatus{name='server_encoding', value='UTF8'}
2026-03-15 10:16:29.029 DEBUG [reactor-tcp-nio-1] i.r.p.client.ReactorNettyClient : [cid: 0x1] Response: BackendKeyData{processId=26180, secretKey=1232710751}
2026-03-15 10:16:29.029 DEBUG [reactor-tcp-nio-1] i.r.p.client.ReactorNettyClient : [cid: 0x1][pid: 26180] Response: ReadyForQuery{transactionStatus=IDLE}
2026-03-15 10:16:29.063 DEBUG [reactor-tcp-nio-1] io.r2dbc.postgresql.QUERY : [cid: 0x1][pid: 26180] Executing query: SHOW TRANSACTION ISOLATION LEVEL
2026-03-15 10:16:29.063 DEBUG [reactor-tcp-nio-1] i.r.p.client.ReactorNettyClient : [cid: 0x1][pid: 26180] Request:  Query{query='SHOW TRANSACTION ISOLATION LEVEL'}
2026-03-15 10:16:29.064 DEBUG [reactor-tcp-nio-1] i.r.p.client.ReactorNettyClient : [cid: 0x1][pid: 26180] Response: RowDescription{fields=[Field{column=0, dataType=25, dataTypeModifier=-1, dataTypeSize=-1, format=FORMAT_TEXT, name='transaction_isolation', table=0}]}
2026-03-15 10:16:29.067 DEBUG [reactor-tcp-nio-1] i.r.p.client.ReactorNettyClient : [cid: 0x1][pid: 26180] Response: DataRow{columns=[PooledSlicedByteBuf(ridx: 0, widx: 14, cap: 14/14, unwrapped: PooledUnsafeDirectByteBuf(ridx: 72, widx: 88, cap: 1024))]}
2026-03-15 10:16:29.068 DEBUG [reactor-tcp-nio-1] i.r.p.client.ReactorNettyClient : [cid: 0x1][pid: 26180] Response: CommandComplete{command=SHOW, rowId=null, rows=null}
2026-03-15 10:16:29.068 DEBUG [reactor-tcp-nio-1] i.r.p.client.ReactorNettyClient : [cid: 0x1][pid: 26180] Response: ReadyForQuery{transactionStatus=IDLE}
2026-03-15 10:16:29.070 DEBUG [reactor-tcp-nio-1] io.r2dbc.postgresql.QUERY : [cid: 0x1][pid: 26180] Executing query: SELECT oid, * FROM pg_catalog.pg_type WHERE typname IN ('hstore','geometry','vector')
2026-03-15 10:16:29.070 DEBUG [reactor-tcp-nio-1] i.r.p.client.ReactorNettyClient : [cid: 0x1][pid: 26180] Request:  Query{query='SELECT oid, * FROM pg_catalog.pg_type WHERE typname IN ('hstore','geometry','vector')'}
2026-03-15 10:16:29.073 DEBUG [reactor-tcp-nio-1] i.r.p.client.ReactorNettyClient : [cid: 0x1][pid: 26180] Response: RowDescription{fields=[Field{column=1, dataType=26, dataTypeModifier=-1, dataTypeSize=4, format=FORMAT_TEXT, name='oid', table=1247}, Field{column=1, dataType=26, dataTypeModifier=-1, dataTypeSize=4, format=FORMAT_TEXT, name='oid', table=1247}, Field{column=2, dataType=19, dataTypeModifier=-1, dataTypeSize=64, format=FORMAT_TEXT, name='typname', table=1247}, Field{column=3, dataType=26, dataTypeModifier=-1, dataTypeSize=4, format=FORMAT_TEXT, name='typnamespace', table=1247}, Field{column=4, dataType=26, dataTypeModifier=-1, dataTypeSize=4, format=FORMAT_TEXT, name='typowner', table=1247}, Field{column=5, dataType=21, dataTypeModifier=-1, dataTypeSize=2, format=FORMAT_TEXT, name='typlen', table=1247}, Field{column=6, dataType=16, dataTypeModifier=-1, dataTypeSize=1, format=FORMAT_TEXT, name='typbyval', table=1247}, Field{column=7, dataType=18, dataTypeModifier=-1, dataTypeSize=1, format=FORMAT_TEXT, name='typtype', table=1247}, Field{column=8, dataType=18, dataTypeModifier=-1, dataTypeSize=1, format=FORMAT_TEXT, name='typcategory', table=1247}, Field{column=9, dataType=16, dataTypeModifier=-1, dataTypeSize=1, format=FORMAT_TEXT, name='typispreferred', table=1247}, Field{column=10, dataType=16, dataTypeModifier=-1, dataTypeSize=1, format=FORMAT_TEXT, name='typisdefined', table=1247}, Field{column=11, dataType=18, dataTypeModifier=-1, dataTypeSize=1, format=FORMAT_TEXT, name='typdelim', table=1247}, Field{column=12, dataType=26, dataTypeModifier=-1, dataTypeSize=4, format=FORMAT_TEXT, name='typrelid', table=1247}, Field{column=13, dataType=24, dataTypeModifier=-1, dataTypeSize=4, format=FORMAT_TEXT, name='typsubscript', table=1247}, Field{column=14, dataType=26, dataTypeModifier=-1, dataTypeSize=4, format=FORMAT_TEXT, name='typelem', table=1247}, Field{column=15, dataType=26, dataTypeModifier=-1, dataTypeSize=4, format=FORMAT_TEXT, name='typarray', table=1247}, Field{column=16, dataType=24, dataTypeModifier=-1, dataTypeSize=4, format=FORMAT_TEXT, name='typinput', table=1247}, Field{column=17, dataType=24, dataTypeModifier=-1, dataTypeSize=4, format=FORMAT_TEXT, name='typoutput', table=1247}, Field{column=18, dataType=24, dataTypeModifier=-1, dataTypeSize=4, format=FORMAT_TEXT, name='typreceive', table=1247}, Field{column=19, dataType=24, dataTypeModifier=-1, dataTypeSize=4, format=FORMAT_TEXT, name='typsend', table=1247}, Field{column=20, dataType=24, dataTypeModifier=-1, dataTypeSize=4, format=FORMAT_TEXT, name='typmodin', table=1247}, Field{column=21, dataType=24, dataTypeModifier=-1, dataTypeSize=4, format=FORMAT_TEXT, name='typmodout', table=1247}, Field{column=22, dataType=24, dataTypeModifier=-1, dataTypeSize=4, format=FORMAT_TEXT, name='typanalyze', table=1247}, Field{column=23, dataType=18, dataTypeModifier=-1, dataTypeSize=1, format=FORMAT_TEXT, name='typalign', table=1247}, Field{column=24, dataType=18, dataTypeModifier=-1, dataTypeSize=1, format=FORMAT_TEXT, name='typstorage', table=1247}, Field{column=25, dataType=16, dataTypeModifier=-1, dataTypeSize=1, format=FORMAT_TEXT, name='typnotnull', table=1247}, Field{column=26, dataType=26, dataTypeModifier=-1, dataTypeSize=4, format=FORMAT_TEXT, name='typbasetype', table=1247}, Field{column=27, dataType=23, dataTypeModifier=-1, dataTypeSize=4, format=FORMAT_TEXT, name='typtypmod', table=1247}, Field{column=28, dataType=23, dataTypeModifier=-1, dataTypeSize=4, format=FORMAT_TEXT, name='typndims', table=1247}, Field{column=29, dataType=26, dataTypeModifier=-1, dataTypeSize=4, format=FORMAT_TEXT, name='typcollation', table=1247}, Field{column=30, dataType=194, dataTypeModifier=-1, dataTypeSize=-1, format=FORMAT_TEXT, name='typdefaultbin', table=1247}, Field{column=31, dataType=25, dataTypeModifier=-1, dataTypeSize=-1, format=FORMAT_TEXT, name='typdefault', table=1247}, Field{column=32, dataType=1034, dataTypeModifier=-1, dataTypeSize=-1, format=FORMAT_TEXT, name='typacl', table=1247}]}
2026-03-15 10:16:29.073 DEBUG [reactor-tcp-nio-1] i.r.p.client.ReactorNettyClient : [cid: 0x1][pid: 26180] Response: CommandComplete{command=SELECT, rowId=null, rows=0}
2026-03-15 10:16:29.073 DEBUG [reactor-tcp-nio-1] i.r.p.client.ReactorNettyClient : [cid: 0x1][pid: 26180] Response: ReadyForQuery{transactionStatus=IDLE}
2026-03-15 10:16:29.087 DEBUG [reactor-tcp-nio-1] io.r2dbc.pool.ConnectionPool : Obtaining new connection from the pool
2026-03-15 10:16:29.088 DEBUG [reactor-tcp-nio-2] i.r.p.client.ReactorNettyClient : [cid: 0x2] Request:  StartupMessage{, database='fund-transfer', username='fund-transfer'}
2026-03-15 10:16:29.088 DEBUG [reactor-tcp-nio-1] io.r2dbc.postgresql.QUERY : [cid: 0x1][pid: 26180] Executing query: SELECT 1
2026-03-15 10:16:29.088 DEBUG [reactor-tcp-nio-1] i.r.p.client.ReactorNettyClient : [cid: 0x1][pid: 26180] Request:  Query{query='SELECT 1'}
2026-03-15 10:16:29.089 DEBUG [reactor-tcp-nio-1] i.r.p.client.ReactorNettyClient : [cid: 0x1][pid: 26180] Response: RowDescription{fields=[Field{column=0, dataType=23, dataTypeModifier=-1, dataTypeSize=4, format=FORMAT_TEXT, name='?column?', table=0}]}
2026-03-15 10:16:29.090 DEBUG [reactor-tcp-nio-1] i.r.p.client.ReactorNettyClient : [cid: 0x1][pid: 26180] Response: DataRow{columns=[PooledSlicedByteBuf(ridx: 0, widx: 1, cap: 1/1, unwrapped: PooledUnsafeDirectByteBuf(ridx: 46, widx: 66, cap: 1024))]}
2026-03-15 10:16:29.091 DEBUG [reactor-tcp-nio-1] i.r.p.client.ReactorNettyClient : [cid: 0x1][pid: 26180] Response: CommandComplete{command=SELECT, rowId=null, rows=1}
2026-03-15 10:16:29.091 DEBUG [reactor-tcp-nio-1] i.r.p.client.ReactorNettyClient : [cid: 0x1][pid: 26180] Response: ReadyForQuery{transactionStatus=IDLE}
2026-03-15 10:16:29.092 DEBUG [reactor-tcp-nio-1] io.r2dbc.postgresql.QUERY : [cid: 0x1][pid: 26180] Executing query: SELECT 1
2026-03-15 10:16:29.093 DEBUG [reactor-tcp-nio-1] i.r.p.client.ReactorNettyClient : [cid: 0x1][pid: 26180] Request:  Query{query='SELECT 1'}
2026-03-15 10:16:29.094 DEBUG [reactor-tcp-nio-1] i.r.p.client.ReactorNettyClient : [cid: 0x1][pid: 26180] Response: RowDescription{fields=[Field{column=0, dataType=23, dataTypeModifier=-1, dataTypeSize=4, format=FORMAT_TEXT, name='?column?', table=0}]}
2026-03-15 10:16:29.095 DEBUG [reactor-tcp-nio-1] i.r.p.client.ReactorNettyClient : [cid: 0x1][pid: 26180] Response: DataRow{columns=[PooledSlicedByteBuf(ridx: 0, widx: 1, cap: 1/1, unwrapped: PooledUnsafeDirectByteBuf(ridx: 46, widx: 66, cap: 512))]}
2026-03-15 10:16:29.095 DEBUG [reactor-tcp-nio-1] i.r.p.client.ReactorNettyClient : [cid: 0x1][pid: 26180] Response: CommandComplete{command=SELECT, rowId=null, rows=1}
2026-03-15 10:16:29.095 DEBUG [reactor-tcp-nio-1] i.r.p.client.ReactorNettyClient : [cid: 0x1][pid: 26180] Response: ReadyForQuery{transactionStatus=IDLE}
2026-03-15 10:16:29.096 DEBUG [reactor-tcp-nio-1] io.r2dbc.pool.PooledConnection : Releasing connection
2026-03-15 10:16:29.108 DEBUG [reactor-tcp-nio-2] i.r.p.client.ReactorNettyClient : [cid: 0x2] Response: AuthenticationSASL{authenticationMechanisms=[SCRAM-SHA-256]}
2026-03-15 10:16:29.109 DEBUG [reactor-tcp-nio-2] i.r.p.client.ReactorNettyClient : [cid: 0x2] Request:  SASLInitialResponse{initialResponse=java.nio.HeapByteBuffer[pos=0 lim=45 cap=49], name='SCRAM-SHA-256'}
2026-03-15 10:16:29.109 DEBUG [reactor-tcp-nio-2] i.r.p.client.ReactorNettyClient : [cid: 0x2] Response: AuthenticationSASLContinue{data=java.nio.HeapByteBuffer[pos=0 lim=84 cap=84]}
2026-03-15 10:16:29.120 DEBUG [reactor-tcp-nio-2] i.r.p.client.ReactorNettyClient : [cid: 0x2] Request:  SASLResponse{data=java.nio.HeapByteBuffer[pos=0 lim=104 cap=114]}
2026-03-15 10:16:29.122 DEBUG [reactor-tcp-nio-2] i.r.p.client.ReactorNettyClient : [cid: 0x2] Response: AuthenticationSASLFinal{additionalData=java.nio.HeapByteBuffer[pos=0 lim=46 cap=46]}
2026-03-15 10:16:29.123 DEBUG [reactor-tcp-nio-2] i.r.p.client.ReactorNettyClient : [cid: 0x2] Response: AuthenticationOk{}
2026-03-15 10:16:29.123 DEBUG [reactor-tcp-nio-2] i.r.p.client.ReactorNettyClient : [cid: 0x2] Response: ParameterStatus{name='in_hot_standby', value='off'}
2026-03-15 10:16:29.123 DEBUG [reactor-tcp-nio-2] i.r.p.client.ReactorNettyClient : [cid: 0x2] Response: ParameterStatus{name='integer_datetimes', value='on'}
2026-03-15 10:16:29.123 DEBUG [reactor-tcp-nio-2] i.r.p.client.ReactorNettyClient : [cid: 0x2] Response: ParameterStatus{name='TimeZone', value='Asia/Dhaka'}
2026-03-15 10:16:29.123 DEBUG [reactor-tcp-nio-2] i.r.p.client.ReactorNettyClient : [cid: 0x2] Response: ParameterStatus{name='IntervalStyle', value='postgres'}
2026-03-15 10:16:29.123 DEBUG [reactor-tcp-nio-2] i.r.p.client.ReactorNettyClient : [cid: 0x2] Response: ParameterStatus{name='search_path', value='banking_service'}
2026-03-15 10:16:29.123 DEBUG [reactor-tcp-nio-2] i.r.p.client.ReactorNettyClient : [cid: 0x2] Response: ParameterStatus{name='is_superuser', value='off'}
2026-03-15 10:16:29.123 DEBUG [reactor-tcp-nio-2] i.r.p.client.ReactorNettyClient : [cid: 0x2] Response: ParameterStatus{name='application_name', value='r2dbc-postgresql'}
2026-03-15 10:16:29.123 DEBUG [reactor-tcp-nio-2] i.r.p.client.ReactorNettyClient : [cid: 0x2] Response: ParameterStatus{name='default_transaction_read_only', value='off'}
2026-03-15 10:16:29.124 DEBUG [reactor-tcp-nio-2] i.r.p.client.ReactorNettyClient : [cid: 0x2] Response: ParameterStatus{name='scram_iterations', value='4096'}
2026-03-15 10:16:29.124 DEBUG [reactor-tcp-nio-2] i.r.p.client.ReactorNettyClient : [cid: 0x2] Response: ParameterStatus{name='DateStyle', value='ISO, MDY'}
2026-03-15 10:16:29.124 DEBUG [reactor-tcp-nio-2] i.r.p.client.ReactorNettyClient : [cid: 0x2] Response: ParameterStatus{name='standard_conforming_strings', value='on'}
2026-03-15 10:16:29.124 DEBUG [reactor-tcp-nio-2] i.r.p.client.ReactorNettyClient : [cid: 0x2] Response: ParameterStatus{name='session_authorization', value='fund-transfer'}
2026-03-15 10:16:29.124 DEBUG [reactor-tcp-nio-2] i.r.p.client.ReactorNettyClient : [cid: 0x2] Response: ParameterStatus{name='client_encoding', value='UTF8'}
2026-03-15 10:16:29.124 DEBUG [reactor-tcp-nio-2] i.r.p.client.ReactorNettyClient : [cid: 0x2] Response: ParameterStatus{name='server_version', value='18.0'}
2026-03-15 10:16:29.124 DEBUG [reactor-tcp-nio-2] i.r.p.client.ReactorNettyClient : [cid: 0x2] Response: ParameterStatus{name='server_encoding', value='UTF8'}
2026-03-15 10:16:29.124 DEBUG [reactor-tcp-nio-2] i.r.p.client.ReactorNettyClient : [cid: 0x2] Response: BackendKeyData{processId=14756, secretKey=1678605313}
2026-03-15 10:16:29.124 DEBUG [reactor-tcp-nio-2] i.r.p.client.ReactorNettyClient : [cid: 0x2][pid: 14756] Response: ReadyForQuery{transactionStatus=IDLE}
2026-03-15 10:16:29.126 DEBUG [reactor-tcp-nio-2] io.r2dbc.postgresql.QUERY : [cid: 0x2][pid: 14756] Executing query: SHOW TRANSACTION ISOLATION LEVEL
2026-03-15 10:16:29.126 DEBUG [reactor-tcp-nio-2] i.r.p.client.ReactorNettyClient : [cid: 0x2][pid: 14756] Request:  Query{query='SHOW TRANSACTION ISOLATION LEVEL'}
2026-03-15 10:16:29.127 DEBUG [reactor-tcp-nio-2] i.r.p.client.ReactorNettyClient : [cid: 0x2][pid: 14756] Response: RowDescription{fields=[Field{column=0, dataType=25, dataTypeModifier=-1, dataTypeSize=-1, format=FORMAT_TEXT, name='transaction_isolation', table=0}]}
2026-03-15 10:16:29.127 DEBUG [reactor-tcp-nio-2] i.r.p.client.ReactorNettyClient : [cid: 0x2][pid: 14756] Response: DataRow{columns=[PooledSlicedByteBuf(ridx: 0, widx: 14, cap: 14/14, unwrapped: PooledUnsafeDirectByteBuf(ridx: 72, widx: 88, cap: 1024))]}
2026-03-15 10:16:29.127 DEBUG [reactor-tcp-nio-2] i.r.p.client.ReactorNettyClient : [cid: 0x2][pid: 14756] Response: CommandComplete{command=SHOW, rowId=null, rows=null}
2026-03-15 10:16:29.127 DEBUG [reactor-tcp-nio-2] i.r.p.client.ReactorNettyClient : [cid: 0x2][pid: 14756] Response: ReadyForQuery{transactionStatus=IDLE}
2026-03-15 10:16:29.127 DEBUG [reactor-tcp-nio-2] io.r2dbc.postgresql.QUERY : [cid: 0x2][pid: 14756] Executing query: SELECT oid, * FROM pg_catalog.pg_type WHERE typname IN ('hstore','geometry','vector')
2026-03-15 10:16:29.127 DEBUG [reactor-tcp-nio-2] i.r.p.client.ReactorNettyClient : [cid: 0x2][pid: 14756] Request:  Query{query='SELECT oid, * FROM pg_catalog.pg_type WHERE typname IN ('hstore','geometry','vector')'}
2026-03-15 10:16:29.130 DEBUG [reactor-tcp-nio-2] i.r.p.client.ReactorNettyClient : [cid: 0x2][pid: 14756] Response: RowDescription{fields=[Field{column=1, dataType=26, dataTypeModifier=-1, dataTypeSize=4, format=FORMAT_TEXT, name='oid', table=1247}, Field{column=1, dataType=26, dataTypeModifier=-1, dataTypeSize=4, format=FORMAT_TEXT, name='oid', table=1247}, Field{column=2, dataType=19, dataTypeModifier=-1, dataTypeSize=64, format=FORMAT_TEXT, name='typname', table=1247}, Field{column=3, dataType=26, dataTypeModifier=-1, dataTypeSize=4, format=FORMAT_TEXT, name='typnamespace', table=1247}, Field{column=4, dataType=26, dataTypeModifier=-1, dataTypeSize=4, format=FORMAT_TEXT, name='typowner', table=1247}, Field{column=5, dataType=21, dataTypeModifier=-1, dataTypeSize=2, format=FORMAT_TEXT, name='typlen', table=1247}, Field{column=6, dataType=16, dataTypeModifier=-1, dataTypeSize=1, format=FORMAT_TEXT, name='typbyval', table=1247}, Field{column=7, dataType=18, dataTypeModifier=-1, dataTypeSize=1, format=FORMAT_TEXT, name='typtype', table=1247}, Field{column=8, dataType=18, dataTypeModifier=-1, dataTypeSize=1, format=FORMAT_TEXT, name='typcategory', table=1247}, Field{column=9, dataType=16, dataTypeModifier=-1, dataTypeSize=1, format=FORMAT_TEXT, name='typispreferred', table=1247}, Field{column=10, dataType=16, dataTypeModifier=-1, dataTypeSize=1, format=FORMAT_TEXT, name='typisdefined', table=1247}, Field{column=11, dataType=18, dataTypeModifier=-1, dataTypeSize=1, format=FORMAT_TEXT, name='typdelim', table=1247}, Field{column=12, dataType=26, dataTypeModifier=-1, dataTypeSize=4, format=FORMAT_TEXT, name='typrelid', table=1247}, Field{column=13, dataType=24, dataTypeModifier=-1, dataTypeSize=4, format=FORMAT_TEXT, name='typsubscript', table=1247}, Field{column=14, dataType=26, dataTypeModifier=-1, dataTypeSize=4, format=FORMAT_TEXT, name='typelem', table=1247}, Field{column=15, dataType=26, dataTypeModifier=-1, dataTypeSize=4, format=FORMAT_TEXT, name='typarray', table=1247}, Field{column=16, dataType=24, dataTypeModifier=-1, dataTypeSize=4, format=FORMAT_TEXT, name='typinput', table=1247}, Field{column=17, dataType=24, dataTypeModifier=-1, dataTypeSize=4, format=FORMAT_TEXT, name='typoutput', table=1247}, Field{column=18, dataType=24, dataTypeModifier=-1, dataTypeSize=4, format=FORMAT_TEXT, name='typreceive', table=1247}, Field{column=19, dataType=24, dataTypeModifier=-1, dataTypeSize=4, format=FORMAT_TEXT, name='typsend', table=1247}, Field{column=20, dataType=24, dataTypeModifier=-1, dataTypeSize=4, format=FORMAT_TEXT, name='typmodin', table=1247}, Field{column=21, dataType=24, dataTypeModifier=-1, dataTypeSize=4, format=FORMAT_TEXT, name='typmodout', table=1247}, Field{column=22, dataType=24, dataTypeModifier=-1, dataTypeSize=4, format=FORMAT_TEXT, name='typanalyze', table=1247}, Field{column=23, dataType=18, dataTypeModifier=-1, dataTypeSize=1, format=FORMAT_TEXT, name='typalign', table=1247}, Field{column=24, dataType=18, dataTypeModifier=-1, dataTypeSize=1, format=FORMAT_TEXT, name='typstorage', table=1247}, Field{column=25, dataType=16, dataTypeModifier=-1, dataTypeSize=1, format=FORMAT_TEXT, name='typnotnull', table=1247}, Field{column=26, dataType=26, dataTypeModifier=-1, dataTypeSize=4, format=FORMAT_TEXT, name='typbasetype', table=1247}, Field{column=27, dataType=23, dataTypeModifier=-1, dataTypeSize=4, format=FORMAT_TEXT, name='typtypmod', table=1247}, Field{column=28, dataType=23, dataTypeModifier=-1, dataTypeSize=4, format=FORMAT_TEXT, name='typndims', table=1247}, Field{column=29, dataType=26, dataTypeModifier=-1, dataTypeSize=4, format=FORMAT_TEXT, name='typcollation', table=1247}, Field{column=30, dataType=194, dataTypeModifier=-1, dataTypeSize=-1, format=FORMAT_TEXT, name='typdefaultbin', table=1247}, Field{column=31, dataType=25, dataTypeModifier=-1, dataTypeSize=-1, format=FORMAT_TEXT, name='typdefault', table=1247}, Field{column=32, dataType=1034, dataTypeModifier=-1, dataTypeSize=-1, format=FORMAT_TEXT, name='typacl', table=1247}]}
2026-03-15 10:16:29.130 DEBUG [reactor-tcp-nio-2] i.r.p.client.ReactorNettyClient : [cid: 0x2][pid: 14756] Response: CommandComplete{command=SELECT, rowId=null, rows=0}
2026-03-15 10:16:29.130 DEBUG [reactor-tcp-nio-2] i.r.p.client.ReactorNettyClient : [cid: 0x2][pid: 14756] Response: ReadyForQuery{transactionStatus=IDLE}
2026-03-15 10:16:29.131 DEBUG [reactor-tcp-nio-3] i.r.p.client.ReactorNettyClient : [cid: 0x3] Request:  StartupMessage{, database='fund-transfer', username='fund-transfer'}
2026-03-15 10:16:29.148 DEBUG [reactor-tcp-nio-3] i.r.p.client.ReactorNettyClient : [cid: 0x3] Response: AuthenticationSASL{authenticationMechanisms=[SCRAM-SHA-256]}
2026-03-15 10:16:29.149 DEBUG [reactor-tcp-nio-3] i.r.p.client.ReactorNettyClient : [cid: 0x3] Request:  SASLInitialResponse{initialResponse=java.nio.HeapByteBuffer[pos=0 lim=45 cap=49], name='SCRAM-SHA-256'}
2026-03-15 10:16:29.149 DEBUG [reactor-tcp-nio-3] i.r.p.client.ReactorNettyClient : [cid: 0x3] Response: AuthenticationSASLContinue{data=java.nio.HeapByteBuffer[pos=0 lim=84 cap=84]}
2026-03-15 10:16:29.158 DEBUG [reactor-tcp-nio-3] i.r.p.client.ReactorNettyClient : [cid: 0x3] Request:  SASLResponse{data=java.nio.HeapByteBuffer[pos=0 lim=104 cap=114]}
2026-03-15 10:16:29.160 DEBUG [reactor-tcp-nio-3] i.r.p.client.ReactorNettyClient : [cid: 0x3] Response: AuthenticationSASLFinal{additionalData=java.nio.HeapByteBuffer[pos=0 lim=46 cap=46]}
2026-03-15 10:16:29.160 DEBUG [reactor-tcp-nio-3] i.r.p.client.ReactorNettyClient : [cid: 0x3] Response: AuthenticationOk{}
2026-03-15 10:16:29.160 DEBUG [reactor-tcp-nio-3] i.r.p.client.ReactorNettyClient : [cid: 0x3] Response: ParameterStatus{name='in_hot_standby', value='off'}
2026-03-15 10:16:29.160 DEBUG [reactor-tcp-nio-3] i.r.p.client.ReactorNettyClient : [cid: 0x3] Response: ParameterStatus{name='integer_datetimes', value='on'}
2026-03-15 10:16:29.160 DEBUG [reactor-tcp-nio-3] i.r.p.client.ReactorNettyClient : [cid: 0x3] Response: ParameterStatus{name='TimeZone', value='Asia/Dhaka'}
2026-03-15 10:16:29.160 DEBUG [reactor-tcp-nio-3] i.r.p.client.ReactorNettyClient : [cid: 0x3] Response: ParameterStatus{name='IntervalStyle', value='postgres'}
2026-03-15 10:16:29.161 DEBUG [reactor-tcp-nio-3] i.r.p.client.ReactorNettyClient : [cid: 0x3] Response: ParameterStatus{name='search_path', value='banking_service'}
2026-03-15 10:16:29.161 DEBUG [reactor-tcp-nio-3] i.r.p.client.ReactorNettyClient : [cid: 0x3] Response: ParameterStatus{name='is_superuser', value='off'}
2026-03-15 10:16:29.161 DEBUG [reactor-tcp-nio-3] i.r.p.client.ReactorNettyClient : [cid: 0x3] Response: ParameterStatus{name='application_name', value='r2dbc-postgresql'}
2026-03-15 10:16:29.161 DEBUG [reactor-tcp-nio-3] i.r.p.client.ReactorNettyClient : [cid: 0x3] Response: ParameterStatus{name='default_transaction_read_only', value='off'}
2026-03-15 10:16:29.161 DEBUG [reactor-tcp-nio-3] i.r.p.client.ReactorNettyClient : [cid: 0x3] Response: ParameterStatus{name='scram_iterations', value='4096'}
2026-03-15 10:16:29.161 DEBUG [reactor-tcp-nio-3] i.r.p.client.ReactorNettyClient : [cid: 0x3] Response: ParameterStatus{name='DateStyle', value='ISO, MDY'}
2026-03-15 10:16:29.161 DEBUG [reactor-tcp-nio-3] i.r.p.client.ReactorNettyClient : [cid: 0x3] Response: ParameterStatus{name='standard_conforming_strings', value='on'}
2026-03-15 10:16:29.161 DEBUG [reactor-tcp-nio-3] i.r.p.client.ReactorNettyClient : [cid: 0x3] Response: ParameterStatus{name='session_authorization', value='fund-transfer'}
2026-03-15 10:16:29.161 DEBUG [reactor-tcp-nio-3] i.r.p.client.ReactorNettyClient : [cid: 0x3] Response: ParameterStatus{name='client_encoding', value='UTF8'}
2026-03-15 10:16:29.161 DEBUG [reactor-tcp-nio-3] i.r.p.client.ReactorNettyClient : [cid: 0x3] Response: ParameterStatus{name='server_version', value='18.0'}
2026-03-15 10:16:29.161 DEBUG [reactor-tcp-nio-3] i.r.p.client.ReactorNettyClient : [cid: 0x3] Response: ParameterStatus{name='server_encoding', value='UTF8'}
2026-03-15 10:16:29.161 DEBUG [reactor-tcp-nio-3] i.r.p.client.ReactorNettyClient : [cid: 0x3] Response: BackendKeyData{processId=25524, secretKey=1712604759}
2026-03-15 10:16:29.161 DEBUG [reactor-tcp-nio-3] i.r.p.client.ReactorNettyClient : [cid: 0x3][pid: 25524] Response: ReadyForQuery{transactionStatus=IDLE}
2026-03-15 10:16:29.163 DEBUG [reactor-tcp-nio-3] io.r2dbc.postgresql.QUERY : [cid: 0x3][pid: 25524] Executing query: SHOW TRANSACTION ISOLATION LEVEL
2026-03-15 10:16:29.164 DEBUG [reactor-tcp-nio-3] i.r.p.client.ReactorNettyClient : [cid: 0x3][pid: 25524] Request:  Query{query='SHOW TRANSACTION ISOLATION LEVEL'}
2026-03-15 10:16:29.164 DEBUG [reactor-tcp-nio-3] i.r.p.client.ReactorNettyClient : [cid: 0x3][pid: 25524] Response: RowDescription{fields=[Field{column=0, dataType=25, dataTypeModifier=-1, dataTypeSize=-1, format=FORMAT_TEXT, name='transaction_isolation', table=0}]}
2026-03-15 10:16:29.164 DEBUG [reactor-tcp-nio-3] i.r.p.client.ReactorNettyClient : [cid: 0x3][pid: 25524] Response: DataRow{columns=[PooledSlicedByteBuf(ridx: 0, widx: 14, cap: 14/14, unwrapped: PooledUnsafeDirectByteBuf(ridx: 72, widx: 88, cap: 1024))]}
2026-03-15 10:16:29.164 DEBUG [reactor-tcp-nio-3] i.r.p.client.ReactorNettyClient : [cid: 0x3][pid: 25524] Response: CommandComplete{command=SHOW, rowId=null, rows=null}
2026-03-15 10:16:29.164 DEBUG [reactor-tcp-nio-3] i.r.p.client.ReactorNettyClient : [cid: 0x3][pid: 25524] Response: ReadyForQuery{transactionStatus=IDLE}
2026-03-15 10:16:29.164 DEBUG [reactor-tcp-nio-3] io.r2dbc.postgresql.QUERY : [cid: 0x3][pid: 25524] Executing query: SELECT oid, * FROM pg_catalog.pg_type WHERE typname IN ('hstore','geometry','vector')
2026-03-15 10:16:29.165 DEBUG [reactor-tcp-nio-3] i.r.p.client.ReactorNettyClient : [cid: 0x3][pid: 25524] Request:  Query{query='SELECT oid, * FROM pg_catalog.pg_type WHERE typname IN ('hstore','geometry','vector')'}
2026-03-15 10:16:29.167 DEBUG [reactor-tcp-nio-3] i.r.p.client.ReactorNettyClient : [cid: 0x3][pid: 25524] Response: RowDescription{fields=[Field{column=1, dataType=26, dataTypeModifier=-1, dataTypeSize=4, format=FORMAT_TEXT, name='oid', table=1247}, Field{column=1, dataType=26, dataTypeModifier=-1, dataTypeSize=4, format=FORMAT_TEXT, name='oid', table=1247}, Field{column=2, dataType=19, dataTypeModifier=-1, dataTypeSize=64, format=FORMAT_TEXT, name='typname', table=1247}, Field{column=3, dataType=26, dataTypeModifier=-1, dataTypeSize=4, format=FORMAT_TEXT, name='typnamespace', table=1247}, Field{column=4, dataType=26, dataTypeModifier=-1, dataTypeSize=4, format=FORMAT_TEXT, name='typowner', table=1247}, Field{column=5, dataType=21, dataTypeModifier=-1, dataTypeSize=2, format=FORMAT_TEXT, name='typlen', table=1247}, Field{column=6, dataType=16, dataTypeModifier=-1, dataTypeSize=1, format=FORMAT_TEXT, name='typbyval', table=1247}, Field{column=7, dataType=18, dataTypeModifier=-1, dataTypeSize=1, format=FORMAT_TEXT, name='typtype', table=1247}, Field{column=8, dataType=18, dataTypeModifier=-1, dataTypeSize=1, format=FORMAT_TEXT, name='typcategory', table=1247}, Field{column=9, dataType=16, dataTypeModifier=-1, dataTypeSize=1, format=FORMAT_TEXT, name='typispreferred', table=1247}, Field{column=10, dataType=16, dataTypeModifier=-1, dataTypeSize=1, format=FORMAT_TEXT, name='typisdefined', table=1247}, Field{column=11, dataType=18, dataTypeModifier=-1, dataTypeSize=1, format=FORMAT_TEXT, name='typdelim', table=1247}, Field{column=12, dataType=26, dataTypeModifier=-1, dataTypeSize=4, format=FORMAT_TEXT, name='typrelid', table=1247}, Field{column=13, dataType=24, dataTypeModifier=-1, dataTypeSize=4, format=FORMAT_TEXT, name='typsubscript', table=1247}, Field{column=14, dataType=26, dataTypeModifier=-1, dataTypeSize=4, format=FORMAT_TEXT, name='typelem', table=1247}, Field{column=15, dataType=26, dataTypeModifier=-1, dataTypeSize=4, format=FORMAT_TEXT, name='typarray', table=1247}, Field{column=16, dataType=24, dataTypeModifier=-1, dataTypeSize=4, format=FORMAT_TEXT, name='typinput', table=1247}, Field{column=17, dataType=24, dataTypeModifier=-1, dataTypeSize=4, format=FORMAT_TEXT, name='typoutput', table=1247}, Field{column=18, dataType=24, dataTypeModifier=-1, dataTypeSize=4, format=FORMAT_TEXT, name='typreceive', table=1247}, Field{column=19, dataType=24, dataTypeModifier=-1, dataTypeSize=4, format=FORMAT_TEXT, name='typsend', table=1247}, Field{column=20, dataType=24, dataTypeModifier=-1, dataTypeSize=4, format=FORMAT_TEXT, name='typmodin', table=1247}, Field{column=21, dataType=24, dataTypeModifier=-1, dataTypeSize=4, format=FORMAT_TEXT, name='typmodout', table=1247}, Field{column=22, dataType=24, dataTypeModifier=-1, dataTypeSize=4, format=FORMAT_TEXT, name='typanalyze', table=1247}, Field{column=23, dataType=18, dataTypeModifier=-1, dataTypeSize=1, format=FORMAT_TEXT, name='typalign', table=1247}, Field{column=24, dataType=18, dataTypeModifier=-1, dataTypeSize=1, format=FORMAT_TEXT, name='typstorage', table=1247}, Field{column=25, dataType=16, dataTypeModifier=-1, dataTypeSize=1, format=FORMAT_TEXT, name='typnotnull', table=1247}, Field{column=26, dataType=26, dataTypeModifier=-1, dataTypeSize=4, format=FORMAT_TEXT, name='typbasetype', table=1247}, Field{column=27, dataType=23, dataTypeModifier=-1, dataTypeSize=4, format=FORMAT_TEXT, name='typtypmod', table=1247}, Field{column=28, dataType=23, dataTypeModifier=-1, dataTypeSize=4, format=FORMAT_TEXT, name='typndims', table=1247}, Field{column=29, dataType=26, dataTypeModifier=-1, dataTypeSize=4, format=FORMAT_TEXT, name='typcollation', table=1247}, Field{column=30, dataType=194, dataTypeModifier=-1, dataTypeSize=-1, format=FORMAT_TEXT, name='typdefaultbin', table=1247}, Field{column=31, dataType=25, dataTypeModifier=-1, dataTypeSize=-1, format=FORMAT_TEXT, name='typdefault', table=1247}, Field{column=32, dataType=1034, dataTypeModifier=-1, dataTypeSize=-1, format=FORMAT_TEXT, name='typacl', table=1247}]}
2026-03-15 10:16:29.167 DEBUG [reactor-tcp-nio-3] i.r.p.client.ReactorNettyClient : [cid: 0x3][pid: 25524] Response: CommandComplete{command=SELECT, rowId=null, rows=0}
2026-03-15 10:16:29.167 DEBUG [reactor-tcp-nio-3] i.r.p.client.ReactorNettyClient : [cid: 0x3][pid: 25524] Response: ReadyForQuery{transactionStatus=IDLE}
2026-03-15 10:16:29.168 DEBUG [reactor-tcp-nio-4] i.r.p.client.ReactorNettyClient : [cid: 0x4] Request:  StartupMessage{, database='fund-transfer', username='fund-transfer'}
2026-03-15 10:16:29.184 DEBUG [reactor-tcp-nio-4] i.r.p.client.ReactorNettyClient : [cid: 0x4] Response: AuthenticationSASL{authenticationMechanisms=[SCRAM-SHA-256]}
2026-03-15 10:16:29.185 DEBUG [reactor-tcp-nio-4] i.r.p.client.ReactorNettyClient : [cid: 0x4] Request:  SASLInitialResponse{initialResponse=java.nio.HeapByteBuffer[pos=0 lim=45 cap=49], name='SCRAM-SHA-256'}
2026-03-15 10:16:29.185 DEBUG [reactor-tcp-nio-4] i.r.p.client.ReactorNettyClient : [cid: 0x4] Response: AuthenticationSASLContinue{data=java.nio.HeapByteBuffer[pos=0 lim=84 cap=84]}
2026-03-15 10:16:29.195 DEBUG [reactor-tcp-nio-4] i.r.p.client.ReactorNettyClient : [cid: 0x4] Request:  SASLResponse{data=java.nio.HeapByteBuffer[pos=0 lim=104 cap=114]}
2026-03-15 10:16:29.197 DEBUG [reactor-tcp-nio-4] i.r.p.client.ReactorNettyClient : [cid: 0x4] Response: AuthenticationSASLFinal{additionalData=java.nio.HeapByteBuffer[pos=0 lim=46 cap=46]}
2026-03-15 10:16:29.197 DEBUG [reactor-tcp-nio-4] i.r.p.client.ReactorNettyClient : [cid: 0x4] Response: AuthenticationOk{}
2026-03-15 10:16:29.198 DEBUG [reactor-tcp-nio-4] i.r.p.client.ReactorNettyClient : [cid: 0x4] Response: ParameterStatus{name='in_hot_standby', value='off'}
2026-03-15 10:16:29.198 DEBUG [reactor-tcp-nio-4] i.r.p.client.ReactorNettyClient : [cid: 0x4] Response: ParameterStatus{name='integer_datetimes', value='on'}
2026-03-15 10:16:29.198 DEBUG [reactor-tcp-nio-4] i.r.p.client.ReactorNettyClient : [cid: 0x4] Response: ParameterStatus{name='TimeZone', value='Asia/Dhaka'}
2026-03-15 10:16:29.198 DEBUG [reactor-tcp-nio-4] i.r.p.client.ReactorNettyClient : [cid: 0x4] Response: ParameterStatus{name='IntervalStyle', value='postgres'}
2026-03-15 10:16:29.198 DEBUG [reactor-tcp-nio-4] i.r.p.client.ReactorNettyClient : [cid: 0x4] Response: ParameterStatus{name='search_path', value='banking_service'}
2026-03-15 10:16:29.198 DEBUG [reactor-tcp-nio-4] i.r.p.client.ReactorNettyClient : [cid: 0x4] Response: ParameterStatus{name='is_superuser', value='off'}
2026-03-15 10:16:29.199 DEBUG [reactor-tcp-nio-4] i.r.p.client.ReactorNettyClient : [cid: 0x4] Response: ParameterStatus{name='application_name', value='r2dbc-postgresql'}
2026-03-15 10:16:29.199 DEBUG [reactor-tcp-nio-4] i.r.p.client.ReactorNettyClient : [cid: 0x4] Response: ParameterStatus{name='default_transaction_read_only', value='off'}
2026-03-15 10:16:29.199 DEBUG [reactor-tcp-nio-4] i.r.p.client.ReactorNettyClient : [cid: 0x4] Response: ParameterStatus{name='scram_iterations', value='4096'}
2026-03-15 10:16:29.199 DEBUG [reactor-tcp-nio-4] i.r.p.client.ReactorNettyClient : [cid: 0x4] Response: ParameterStatus{name='DateStyle', value='ISO, MDY'}
2026-03-15 10:16:29.199 DEBUG [reactor-tcp-nio-4] i.r.p.client.ReactorNettyClient : [cid: 0x4] Response: ParameterStatus{name='standard_conforming_strings', value='on'}
2026-03-15 10:16:29.199 DEBUG [reactor-tcp-nio-4] i.r.p.client.ReactorNettyClient : [cid: 0x4] Response: ParameterStatus{name='session_authorization', value='fund-transfer'}
2026-03-15 10:16:29.199 DEBUG [reactor-tcp-nio-4] i.r.p.client.ReactorNettyClient : [cid: 0x4] Response: ParameterStatus{name='client_encoding', value='UTF8'}
2026-03-15 10:16:29.199 DEBUG [reactor-tcp-nio-4] i.r.p.client.ReactorNettyClient : [cid: 0x4] Response: ParameterStatus{name='server_version', value='18.0'}
2026-03-15 10:16:29.199 DEBUG [reactor-tcp-nio-4] i.r.p.client.ReactorNettyClient : [cid: 0x4] Response: ParameterStatus{name='server_encoding', value='UTF8'}
2026-03-15 10:16:29.199 DEBUG [reactor-tcp-nio-4] i.r.p.client.ReactorNettyClient : [cid: 0x4] Response: BackendKeyData{processId=15568, secretKey=131462320}
2026-03-15 10:16:29.199 DEBUG [reactor-tcp-nio-4] i.r.p.client.ReactorNettyClient : [cid: 0x4][pid: 15568] Response: ReadyForQuery{transactionStatus=IDLE}
2026-03-15 10:16:29.201 DEBUG [reactor-tcp-nio-4] io.r2dbc.postgresql.QUERY : [cid: 0x4][pid: 15568] Executing query: SHOW TRANSACTION ISOLATION LEVEL
2026-03-15 10:16:29.201 DEBUG [reactor-tcp-nio-4] i.r.p.client.ReactorNettyClient : [cid: 0x4][pid: 15568] Request:  Query{query='SHOW TRANSACTION ISOLATION LEVEL'}
2026-03-15 10:16:29.201 DEBUG [reactor-tcp-nio-4] i.r.p.client.ReactorNettyClient : [cid: 0x4][pid: 15568] Response: RowDescription{fields=[Field{column=0, dataType=25, dataTypeModifier=-1, dataTypeSize=-1, format=FORMAT_TEXT, name='transaction_isolation', table=0}]}
2026-03-15 10:16:29.201 DEBUG [reactor-tcp-nio-4] i.r.p.client.ReactorNettyClient : [cid: 0x4][pid: 15568] Response: DataRow{columns=[PooledSlicedByteBuf(ridx: 0, widx: 14, cap: 14/14, unwrapped: PooledUnsafeDirectByteBuf(ridx: 72, widx: 88, cap: 1024))]}
2026-03-15 10:16:29.201 DEBUG [reactor-tcp-nio-4] i.r.p.client.ReactorNettyClient : [cid: 0x4][pid: 15568] Response: CommandComplete{command=SHOW, rowId=null, rows=null}
2026-03-15 10:16:29.201 DEBUG [reactor-tcp-nio-4] i.r.p.client.ReactorNettyClient : [cid: 0x4][pid: 15568] Response: ReadyForQuery{transactionStatus=IDLE}
2026-03-15 10:16:29.202 DEBUG [reactor-tcp-nio-4] io.r2dbc.postgresql.QUERY : [cid: 0x4][pid: 15568] Executing query: SELECT oid, * FROM pg_catalog.pg_type WHERE typname IN ('hstore','geometry','vector')
2026-03-15 10:16:29.202 DEBUG [reactor-tcp-nio-4] i.r.p.client.ReactorNettyClient : [cid: 0x4][pid: 15568] Request:  Query{query='SELECT oid, * FROM pg_catalog.pg_type WHERE typname IN ('hstore','geometry','vector')'}
2026-03-15 10:16:29.204 DEBUG [reactor-tcp-nio-4] i.r.p.client.ReactorNettyClient : [cid: 0x4][pid: 15568] Response: RowDescription{fields=[Field{column=1, dataType=26, dataTypeModifier=-1, dataTypeSize=4, format=FORMAT_TEXT, name='oid', table=1247}, Field{column=1, dataType=26, dataTypeModifier=-1, dataTypeSize=4, format=FORMAT_TEXT, name='oid', table=1247}, Field{column=2, dataType=19, dataTypeModifier=-1, dataTypeSize=64, format=FORMAT_TEXT, name='typname', table=1247}, Field{column=3, dataType=26, dataTypeModifier=-1, dataTypeSize=4, format=FORMAT_TEXT, name='typnamespace', table=1247}, Field{column=4, dataType=26, dataTypeModifier=-1, dataTypeSize=4, format=FORMAT_TEXT, name='typowner', table=1247}, Field{column=5, dataType=21, dataTypeModifier=-1, dataTypeSize=2, format=FORMAT_TEXT, name='typlen', table=1247}, Field{column=6, dataType=16, dataTypeModifier=-1, dataTypeSize=1, format=FORMAT_TEXT, name='typbyval', table=1247}, Field{column=7, dataType=18, dataTypeModifier=-1, dataTypeSize=1, format=FORMAT_TEXT, name='typtype', table=1247}, Field{column=8, dataType=18, dataTypeModifier=-1, dataTypeSize=1, format=FORMAT_TEXT, name='typcategory', table=1247}, Field{column=9, dataType=16, dataTypeModifier=-1, dataTypeSize=1, format=FORMAT_TEXT, name='typispreferred', table=1247}, Field{column=10, dataType=16, dataTypeModifier=-1, dataTypeSize=1, format=FORMAT_TEXT, name='typisdefined', table=1247}, Field{column=11, dataType=18, dataTypeModifier=-1, dataTypeSize=1, format=FORMAT_TEXT, name='typdelim', table=1247}, Field{column=12, dataType=26, dataTypeModifier=-1, dataTypeSize=4, format=FORMAT_TEXT, name='typrelid', table=1247}, Field{column=13, dataType=24, dataTypeModifier=-1, dataTypeSize=4, format=FORMAT_TEXT, name='typsubscript', table=1247}, Field{column=14, dataType=26, dataTypeModifier=-1, dataTypeSize=4, format=FORMAT_TEXT, name='typelem', table=1247}, Field{column=15, dataType=26, dataTypeModifier=-1, dataTypeSize=4, format=FORMAT_TEXT, name='typarray', table=1247}, Field{column=16, dataType=24, dataTypeModifier=-1, dataTypeSize=4, format=FORMAT_TEXT, name='typinput', table=1247}, Field{column=17, dataType=24, dataTypeModifier=-1, dataTypeSize=4, format=FORMAT_TEXT, name='typoutput', table=1247}, Field{column=18, dataType=24, dataTypeModifier=-1, dataTypeSize=4, format=FORMAT_TEXT, name='typreceive', table=1247}, Field{column=19, dataType=24, dataTypeModifier=-1, dataTypeSize=4, format=FORMAT_TEXT, name='typsend', table=1247}, Field{column=20, dataType=24, dataTypeModifier=-1, dataTypeSize=4, format=FORMAT_TEXT, name='typmodin', table=1247}, Field{column=21, dataType=24, dataTypeModifier=-1, dataTypeSize=4, format=FORMAT_TEXT, name='typmodout', table=1247}, Field{column=22, dataType=24, dataTypeModifier=-1, dataTypeSize=4, format=FORMAT_TEXT, name='typanalyze', table=1247}, Field{column=23, dataType=18, dataTypeModifier=-1, dataTypeSize=1, format=FORMAT_TEXT, name='typalign', table=1247}, Field{column=24, dataType=18, dataTypeModifier=-1, dataTypeSize=1, format=FORMAT_TEXT, name='typstorage', table=1247}, Field{column=25, dataType=16, dataTypeModifier=-1, dataTypeSize=1, format=FORMAT_TEXT, name='typnotnull', table=1247}, Field{column=26, dataType=26, dataTypeModifier=-1, dataTypeSize=4, format=FORMAT_TEXT, name='typbasetype', table=1247}, Field{column=27, dataType=23, dataTypeModifier=-1, dataTypeSize=4, format=FORMAT_TEXT, name='typtypmod', table=1247}, Field{column=28, dataType=23, dataTypeModifier=-1, dataTypeSize=4, format=FORMAT_TEXT, name='typndims', table=1247}, Field{column=29, dataType=26, dataTypeModifier=-1, dataTypeSize=4, format=FORMAT_TEXT, name='typcollation', table=1247}, Field{column=30, dataType=194, dataTypeModifier=-1, dataTypeSize=-1, format=FORMAT_TEXT, name='typdefaultbin', table=1247}, Field{column=31, dataType=25, dataTypeModifier=-1, dataTypeSize=-1, format=FORMAT_TEXT, name='typdefault', table=1247}, Field{column=32, dataType=1034, dataTypeModifier=-1, dataTypeSize=-1, format=FORMAT_TEXT, name='typacl', table=1247}]}
2026-03-15 10:16:29.204 DEBUG [reactor-tcp-nio-4] i.r.p.client.ReactorNettyClient : [cid: 0x4][pid: 15568] Response: CommandComplete{command=SELECT, rowId=null, rows=0}
2026-03-15 10:16:29.204 DEBUG [reactor-tcp-nio-4] i.r.p.client.ReactorNettyClient : [cid: 0x4][pid: 15568] Response: ReadyForQuery{transactionStatus=IDLE}
2026-03-15 10:16:29.205 DEBUG [reactor-tcp-nio-5] i.r.p.client.ReactorNettyClient : [cid: 0x5] Request:  StartupMessage{, database='fund-transfer', username='fund-transfer'}
2026-03-15 10:16:29.223 DEBUG [reactor-tcp-nio-5] i.r.p.client.ReactorNettyClient : [cid: 0x5] Response: AuthenticationSASL{authenticationMechanisms=[SCRAM-SHA-256]}
2026-03-15 10:16:29.223 DEBUG [reactor-tcp-nio-5] i.r.p.client.ReactorNettyClient : [cid: 0x5] Request:  SASLInitialResponse{initialResponse=java.nio.HeapByteBuffer[pos=0 lim=45 cap=49], name='SCRAM-SHA-256'}
2026-03-15 10:16:29.223 DEBUG [reactor-tcp-nio-5] i.r.p.client.ReactorNettyClient : [cid: 0x5] Response: AuthenticationSASLContinue{data=java.nio.HeapByteBuffer[pos=0 lim=84 cap=84]}
2026-03-15 10:16:29.233 DEBUG [reactor-tcp-nio-5] i.r.p.client.ReactorNettyClient : [cid: 0x5] Request:  SASLResponse{data=java.nio.HeapByteBuffer[pos=0 lim=104 cap=114]}
2026-03-15 10:16:29.235 DEBUG [reactor-tcp-nio-5] i.r.p.client.ReactorNettyClient : [cid: 0x5] Response: AuthenticationSASLFinal{additionalData=java.nio.HeapByteBuffer[pos=0 lim=46 cap=46]}
2026-03-15 10:16:29.235 DEBUG [reactor-tcp-nio-5] i.r.p.client.ReactorNettyClient : [cid: 0x5] Response: AuthenticationOk{}
2026-03-15 10:16:29.235 DEBUG [reactor-tcp-nio-5] i.r.p.client.ReactorNettyClient : [cid: 0x5] Response: ParameterStatus{name='in_hot_standby', value='off'}
2026-03-15 10:16:29.235 DEBUG [reactor-tcp-nio-5] i.r.p.client.ReactorNettyClient : [cid: 0x5] Response: ParameterStatus{name='integer_datetimes', value='on'}
2026-03-15 10:16:29.235 DEBUG [reactor-tcp-nio-5] i.r.p.client.ReactorNettyClient : [cid: 0x5] Response: ParameterStatus{name='TimeZone', value='Asia/Dhaka'}
2026-03-15 10:16:29.236 DEBUG [reactor-tcp-nio-5] i.r.p.client.ReactorNettyClient : [cid: 0x5] Response: ParameterStatus{name='IntervalStyle', value='postgres'}
2026-03-15 10:16:29.236 DEBUG [reactor-tcp-nio-5] i.r.p.client.ReactorNettyClient : [cid: 0x5] Response: ParameterStatus{name='search_path', value='banking_service'}
2026-03-15 10:16:29.236 DEBUG [reactor-tcp-nio-5] i.r.p.client.ReactorNettyClient : [cid: 0x5] Response: ParameterStatus{name='is_superuser', value='off'}
2026-03-15 10:16:29.236 DEBUG [reactor-tcp-nio-5] i.r.p.client.ReactorNettyClient : [cid: 0x5] Response: ParameterStatus{name='application_name', value='r2dbc-postgresql'}
2026-03-15 10:16:29.236 DEBUG [reactor-tcp-nio-5] i.r.p.client.ReactorNettyClient : [cid: 0x5] Response: ParameterStatus{name='default_transaction_read_only', value='off'}
2026-03-15 10:16:29.236 DEBUG [reactor-tcp-nio-5] i.r.p.client.ReactorNettyClient : [cid: 0x5] Response: ParameterStatus{name='scram_iterations', value='4096'}
2026-03-15 10:16:29.236 DEBUG [reactor-tcp-nio-5] i.r.p.client.ReactorNettyClient : [cid: 0x5] Response: ParameterStatus{name='DateStyle', value='ISO, MDY'}
2026-03-15 10:16:29.236 DEBUG [reactor-tcp-nio-5] i.r.p.client.ReactorNettyClient : [cid: 0x5] Response: ParameterStatus{name='standard_conforming_strings', value='on'}
2026-03-15 10:16:29.236 DEBUG [reactor-tcp-nio-5] i.r.p.client.ReactorNettyClient : [cid: 0x5] Response: ParameterStatus{name='session_authorization', value='fund-transfer'}
2026-03-15 10:16:29.236 DEBUG [reactor-tcp-nio-5] i.r.p.client.ReactorNettyClient : [cid: 0x5] Response: ParameterStatus{name='client_encoding', value='UTF8'}
2026-03-15 10:16:29.236 DEBUG [reactor-tcp-nio-5] i.r.p.client.ReactorNettyClient : [cid: 0x5] Response: ParameterStatus{name='server_version', value='18.0'}
2026-03-15 10:16:29.236 DEBUG [reactor-tcp-nio-5] i.r.p.client.ReactorNettyClient : [cid: 0x5] Response: ParameterStatus{name='server_encoding', value='UTF8'}
2026-03-15 10:16:29.236 DEBUG [reactor-tcp-nio-5] i.r.p.client.ReactorNettyClient : [cid: 0x5] Response: BackendKeyData{processId=15968, secretKey=-1792512426}
2026-03-15 10:16:29.236 DEBUG [reactor-tcp-nio-5] i.r.p.client.ReactorNettyClient : [cid: 0x5][pid: 15968] Response: ReadyForQuery{transactionStatus=IDLE}
2026-03-15 10:16:29.238 DEBUG [reactor-tcp-nio-5] io.r2dbc.postgresql.QUERY : [cid: 0x5][pid: 15968] Executing query: SHOW TRANSACTION ISOLATION LEVEL
2026-03-15 10:16:29.238 DEBUG [reactor-tcp-nio-5] i.r.p.client.ReactorNettyClient : [cid: 0x5][pid: 15968] Request:  Query{query='SHOW TRANSACTION ISOLATION LEVEL'}
2026-03-15 10:16:29.238 DEBUG [reactor-tcp-nio-5] i.r.p.client.ReactorNettyClient : [cid: 0x5][pid: 15968] Response: RowDescription{fields=[Field{column=0, dataType=25, dataTypeModifier=-1, dataTypeSize=-1, format=FORMAT_TEXT, name='transaction_isolation', table=0}]}
2026-03-15 10:16:29.238 DEBUG [reactor-tcp-nio-5] i.r.p.client.ReactorNettyClient : [cid: 0x5][pid: 15968] Response: DataRow{columns=[PooledSlicedByteBuf(ridx: 0, widx: 14, cap: 14/14, unwrapped: PooledUnsafeDirectByteBuf(ridx: 72, widx: 88, cap: 1024))]}
2026-03-15 10:16:29.238 DEBUG [reactor-tcp-nio-5] i.r.p.client.ReactorNettyClient : [cid: 0x5][pid: 15968] Response: CommandComplete{command=SHOW, rowId=null, rows=null}
2026-03-15 10:16:29.238 DEBUG [reactor-tcp-nio-5] i.r.p.client.ReactorNettyClient : [cid: 0x5][pid: 15968] Response: ReadyForQuery{transactionStatus=IDLE}
2026-03-15 10:16:29.239 DEBUG [reactor-tcp-nio-5] io.r2dbc.postgresql.QUERY : [cid: 0x5][pid: 15968] Executing query: SELECT oid, * FROM pg_catalog.pg_type WHERE typname IN ('hstore','geometry','vector')
2026-03-15 10:16:29.239 DEBUG [reactor-tcp-nio-5] i.r.p.client.ReactorNettyClient : [cid: 0x5][pid: 15968] Request:  Query{query='SELECT oid, * FROM pg_catalog.pg_type WHERE typname IN ('hstore','geometry','vector')'}
2026-03-15 10:16:29.241 DEBUG [reactor-tcp-nio-5] i.r.p.client.ReactorNettyClient : [cid: 0x5][pid: 15968] Response: RowDescription{fields=[Field{column=1, dataType=26, dataTypeModifier=-1, dataTypeSize=4, format=FORMAT_TEXT, name='oid', table=1247}, Field{column=1, dataType=26, dataTypeModifier=-1, dataTypeSize=4, format=FORMAT_TEXT, name='oid', table=1247}, Field{column=2, dataType=19, dataTypeModifier=-1, dataTypeSize=64, format=FORMAT_TEXT, name='typname', table=1247}, Field{column=3, dataType=26, dataTypeModifier=-1, dataTypeSize=4, format=FORMAT_TEXT, name='typnamespace', table=1247}, Field{column=4, dataType=26, dataTypeModifier=-1, dataTypeSize=4, format=FORMAT_TEXT, name='typowner', table=1247}, Field{column=5, dataType=21, dataTypeModifier=-1, dataTypeSize=2, format=FORMAT_TEXT, name='typlen', table=1247}, Field{column=6, dataType=16, dataTypeModifier=-1, dataTypeSize=1, format=FORMAT_TEXT, name='typbyval', table=1247}, Field{column=7, dataType=18, dataTypeModifier=-1, dataTypeSize=1, format=FORMAT_TEXT, name='typtype', table=1247}, Field{column=8, dataType=18, dataTypeModifier=-1, dataTypeSize=1, format=FORMAT_TEXT, name='typcategory', table=1247}, Field{column=9, dataType=16, dataTypeModifier=-1, dataTypeSize=1, format=FORMAT_TEXT, name='typispreferred', table=1247}, Field{column=10, dataType=16, dataTypeModifier=-1, dataTypeSize=1, format=FORMAT_TEXT, name='typisdefined', table=1247}, Field{column=11, dataType=18, dataTypeModifier=-1, dataTypeSize=1, format=FORMAT_TEXT, name='typdelim', table=1247}, Field{column=12, dataType=26, dataTypeModifier=-1, dataTypeSize=4, format=FORMAT_TEXT, name='typrelid', table=1247}, Field{column=13, dataType=24, dataTypeModifier=-1, dataTypeSize=4, format=FORMAT_TEXT, name='typsubscript', table=1247}, Field{column=14, dataType=26, dataTypeModifier=-1, dataTypeSize=4, format=FORMAT_TEXT, name='typelem', table=1247}, Field{column=15, dataType=26, dataTypeModifier=-1, dataTypeSize=4, format=FORMAT_TEXT, name='typarray', table=1247}, Field{column=16, dataType=24, dataTypeModifier=-1, dataTypeSize=4, format=FORMAT_TEXT, name='typinput', table=1247}, Field{column=17, dataType=24, dataTypeModifier=-1, dataTypeSize=4, format=FORMAT_TEXT, name='typoutput', table=1247}, Field{column=18, dataType=24, dataTypeModifier=-1, dataTypeSize=4, format=FORMAT_TEXT, name='typreceive', table=1247}, Field{column=19, dataType=24, dataTypeModifier=-1, dataTypeSize=4, format=FORMAT_TEXT, name='typsend', table=1247}, Field{column=20, dataType=24, dataTypeModifier=-1, dataTypeSize=4, format=FORMAT_TEXT, name='typmodin', table=1247}, Field{column=21, dataType=24, dataTypeModifier=-1, dataTypeSize=4, format=FORMAT_TEXT, name='typmodout', table=1247}, Field{column=22, dataType=24, dataTypeModifier=-1, dataTypeSize=4, format=FORMAT_TEXT, name='typanalyze', table=1247}, Field{column=23, dataType=18, dataTypeModifier=-1, dataTypeSize=1, format=FORMAT_TEXT, name='typalign', table=1247}, Field{column=24, dataType=18, dataTypeModifier=-1, dataTypeSize=1, format=FORMAT_TEXT, name='typstorage', table=1247}, Field{column=25, dataType=16, dataTypeModifier=-1, dataTypeSize=1, format=FORMAT_TEXT, name='typnotnull', table=1247}, Field{column=26, dataType=26, dataTypeModifier=-1, dataTypeSize=4, format=FORMAT_TEXT, name='typbasetype', table=1247}, Field{column=27, dataType=23, dataTypeModifier=-1, dataTypeSize=4, format=FORMAT_TEXT, name='typtypmod', table=1247}, Field{column=28, dataType=23, dataTypeModifier=-1, dataTypeSize=4, format=FORMAT_TEXT, name='typndims', table=1247}, Field{column=29, dataType=26, dataTypeModifier=-1, dataTypeSize=4, format=FORMAT_TEXT, name='typcollation', table=1247}, Field{column=30, dataType=194, dataTypeModifier=-1, dataTypeSize=-1, format=FORMAT_TEXT, name='typdefaultbin', table=1247}, Field{column=31, dataType=25, dataTypeModifier=-1, dataTypeSize=-1, format=FORMAT_TEXT, name='typdefault', table=1247}, Field{column=32, dataType=1034, dataTypeModifier=-1, dataTypeSize=-1, format=FORMAT_TEXT, name='typacl', table=1247}]}
2026-03-15 10:16:29.241 DEBUG [reactor-tcp-nio-5] i.r.p.client.ReactorNettyClient : [cid: 0x5][pid: 15968] Response: CommandComplete{command=SELECT, rowId=null, rows=0}
2026-03-15 10:16:29.241 DEBUG [reactor-tcp-nio-5] i.r.p.client.ReactorNettyClient : [cid: 0x5][pid: 15968] Response: ReadyForQuery{transactionStatus=IDLE}
2026-03-15 10:16:33.243 DEBUG [reactor-http-nio-2] r.n.http.server.HttpServerOperations : [0ad29cb8, L:/127.0.0.1:9091 - R:/127.0.0.1:63330] New http connection, requesting read
2026-03-15 10:16:33.255 DEBUG [reactor-http-nio-2] r.n.http.server.HttpServerOperations : [0ad29cb8, L:/127.0.0.1:9091 - R:/127.0.0.1:63330] Increasing pending responses count: 1
2026-03-15 10:16:33.259 DEBUG [reactor-http-nio-2] r.netty.http.server.HttpServer : [0ad29cb8-1, L:/127.0.0.1:9091 - R:/127.0.0.1:63330] Handler is being applied: org.springframework.http.server.reactive.ReactorHttpHandlerAdapter@5a5b8a3
2026-03-15 10:16:33.266 DEBUG [reactor-http-nio-2] o.s.w.s.a.HttpWebHandlerAdapter : [0ad29cb8-1] HTTP GET "/internal/actuator/prometheus"
2026-03-15 10:16:33.292 DEBUG [parallel-3] o.s.w.s.s.DefaultWebSessionManager : Created new WebSession.
2026-03-15 10:16:33.294 DEBUG [parallel-3] o.s.s.w.s.u.m.OrServerWebExchangeMatcher : Trying to match using PathMatcherServerWebExchangeMatcher{pattern='/logout', method=POST}
2026-03-15 10:16:33.294 DEBUG [parallel-3] o.s.s.w.s.u.m.PathPatternParserServerWebExchangeMatcher : Request 'GET /internal/actuator/prometheus' doesn't match 'POST /logout'
2026-03-15 10:16:33.294 DEBUG [parallel-3] o.s.s.w.s.u.m.OrServerWebExchangeMatcher : No matches found
2026-03-15 10:16:33.297 DEBUG [parallel-3] o.s.s.w.s.u.m.OrServerWebExchangeMatcher : Trying to match using PathMatcherServerWebExchangeMatcher{pattern='/internal/actuator/**', method=null}
2026-03-15 10:16:33.297 DEBUG [parallel-3] o.s.s.w.s.u.m.PathPatternParserServerWebExchangeMatcher : Checking match of request : '/internal/actuator/prometheus'; against '/internal/actuator/**'
2026-03-15 10:16:33.297 DEBUG [parallel-3] o.s.s.w.s.u.m.OrServerWebExchangeMatcher : matched
2026-03-15 10:16:33.298 DEBUG [parallel-3] o.s.s.w.s.a.DelegatingReactiveAuthorizationManager : Checking authorization on '/internal/actuator/prometheus' using org.springframework.security.config.web.server.ServerHttpSecurity$AuthorizeExchangeSpec$Access$$Lambda/0x0000024db891a340@65556ed8
2026-03-15 10:16:33.300 DEBUG [parallel-3] o.s.s.w.s.a.AuthorizationWebFilter : Authorization successful
2026-03-15 10:16:33.319 DEBUG [parallel-3] o.s.s.w.s.c.WebSessionServerSecurityContextRepository : No SecurityContext found in WebSession: 'org.springframework.web.server.session.InMemoryWebSessionStore$InMemoryWebSession@2115512a'
2026-03-15 10:16:33.731 DEBUG [boundedElastic-1] o.s.w.r.r.m.a.ResponseEntityResultHandler : [0ad29cb8-1] Found 'Content-Type:application/openmetrics-text;version=1.0.0;charset=utf-8' in response
2026-03-15 10:16:33.731 DEBUG [boundedElastic-1] o.s.w.r.r.m.a.ResponseEntityResultHandler : [0ad29cb8-1] 0..1 [byte[]]
2026-03-15 10:16:33.735 DEBUG [boundedElastic-1] org.springframework.web.HttpLogging : [0ad29cb8-1] Writing 28206 bytes
2026-03-15 10:16:33.740 DEBUG [boundedElastic-1] r.n.http.server.HttpServerOperations : [0ad29cb8-1, L:/127.0.0.1:9091 - R:/127.0.0.1:63330] Last HTTP response frame
2026-03-15 10:16:33.740 DEBUG [boundedElastic-1] r.n.http.server.HttpServerOperations : [0ad29cb8-1, L:/127.0.0.1:9091 - R:/127.0.0.1:63330] Headers are not sent before onComplete().
2026-03-15 10:16:33.740 DEBUG [boundedElastic-1] o.s.w.s.a.HttpWebHandlerAdapter : [0ad29cb8-1] Completed 200 OK
2026-03-15 10:16:33.741 DEBUG [reactor-http-nio-2] r.n.http.server.HttpServerOperations : [0ad29cb8-1, L:/127.0.0.1:9091 - R:/127.0.0.1:63330] Decreasing pending responses count: 0
2026-03-15 10:16:33.743 DEBUG [reactor-http-nio-2] r.n.http.server.HttpServerOperations : [0ad29cb8-1, L:/127.0.0.1:9091 - R:/127.0.0.1:63330] Last HTTP packet was sent, terminating the channel
2026-03-15 10:16:33.758 ERROR [boundedElastic-1] reactor.core.publisher.Operators : Operator called default onErrorDropped
java.lang.UnsupportedOperationException: null
	at org.springframework.http.ReadOnlyHttpHeaders.addAll(ReadOnlyHttpHeaders.java:107)
	at com.fund.transfer.bank.service.global.security.SecurityResponseFilter.lambda$filter$0(SecurityResponseFilter.java:17)
	at reactor.core.publisher.FluxDoFinally$DoFinallySubscriber.runFinally(FluxDoFinally.java:146)
	at reactor.core.publisher.FluxDoFinally$DoFinallySubscriber.onComplete(FluxDoFinally.java:129)
	at reactor.core.publisher.MonoFlatMap$FlatMapMain.secondComplete(MonoFlatMap.java:250)
	at reactor.core.publisher.MonoFlatMap$FlatMapInner.onComplete(MonoFlatMap.java:324)
	at reactor.core.publisher.MonoFlatMap$FlatMapMain.secondComplete(MonoFlatMap.java:250)
	at reactor.core.publisher.MonoFlatMap$FlatMapInner.onComplete(MonoFlatMap.java:324)
	at reactor.core.publisher.Operators$MultiSubscriptionSubscriber.onComplete(Operators.java:2231)
	at reactor.core.publisher.FluxOnAssembly$OnAssemblySubscriber.onComplete(FluxOnAssembly.java:549)
	at reactor.core.publisher.MonoFlatMap$FlatMapMain.secondComplete(MonoFlatMap.java:250)
	at reactor.core.publisher.MonoFlatMap$FlatMapInner.onComplete(MonoFlatMap.java:324)
	at reactor.core.publisher.FluxContextWrite$ContextWriteSubscriber.onComplete(FluxContextWrite.java:126)
	at reactor.core.publisher.MonoFlatMap$FlatMapMain.secondComplete(MonoFlatMap.java:250)
	at reactor.core.publisher.MonoFlatMap$FlatMapInner.onComplete(MonoFlatMap.java:324)
	at reactor.core.publisher.FluxContextWrite$ContextWriteSubscriber.onComplete(FluxContextWrite.java:126)
	at reactor.core.publisher.MonoPeekTerminal$MonoTerminalPeekSubscriber.onComplete(MonoPeekTerminal.java:299)
	at reactor.core.publisher.MonoFlatMap$FlatMapMain.secondComplete(MonoFlatMap.java:250)
	at reactor.core.publisher.MonoFlatMap$FlatMapInner.onComplete(MonoFlatMap.java:324)
	at reactor.core.publisher.FluxPeekFuseable$PeekFuseableSubscriber.onComplete(FluxPeekFuseable.java:277)
	at reactor.core.publisher.MonoPeekTerminal$MonoTerminalPeekSubscriber.onComplete(MonoPeekTerminal.java:299)
	at reactor.core.publisher.MonoIgnoreElements$IgnoreElementsSubscriber.onComplete(MonoIgnoreElements.java:89)
	at reactor.core.publisher.FluxConcatArray$ConcatArraySubscriber.onComplete(FluxConcatArray.java:209)
	at reactor.core.publisher.FluxConcatArray.subscribe(FluxConcatArray.java:79)
	at reactor.core.publisher.InternalMonoOperator.subscribe(InternalMonoOperator.java:76)
	at reactor.core.publisher.MonoFlatMap$FlatMapMain.onNext(MonoFlatMap.java:165)
	at reactor.core.publisher.FluxContextWrite$ContextWriteSubscriber.onNext(FluxContextWrite.java:107)
	at reactor.core.publisher.Operators$ScalarSubscription.request(Operators.java:2571)
	at reactor.core.publisher.FluxContextWrite$ContextWriteSubscriber.request(FluxContextWrite.java:136)
	at reactor.core.publisher.MonoFlatMap$FlatMapMain.request(MonoFlatMap.java:194)
	at reactor.core.publisher.MonoPeekTerminal$MonoTerminalPeekSubscriber.request(MonoPeekTerminal.java:139)
	at reactor.core.publisher.FluxContextWrite$ContextWriteSubscriber.request(FluxContextWrite.java:136)
	at reactor.core.publisher.MonoFlatMap$FlatMapInner.onSubscribe(MonoFlatMap.java:291)
	at reactor.core.publisher.FluxContextWrite$ContextWriteSubscriber.onSubscribe(FluxContextWrite.java:101)
	at reactor.core.publisher.MonoPeekTerminal$MonoTerminalPeekSubscriber.onSubscribe(MonoPeekTerminal.java:152)
	at reactor.core.publisher.MonoFlatMap$FlatMapMain.onSubscribe(MonoFlatMap.java:117)
	at reactor.core.publisher.FluxContextWrite$ContextWriteSubscriber.onSubscribe(FluxContextWrite.java:101)
	at reactor.core.publisher.MonoJust.subscribe(MonoJust.java:55)
	at reactor.core.publisher.InternalMonoOperator.subscribe(InternalMonoOperator.java:76)
	at reactor.core.publisher.MonoFlatMap$FlatMapMain.onNext(MonoFlatMap.java:165)
	at reactor.core.publisher.FluxSwitchIfEmpty$SwitchIfEmptySubscriber.onNext(FluxSwitchIfEmpty.java:74)
	at reactor.core.publisher.Operators$MonoInnerProducerBase.complete(Operators.java:2864)
	at reactor.core.publisher.MonoSingle$SingleSubscriber.onComplete(MonoSingle.java:180)
	at reactor.core.publisher.FluxMapFuseable$MapFuseableSubscriber.onComplete(FluxMapFuseable.java:152)
	at reactor.core.publisher.Operators$ScalarSubscription.request(Operators.java:2573)
	at reactor.core.publisher.FluxMapFuseable$MapFuseableSubscriber.request(FluxMapFuseable.java:171)
	at reactor.core.publisher.MonoSingle$SingleSubscriber.doOnRequest(MonoSingle.java:103)
	at reactor.core.publisher.Operators$MonoInnerProducerBase.request(Operators.java:2931)
	at reactor.core.publisher.Operators$MultiSubscriptionSubscriber.set(Operators.java:2367)
	at reactor.core.publisher.Operators$MultiSubscriptionSubscriber.onSubscribe(Operators.java:2241)
	at reactor.core.publisher.MonoSingle$SingleSubscriber.onSubscribe(MonoSingle.java:115)
	at reactor.core.publisher.FluxMapFuseable$MapFuseableSubscriber.onSubscribe(FluxMapFuseable.java:96)
	at reactor.core.publisher.FluxJust.subscribe(FluxJust.java:68)
	at reactor.core.publisher.InternalMonoOperator.subscribe(InternalMonoOperator.java:76)
	at reactor.core.publisher.MonoFlatMap$FlatMapMain.onNext(MonoFlatMap.java:165)
	at reactor.core.publisher.MonoFlatMap$FlatMapMain.secondComplete(MonoFlatMap.java:245)
	at reactor.core.publisher.MonoFlatMap$FlatMapInner.onNext(MonoFlatMap.java:305)
	at reactor.core.publisher.FluxDefaultIfEmpty$DefaultIfEmptySubscriber.onNext(FluxDefaultIfEmpty.java:122)
	at reactor.core.publisher.FluxOnErrorResume$ResumeSubscriber.onNext(FluxOnErrorResume.java:79)
	at reactor.core.publisher.FluxMapFuseable$MapFuseableSubscriber.onNext(FluxMapFuseable.java:129)
	at reactor.core.publisher.FluxSubscribeOnCallable$CallableSubscribeOnSubscription.run(FluxSubscribeOnCallable.java:252)
	at reactor.core.scheduler.SchedulerTask.call(SchedulerTask.java:68)
	at reactor.core.scheduler.SchedulerTask.call(SchedulerTask.java:28)
	at java.base/java.util.concurrent.FutureTask.run(FutureTask.java:317)
	at java.base/java.util.concurrent.ScheduledThreadPoolExecutor$ScheduledFutureTask.run(ScheduledThreadPoolExecutor.java:304)
	at java.base/java.util.concurrent.ThreadPoolExecutor.runWorker(ThreadPoolExecutor.java:1144)
	at java.base/java.util.concurrent.ThreadPoolExecutor$Worker.run(ThreadPoolExecutor.java:642)
	at java.base/java.lang.Thread.run(Thread.java:1583)
2026-03-15 10:16:42.634 DEBUG [DiscoveryClient-HeartbeatExecutor-%d] o.s.web.client.RestTemplate : HTTP PUT http://localhost:8761/eureka/apps/BANK-SERVICE/bank-service:9091?status=UP&lastDirtyTimestamp=1773548187632
2026-03-15 10:16:42.640 DEBUG [DiscoveryClient-HeartbeatExecutor-%d] o.s.web.client.RestTemplate : Accept=[application/json, application/*+json]
2026-03-15 10:16:42.651 DEBUG [DiscoveryClient-HeartbeatExecutor-%d] o.s.web.client.RestTemplate : Response 200 OK
2026-03-15 10:16:47.132 DEBUG [reactor-http-nio-2] r.n.http.server.HttpServerOperations : [0ad29cb8, L:/127.0.0.1:9091 - R:/127.0.0.1:63330] Increasing pending responses count: 1
2026-03-15 10:16:47.132 DEBUG [reactor-http-nio-2] r.netty.http.server.HttpServer : [0ad29cb8-2, L:/127.0.0.1:9091 - R:/127.0.0.1:63330] Handler is being applied: org.springframework.http.server.reactive.ReactorHttpHandlerAdapter@5a5b8a3
2026-03-15 10:16:47.133 DEBUG [reactor-http-nio-2] o.s.w.s.a.HttpWebHandlerAdapter : [0ad29cb8-2] HTTP GET "/internal/actuator/prometheus"
2026-03-15 10:16:47.134 DEBUG [parallel-4] o.s.w.s.s.DefaultWebSessionManager : Created new WebSession.
2026-03-15 10:16:47.134 DEBUG [parallel-4] o.s.s.w.s.u.m.OrServerWebExchangeMatcher : Trying to match using PathMatcherServerWebExchangeMatcher{pattern='/logout', method=POST}
2026-03-15 10:16:47.134 DEBUG [parallel-4] o.s.s.w.s.u.m.PathPatternParserServerWebExchangeMatcher : Request 'GET /internal/actuator/prometheus' doesn't match 'POST /logout'
2026-03-15 10:16:47.134 DEBUG [parallel-4] o.s.s.w.s.u.m.OrServerWebExchangeMatcher : No matches found
2026-03-15 10:16:47.134 DEBUG [parallel-4] o.s.s.w.s.u.m.OrServerWebExchangeMatcher : Trying to match using PathMatcherServerWebExchangeMatcher{pattern='/internal/actuator/**', method=null}
2026-03-15 10:16:47.134 DEBUG [parallel-4] o.s.s.w.s.u.m.PathPatternParserServerWebExchangeMatcher : Checking match of request : '/internal/actuator/prometheus'; against '/internal/actuator/**'
2026-03-15 10:16:47.134 DEBUG [parallel-4] o.s.s.w.s.u.m.OrServerWebExchangeMatcher : matched
2026-03-15 10:16:47.134 DEBUG [parallel-4] o.s.s.w.s.a.DelegatingReactiveAuthorizationManager : Checking authorization on '/internal/actuator/prometheus' using org.springframework.security.config.web.server.ServerHttpSecurity$AuthorizeExchangeSpec$Access$$Lambda/0x0000024db891a340@65556ed8
2026-03-15 10:16:47.134 DEBUG [parallel-4] o.s.s.w.s.a.AuthorizationWebFilter : Authorization successful
2026-03-15 10:16:47.135 DEBUG [parallel-4] o.s.s.w.s.c.WebSessionServerSecurityContextRepository : No SecurityContext found in WebSession: 'org.springframework.web.server.session.InMemoryWebSessionStore$InMemoryWebSession@539731d1'
2026-03-15 10:16:47.181 DEBUG [boundedElastic-1] o.s.w.r.r.m.a.ResponseEntityResultHandler : [0ad29cb8-2] Found 'Content-Type:application/openmetrics-text;version=1.0.0;charset=utf-8' in response
2026-03-15 10:16:47.181 DEBUG [boundedElastic-1] o.s.w.r.r.m.a.ResponseEntityResultHandler : [0ad29cb8-2] 0..1 [byte[]]
2026-03-15 10:16:47.181 DEBUG [boundedElastic-1] org.springframework.web.HttpLogging : [0ad29cb8-2] Writing 42206 bytes
2026-03-15 10:16:47.182 DEBUG [boundedElastic-1] r.n.http.server.HttpServerOperations : [0ad29cb8-2, L:/127.0.0.1:9091 - R:/127.0.0.1:63330] Last HTTP response frame
2026-03-15 10:16:47.182 DEBUG [boundedElastic-1] r.n.http.server.HttpServerOperations : [0ad29cb8-2, L:/127.0.0.1:9091 - R:/127.0.0.1:63330] Headers are not sent before onComplete().
2026-03-15 10:16:47.182 DEBUG [boundedElastic-1] o.s.w.s.a.HttpWebHandlerAdapter : [0ad29cb8-2] Completed 200 OK
2026-03-15 10:16:47.182 DEBUG [reactor-http-nio-2] r.n.http.server.HttpServerOperations : [0ad29cb8-2, L:/127.0.0.1:9091 - R:/127.0.0.1:63330] Decreasing pending responses count: 0
2026-03-15 10:16:47.183 DEBUG [reactor-http-nio-2] r.n.http.server.HttpServerOperations : [0ad29cb8-2, L:/127.0.0.1:9091 - R:/127.0.0.1:63330] Last HTTP packet was sent, terminating the channel
2026-03-15 10:16:47.183 ERROR [boundedElastic-1] reactor.core.publisher.Operators : Operator called default onErrorDropped
java.lang.UnsupportedOperationException: null
	at org.springframework.http.ReadOnlyHttpHeaders.addAll(ReadOnlyHttpHeaders.java:107)
	at com.fund.transfer.bank.service.global.security.SecurityResponseFilter.lambda$filter$0(SecurityResponseFilter.java:17)
	at reactor.core.publisher.FluxDoFinally$DoFinallySubscriber.runFinally(FluxDoFinally.java:146)
	at reactor.core.publisher.FluxDoFinally$DoFinallySubscriber.onComplete(FluxDoFinally.java:129)
	at reactor.core.publisher.MonoFlatMap$FlatMapMain.secondComplete(MonoFlatMap.java:250)
	at reactor.core.publisher.MonoFlatMap$FlatMapInner.onComplete(MonoFlatMap.java:324)
	at reactor.core.publisher.MonoFlatMap$FlatMapMain.secondComplete(MonoFlatMap.java:250)
	at reactor.core.publisher.MonoFlatMap$FlatMapInner.onComplete(MonoFlatMap.java:324)
	at reactor.core.publisher.Operators$MultiSubscriptionSubscriber.onComplete(Operators.java:2231)
	at reactor.core.publisher.FluxOnAssembly$OnAssemblySubscriber.onComplete(FluxOnAssembly.java:549)
	at reactor.core.publisher.MonoFlatMap$FlatMapMain.secondComplete(MonoFlatMap.java:250)
	at reactor.core.publisher.MonoFlatMap$FlatMapInner.onComplete(MonoFlatMap.java:324)
	at reactor.core.publisher.FluxContextWrite$ContextWriteSubscriber.onComplete(FluxContextWrite.java:126)
	at reactor.core.publisher.MonoFlatMap$FlatMapMain.secondComplete(MonoFlatMap.java:250)
	at reactor.core.publisher.MonoFlatMap$FlatMapInner.onComplete(MonoFlatMap.java:324)
	at reactor.core.publisher.FluxContextWrite$ContextWriteSubscriber.onComplete(FluxContextWrite.java:126)
	at reactor.core.publisher.MonoPeekTerminal$MonoTerminalPeekSubscriber.onComplete(MonoPeekTerminal.java:299)
	at reactor.core.publisher.MonoFlatMap$FlatMapMain.secondComplete(MonoFlatMap.java:250)
	at reactor.core.publisher.MonoFlatMap$FlatMapInner.onComplete(MonoFlatMap.java:324)
	at reactor.core.publisher.FluxPeekFuseable$PeekFuseableSubscriber.onComplete(FluxPeekFuseable.java:277)
	at reactor.core.publisher.MonoPeekTerminal$MonoTerminalPeekSubscriber.onComplete(MonoPeekTerminal.java:299)
	at reactor.core.publisher.MonoIgnoreElements$IgnoreElementsSubscriber.onComplete(MonoIgnoreElements.java:89)
	at reactor.core.publisher.FluxConcatArray$ConcatArraySubscriber.onComplete(FluxConcatArray.java:209)
	at reactor.core.publisher.FluxConcatArray.subscribe(FluxConcatArray.java:79)
	at reactor.core.publisher.InternalMonoOperator.subscribe(InternalMonoOperator.java:76)
	at reactor.core.publisher.MonoFlatMap$FlatMapMain.onNext(MonoFlatMap.java:165)
	at reactor.core.publisher.FluxContextWrite$ContextWriteSubscriber.onNext(FluxContextWrite.java:107)
	at reactor.core.publisher.Operators$ScalarSubscription.request(Operators.java:2571)
	at reactor.core.publisher.FluxContextWrite$ContextWriteSubscriber.request(FluxContextWrite.java:136)
	at reactor.core.publisher.MonoFlatMap$FlatMapMain.request(MonoFlatMap.java:194)
	at reactor.core.publisher.MonoPeekTerminal$MonoTerminalPeekSubscriber.request(MonoPeekTerminal.java:139)
	at reactor.core.publisher.FluxContextWrite$ContextWriteSubscriber.request(FluxContextWrite.java:136)
	at reactor.core.publisher.MonoFlatMap$FlatMapInner.onSubscribe(MonoFlatMap.java:291)
	at reactor.core.publisher.FluxContextWrite$ContextWriteSubscriber.onSubscribe(FluxContextWrite.java:101)
	at reactor.core.publisher.MonoPeekTerminal$MonoTerminalPeekSubscriber.onSubscribe(MonoPeekTerminal.java:152)
	at reactor.core.publisher.MonoFlatMap$FlatMapMain.onSubscribe(MonoFlatMap.java:117)
	at reactor.core.publisher.FluxContextWrite$ContextWriteSubscriber.onSubscribe(FluxContextWrite.java:101)
	at reactor.core.publisher.MonoJust.subscribe(MonoJust.java:55)
	at reactor.core.publisher.InternalMonoOperator.subscribe(InternalMonoOperator.java:76)
	at reactor.core.publisher.MonoFlatMap$FlatMapMain.onNext(MonoFlatMap.java:165)
	at reactor.core.publisher.FluxSwitchIfEmpty$SwitchIfEmptySubscriber.onNext(FluxSwitchIfEmpty.java:74)
	at reactor.core.publisher.Operators$MonoInnerProducerBase.complete(Operators.java:2864)
	at reactor.core.publisher.MonoSingle$SingleSubscriber.onComplete(MonoSingle.java:180)
	at reactor.core.publisher.FluxMapFuseable$MapFuseableSubscriber.onComplete(FluxMapFuseable.java:152)
	at reactor.core.publisher.Operators$ScalarSubscription.request(Operators.java:2573)
	at reactor.core.publisher.FluxMapFuseable$MapFuseableSubscriber.request(FluxMapFuseable.java:171)
	at reactor.core.publisher.MonoSingle$SingleSubscriber.doOnRequest(MonoSingle.java:103)
	at reactor.core.publisher.Operators$MonoInnerProducerBase.request(Operators.java:2931)
	at reactor.core.publisher.Operators$MultiSubscriptionSubscriber.set(Operators.java:2367)
	at reactor.core.publisher.Operators$MultiSubscriptionSubscriber.onSubscribe(Operators.java:2241)
	at reactor.core.publisher.MonoSingle$SingleSubscriber.onSubscribe(MonoSingle.java:115)
	at reactor.core.publisher.FluxMapFuseable$MapFuseableSubscriber.onSubscribe(FluxMapFuseable.java:96)
	at reactor.core.publisher.FluxJust.subscribe(FluxJust.java:68)
	at reactor.core.publisher.InternalMonoOperator.subscribe(InternalMonoOperator.java:76)
	at reactor.core.publisher.MonoFlatMap$FlatMapMain.onNext(MonoFlatMap.java:165)
	at reactor.core.publisher.MonoFlatMap$FlatMapMain.secondComplete(MonoFlatMap.java:245)
	at reactor.core.publisher.MonoFlatMap$FlatMapInner.onNext(MonoFlatMap.java:305)
	at reactor.core.publisher.FluxDefaultIfEmpty$DefaultIfEmptySubscriber.onNext(FluxDefaultIfEmpty.java:122)
	at reactor.core.publisher.FluxOnErrorResume$ResumeSubscriber.onNext(FluxOnErrorResume.java:79)
	at reactor.core.publisher.FluxMapFuseable$MapFuseableSubscriber.onNext(FluxMapFuseable.java:129)
	at reactor.core.publisher.FluxSubscribeOnCallable$CallableSubscribeOnSubscription.run(FluxSubscribeOnCallable.java:252)
	at reactor.core.scheduler.SchedulerTask.call(SchedulerTask.java:68)
	at reactor.core.scheduler.SchedulerTask.call(SchedulerTask.java:28)
	at java.base/java.util.concurrent.FutureTask.run(FutureTask.java:317)
	at java.base/java.util.concurrent.ScheduledThreadPoolExecutor$ScheduledFutureTask.run(ScheduledThreadPoolExecutor.java:304)
	at java.base/java.util.concurrent.ThreadPoolExecutor.runWorker(ThreadPoolExecutor.java:1144)
	at java.base/java.util.concurrent.ThreadPoolExecutor$Worker.run(ThreadPoolExecutor.java:642)
	at java.base/java.lang.Thread.run(Thread.java:1583)
2026-03-15 10:16:57.633 DEBUG [DiscoveryClient-CacheRefreshExecutor-%d] o.s.web.client.RestTemplate : HTTP GET http://localhost:8761/eureka/apps/delta
2026-03-15 10:16:57.633 DEBUG [DiscoveryClient-CacheRefreshExecutor-%d] o.s.web.client.RestTemplate : Accept=[application/json, application/*+json]
2026-03-15 10:16:57.650 DEBUG [DiscoveryClient-CacheRefreshExecutor-%d] o.s.web.client.RestTemplate : Response 200 OK
2026-03-15 10:16:57.650 DEBUG [DiscoveryClient-CacheRefreshExecutor-%d] o.s.web.client.RestTemplate : Reading to [org.springframework.cloud.netflix.eureka.http.EurekaApplications]
2026-03-15 10:16:57.656 DEBUG [DiscoveryClient-HeartbeatExecutor-%d] o.s.web.client.RestTemplate : HTTP PUT http://localhost:8761/eureka/apps/BANK-SERVICE/bank-service:9091?status=UP&lastDirtyTimestamp=1773548187632
2026-03-15 10:16:57.656 DEBUG [DiscoveryClient-HeartbeatExecutor-%d] o.s.web.client.RestTemplate : Accept=[application/json, application/*+json]
2026-03-15 10:16:57.666 DEBUG [DiscoveryClient-HeartbeatExecutor-%d] o.s.web.client.RestTemplate : Response 200 OK
2026-03-15 10:17:00.921 DEBUG [reactor-http-nio-2] r.n.http.server.HttpServerOperations : [0ad29cb8, L:/127.0.0.1:9091 - R:/127.0.0.1:63330] Increasing pending responses count: 1
2026-03-15 10:17:00.921 DEBUG [reactor-http-nio-2] r.netty.http.server.HttpServer : [0ad29cb8-3, L:/127.0.0.1:9091 - R:/127.0.0.1:63330] Handler is being applied: org.springframework.http.server.reactive.ReactorHttpHandlerAdapter@5a5b8a3
2026-03-15 10:17:00.921 DEBUG [reactor-http-nio-2] o.s.w.s.a.HttpWebHandlerAdapter : [0ad29cb8-3] HTTP GET "/internal/actuator/prometheus"
2026-03-15 10:17:00.922 DEBUG [parallel-5] o.s.w.s.s.DefaultWebSessionManager : Created new WebSession.
2026-03-15 10:17:00.922 DEBUG [parallel-5] o.s.s.w.s.u.m.OrServerWebExchangeMatcher : Trying to match using PathMatcherServerWebExchangeMatcher{pattern='/logout', method=POST}
2026-03-15 10:17:00.922 DEBUG [parallel-5] o.s.s.w.s.u.m.PathPatternParserServerWebExchangeMatcher : Request 'GET /internal/actuator/prometheus' doesn't match 'POST /logout'
2026-03-15 10:17:00.922 DEBUG [parallel-5] o.s.s.w.s.u.m.OrServerWebExchangeMatcher : No matches found
2026-03-15 10:17:00.923 DEBUG [parallel-5] o.s.s.w.s.u.m.OrServerWebExchangeMatcher : Trying to match using PathMatcherServerWebExchangeMatcher{pattern='/internal/actuator/**', method=null}
2026-03-15 10:17:00.923 DEBUG [parallel-5] o.s.s.w.s.u.m.PathPatternParserServerWebExchangeMatcher : Checking match of request : '/internal/actuator/prometheus'; against '/internal/actuator/**'
2026-03-15 10:17:00.923 DEBUG [parallel-5] o.s.s.w.s.u.m.OrServerWebExchangeMatcher : matched
2026-03-15 10:17:00.923 DEBUG [parallel-5] o.s.s.w.s.a.DelegatingReactiveAuthorizationManager : Checking authorization on '/internal/actuator/prometheus' using org.springframework.security.config.web.server.ServerHttpSecurity$AuthorizeExchangeSpec$Access$$Lambda/0x0000024db891a340@65556ed8
2026-03-15 10:17:00.923 DEBUG [parallel-5] o.s.s.w.s.a.AuthorizationWebFilter : Authorization successful
2026-03-15 10:17:00.924 DEBUG [parallel-5] o.s.s.w.s.c.WebSessionServerSecurityContextRepository : No SecurityContext found in WebSession: 'org.springframework.web.server.session.InMemoryWebSessionStore$InMemoryWebSession@369dc3c'
2026-03-15 10:17:00.971 DEBUG [boundedElastic-1] o.s.w.r.r.m.a.ResponseEntityResultHandler : [0ad29cb8-3] Found 'Content-Type:application/openmetrics-text;version=1.0.0;charset=utf-8' in response
2026-03-15 10:17:00.971 DEBUG [boundedElastic-1] o.s.w.r.r.m.a.ResponseEntityResultHandler : [0ad29cb8-3] 0..1 [byte[]]
2026-03-15 10:17:00.971 DEBUG [boundedElastic-1] org.springframework.web.HttpLogging : [0ad29cb8-3] Writing 42204 bytes
2026-03-15 10:17:00.973 DEBUG [boundedElastic-1] r.n.http.server.HttpServerOperations : [0ad29cb8-3, L:/127.0.0.1:9091 - R:/127.0.0.1:63330] Last HTTP response frame
2026-03-15 10:17:00.973 DEBUG [boundedElastic-1] r.n.http.server.HttpServerOperations : [0ad29cb8-3, L:/127.0.0.1:9091 - R:/127.0.0.1:63330] Headers are not sent before onComplete().
2026-03-15 10:17:00.973 DEBUG [boundedElastic-1] o.s.w.s.a.HttpWebHandlerAdapter : [0ad29cb8-3] Completed 200 OK
2026-03-15 10:17:00.973 DEBUG [reactor-http-nio-2] r.n.http.server.HttpServerOperations : [0ad29cb8-3, L:/127.0.0.1:9091 - R:/127.0.0.1:63330] Decreasing pending responses count: 0
2026-03-15 10:17:00.973 DEBUG [reactor-http-nio-2] r.n.http.server.HttpServerOperations : [0ad29cb8-3, L:/127.0.0.1:9091 - R:/127.0.0.1:63330] Last HTTP packet was sent, terminating the channel
2026-03-15 10:17:00.974 ERROR [boundedElastic-1] reactor.core.publisher.Operators : Operator called default onErrorDropped
java.lang.UnsupportedOperationException: null
	at org.springframework.http.ReadOnlyHttpHeaders.addAll(ReadOnlyHttpHeaders.java:107)
	at com.fund.transfer.bank.service.global.security.SecurityResponseFilter.lambda$filter$0(SecurityResponseFilter.java:17)
	at reactor.core.publisher.FluxDoFinally$DoFinallySubscriber.runFinally(FluxDoFinally.java:146)
	at reactor.core.publisher.FluxDoFinally$DoFinallySubscriber.onComplete(FluxDoFinally.java:129)
	at reactor.core.publisher.MonoFlatMap$FlatMapMain.secondComplete(MonoFlatMap.java:250)
	at reactor.core.publisher.MonoFlatMap$FlatMapInner.onComplete(MonoFlatMap.java:324)
	at reactor.core.publisher.MonoFlatMap$FlatMapMain.secondComplete(MonoFlatMap.java:250)
	at reactor.core.publisher.MonoFlatMap$FlatMapInner.onComplete(MonoFlatMap.java:324)
	at reactor.core.publisher.Operators$MultiSubscriptionSubscriber.onComplete(Operators.java:2231)
	at reactor.core.publisher.FluxOnAssembly$OnAssemblySubscriber.onComplete(FluxOnAssembly.java:549)
	at reactor.core.publisher.MonoFlatMap$FlatMapMain.secondComplete(MonoFlatMap.java:250)
	at reactor.core.publisher.MonoFlatMap$FlatMapInner.onComplete(MonoFlatMap.java:324)
	at reactor.core.publisher.FluxContextWrite$ContextWriteSubscriber.onComplete(FluxContextWrite.java:126)
	at reactor.core.publisher.MonoFlatMap$FlatMapMain.secondComplete(MonoFlatMap.java:250)
	at reactor.core.publisher.MonoFlatMap$FlatMapInner.onComplete(MonoFlatMap.java:324)
	at reactor.core.publisher.FluxContextWrite$ContextWriteSubscriber.onComplete(FluxContextWrite.java:126)
	at reactor.core.publisher.MonoPeekTerminal$MonoTerminalPeekSubscriber.onComplete(MonoPeekTerminal.java:299)
	at reactor.core.publisher.MonoFlatMap$FlatMapMain.secondComplete(MonoFlatMap.java:250)
	at reactor.core.publisher.MonoFlatMap$FlatMapInner.onComplete(MonoFlatMap.java:324)
	at reactor.core.publisher.FluxPeekFuseable$PeekFuseableSubscriber.onComplete(FluxPeekFuseable.java:277)
	at reactor.core.publisher.MonoPeekTerminal$MonoTerminalPeekSubscriber.onComplete(MonoPeekTerminal.java:299)
	at reactor.core.publisher.MonoIgnoreElements$IgnoreElementsSubscriber.onComplete(MonoIgnoreElements.java:89)
	at reactor.core.publisher.FluxConcatArray$ConcatArraySubscriber.onComplete(FluxConcatArray.java:209)
	at reactor.core.publisher.FluxConcatArray.subscribe(FluxConcatArray.java:79)
	at reactor.core.publisher.InternalMonoOperator.subscribe(InternalMonoOperator.java:76)
	at reactor.core.publisher.MonoFlatMap$FlatMapMain.onNext(MonoFlatMap.java:165)
	at reactor.core.publisher.FluxContextWrite$ContextWriteSubscriber.onNext(FluxContextWrite.java:107)
	at reactor.core.publisher.Operators$ScalarSubscription.request(Operators.java:2571)
	at reactor.core.publisher.FluxContextWrite$ContextWriteSubscriber.request(FluxContextWrite.java:136)
	at reactor.core.publisher.MonoFlatMap$FlatMapMain.request(MonoFlatMap.java:194)
	at reactor.core.publisher.MonoPeekTerminal$MonoTerminalPeekSubscriber.request(MonoPeekTerminal.java:139)
	at reactor.core.publisher.FluxContextWrite$ContextWriteSubscriber.request(FluxContextWrite.java:136)
	at reactor.core.publisher.MonoFlatMap$FlatMapInner.onSubscribe(MonoFlatMap.java:291)
	at reactor.core.publisher.FluxContextWrite$ContextWriteSubscriber.onSubscribe(FluxContextWrite.java:101)
	at reactor.core.publisher.MonoPeekTerminal$MonoTerminalPeekSubscriber.onSubscribe(MonoPeekTerminal.java:152)
	at reactor.core.publisher.MonoFlatMap$FlatMapMain.onSubscribe(MonoFlatMap.java:117)
	at reactor.core.publisher.FluxContextWrite$ContextWriteSubscriber.onSubscribe(FluxContextWrite.java:101)
	at reactor.core.publisher.MonoJust.subscribe(MonoJust.java:55)
	at reactor.core.publisher.InternalMonoOperator.subscribe(InternalMonoOperator.java:76)
	at reactor.core.publisher.MonoFlatMap$FlatMapMain.onNext(MonoFlatMap.java:165)
	at reactor.core.publisher.FluxSwitchIfEmpty$SwitchIfEmptySubscriber.onNext(FluxSwitchIfEmpty.java:74)
	at reactor.core.publisher.Operators$MonoInnerProducerBase.complete(Operators.java:2864)
	at reactor.core.publisher.MonoSingle$SingleSubscriber.onComplete(MonoSingle.java:180)
	at reactor.core.publisher.FluxMapFuseable$MapFuseableSubscriber.onComplete(FluxMapFuseable.java:152)
	at reactor.core.publisher.Operators$ScalarSubscription.request(Operators.java:2573)
	at reactor.core.publisher.FluxMapFuseable$MapFuseableSubscriber.request(FluxMapFuseable.java:171)
	at reactor.core.publisher.MonoSingle$SingleSubscriber.doOnRequest(MonoSingle.java:103)
	at reactor.core.publisher.Operators$MonoInnerProducerBase.request(Operators.java:2931)
	at reactor.core.publisher.Operators$MultiSubscriptionSubscriber.set(Operators.java:2367)
	at reactor.core.publisher.Operators$MultiSubscriptionSubscriber.onSubscribe(Operators.java:2241)
	at reactor.core.publisher.MonoSingle$SingleSubscriber.onSubscribe(MonoSingle.java:115)
	at reactor.core.publisher.FluxMapFuseable$MapFuseableSubscriber.onSubscribe(FluxMapFuseable.java:96)
	at reactor.core.publisher.FluxJust.subscribe(FluxJust.java:68)
	at reactor.core.publisher.InternalMonoOperator.subscribe(InternalMonoOperator.java:76)
	at reactor.core.publisher.MonoFlatMap$FlatMapMain.onNext(MonoFlatMap.java:165)
	at reactor.core.publisher.MonoFlatMap$FlatMapMain.secondComplete(MonoFlatMap.java:245)
	at reactor.core.publisher.MonoFlatMap$FlatMapInner.onNext(MonoFlatMap.java:305)
	at reactor.core.publisher.FluxDefaultIfEmpty$DefaultIfEmptySubscriber.onNext(FluxDefaultIfEmpty.java:122)
	at reactor.core.publisher.FluxOnErrorResume$ResumeSubscriber.onNext(FluxOnErrorResume.java:79)
	at reactor.core.publisher.FluxMapFuseable$MapFuseableSubscriber.onNext(FluxMapFuseable.java:129)
	at reactor.core.publisher.FluxSubscribeOnCallable$CallableSubscribeOnSubscription.run(FluxSubscribeOnCallable.java:252)
	at reactor.core.scheduler.SchedulerTask.call(SchedulerTask.java:68)
	at reactor.core.scheduler.SchedulerTask.call(SchedulerTask.java:28)
	at java.base/java.util.concurrent.FutureTask.run(FutureTask.java:317)
	at java.base/java.util.concurrent.ScheduledThreadPoolExecutor$ScheduledFutureTask.run(ScheduledThreadPoolExecutor.java:304)
	at java.base/java.util.concurrent.ThreadPoolExecutor.runWorker(ThreadPoolExecutor.java:1144)
	at java.base/java.util.concurrent.ThreadPoolExecutor$Worker.run(ThreadPoolExecutor.java:642)
	at java.base/java.lang.Thread.run(Thread.java:1583)
2026-03-15 10:17:12.677 DEBUG [DiscoveryClient-HeartbeatExecutor-%d] o.s.web.client.RestTemplate : HTTP PUT http://localhost:8761/eureka/apps/BANK-SERVICE/bank-service:9091?status=UP&lastDirtyTimestamp=1773548187632
2026-03-15 10:17:12.677 DEBUG [DiscoveryClient-HeartbeatExecutor-%d] o.s.web.client.RestTemplate : Accept=[application/json, application/*+json]
2026-03-15 10:17:12.694 DEBUG [DiscoveryClient-HeartbeatExecutor-%d] o.s.web.client.RestTemplate : Response 200 OK
2026-03-15 10:17:14.759 DEBUG [reactor-http-nio-2] r.n.http.server.HttpServerOperations : [0ad29cb8, L:/127.0.0.1:9091 - R:/127.0.0.1:63330] Increasing pending responses count: 1
2026-03-15 10:17:14.759 DEBUG [reactor-http-nio-2] r.netty.http.server.HttpServer : [0ad29cb8-4, L:/127.0.0.1:9091 - R:/127.0.0.1:63330] Handler is being applied: org.springframework.http.server.reactive.ReactorHttpHandlerAdapter@5a5b8a3
2026-03-15 10:17:14.759 DEBUG [reactor-http-nio-2] o.s.w.s.a.HttpWebHandlerAdapter : [0ad29cb8-4] HTTP GET "/internal/actuator/prometheus"
2026-03-15 10:17:14.760 DEBUG [parallel-6] o.s.w.s.s.DefaultWebSessionManager : Created new WebSession.
2026-03-15 10:17:14.760 DEBUG [parallel-6] o.s.s.w.s.u.m.OrServerWebExchangeMatcher : Trying to match using PathMatcherServerWebExchangeMatcher{pattern='/logout', method=POST}
2026-03-15 10:17:14.760 DEBUG [parallel-6] o.s.s.w.s.u.m.PathPatternParserServerWebExchangeMatcher : Request 'GET /internal/actuator/prometheus' doesn't match 'POST /logout'
2026-03-15 10:17:14.760 DEBUG [parallel-6] o.s.s.w.s.u.m.OrServerWebExchangeMatcher : No matches found
2026-03-15 10:17:14.761 DEBUG [parallel-6] o.s.s.w.s.u.m.OrServerWebExchangeMatcher : Trying to match using PathMatcherServerWebExchangeMatcher{pattern='/internal/actuator/**', method=null}
2026-03-15 10:17:14.761 DEBUG [parallel-6] o.s.s.w.s.u.m.PathPatternParserServerWebExchangeMatcher : Checking match of request : '/internal/actuator/prometheus'; against '/internal/actuator/**'
2026-03-15 10:17:14.761 DEBUG [parallel-6] o.s.s.w.s.u.m.OrServerWebExchangeMatcher : matched
2026-03-15 10:17:14.761 DEBUG [parallel-6] o.s.s.w.s.a.DelegatingReactiveAuthorizationManager : Checking authorization on '/internal/actuator/prometheus' using org.springframework.security.config.web.server.ServerHttpSecurity$AuthorizeExchangeSpec$Access$$Lambda/0x0000024db891a340@65556ed8
2026-03-15 10:17:14.761 DEBUG [parallel-6] o.s.s.w.s.a.AuthorizationWebFilter : Authorization successful
2026-03-15 10:17:14.762 DEBUG [parallel-6] o.s.s.w.s.c.WebSessionServerSecurityContextRepository : No SecurityContext found in WebSession: 'org.springframework.web.server.session.InMemoryWebSessionStore$InMemoryWebSession@38cd0f91'
2026-03-15 10:17:14.812 DEBUG [boundedElastic-1] o.s.w.r.r.m.a.ResponseEntityResultHandler : [0ad29cb8-4] Found 'Content-Type:application/openmetrics-text;version=1.0.0;charset=utf-8' in response
2026-03-15 10:17:14.812 DEBUG [boundedElastic-1] o.s.w.r.r.m.a.ResponseEntityResultHandler : [0ad29cb8-4] 0..1 [byte[]]
2026-03-15 10:17:14.812 DEBUG [boundedElastic-1] org.springframework.web.HttpLogging : [0ad29cb8-4] Writing 42211 bytes
2026-03-15 10:17:14.813 DEBUG [boundedElastic-1] r.n.http.server.HttpServerOperations : [0ad29cb8-4, L:/127.0.0.1:9091 - R:/127.0.0.1:63330] Last HTTP response frame
2026-03-15 10:17:14.813 DEBUG [boundedElastic-1] r.n.http.server.HttpServerOperations : [0ad29cb8-4, L:/127.0.0.1:9091 - R:/127.0.0.1:63330] Headers are not sent before onComplete().
2026-03-15 10:17:14.813 DEBUG [boundedElastic-1] o.s.w.s.a.HttpWebHandlerAdapter : [0ad29cb8-4] Completed 200 OK
2026-03-15 10:17:14.813 DEBUG [reactor-http-nio-2] r.n.http.server.HttpServerOperations : [0ad29cb8-4, L:/127.0.0.1:9091 - R:/127.0.0.1:63330] Decreasing pending responses count: 0
2026-03-15 10:17:14.813 DEBUG [reactor-http-nio-2] r.n.http.server.HttpServerOperations : [0ad29cb8-4, L:/127.0.0.1:9091 - R:/127.0.0.1:63330] Last HTTP packet was sent, terminating the channel
2026-03-15 10:17:14.814 ERROR [boundedElastic-1] reactor.core.publisher.Operators : Operator called default onErrorDropped
java.lang.UnsupportedOperationException: null
	at org.springframework.http.ReadOnlyHttpHeaders.addAll(ReadOnlyHttpHeaders.java:107)
	at com.fund.transfer.bank.service.global.security.SecurityResponseFilter.lambda$filter$0(SecurityResponseFilter.java:17)
	at reactor.core.publisher.FluxDoFinally$DoFinallySubscriber.runFinally(FluxDoFinally.java:146)
	at reactor.core.publisher.FluxDoFinally$DoFinallySubscriber.onComplete(FluxDoFinally.java:129)
	at reactor.core.publisher.MonoFlatMap$FlatMapMain.secondComplete(MonoFlatMap.java:250)
	at reactor.core.publisher.MonoFlatMap$FlatMapInner.onComplete(MonoFlatMap.java:324)
	at reactor.core.publisher.MonoFlatMap$FlatMapMain.secondComplete(MonoFlatMap.java:250)
	at reactor.core.publisher.MonoFlatMap$FlatMapInner.onComplete(MonoFlatMap.java:324)
	at reactor.core.publisher.Operators$MultiSubscriptionSubscriber.onComplete(Operators.java:2231)
	at reactor.core.publisher.FluxOnAssembly$OnAssemblySubscriber.onComplete(FluxOnAssembly.java:549)
	at reactor.core.publisher.MonoFlatMap$FlatMapMain.secondComplete(MonoFlatMap.java:250)
	at reactor.core.publisher.MonoFlatMap$FlatMapInner.onComplete(MonoFlatMap.java:324)
	at reactor.core.publisher.FluxContextWrite$ContextWriteSubscriber.onComplete(FluxContextWrite.java:126)
	at reactor.core.publisher.MonoFlatMap$FlatMapMain.secondComplete(MonoFlatMap.java:250)
	at reactor.core.publisher.MonoFlatMap$FlatMapInner.onComplete(MonoFlatMap.java:324)
	at reactor.core.publisher.FluxContextWrite$ContextWriteSubscriber.onComplete(FluxContextWrite.java:126)
	at reactor.core.publisher.MonoPeekTerminal$MonoTerminalPeekSubscriber.onComplete(MonoPeekTerminal.java:299)
	at reactor.core.publisher.MonoFlatMap$FlatMapMain.secondComplete(MonoFlatMap.java:250)
	at reactor.core.publisher.MonoFlatMap$FlatMapInner.onComplete(MonoFlatMap.java:324)
	at reactor.core.publisher.FluxPeekFuseable$PeekFuseableSubscriber.onComplete(FluxPeekFuseable.java:277)
	at reactor.core.publisher.MonoPeekTerminal$MonoTerminalPeekSubscriber.onComplete(MonoPeekTerminal.java:299)
	at reactor.core.publisher.MonoIgnoreElements$IgnoreElementsSubscriber.onComplete(MonoIgnoreElements.java:89)
	at reactor.core.publisher.FluxConcatArray$ConcatArraySubscriber.onComplete(FluxConcatArray.java:209)
	at reactor.core.publisher.FluxConcatArray.subscribe(FluxConcatArray.java:79)
	at reactor.core.publisher.InternalMonoOperator.subscribe(InternalMonoOperator.java:76)
	at reactor.core.publisher.MonoFlatMap$FlatMapMain.onNext(MonoFlatMap.java:165)
	at reactor.core.publisher.FluxContextWrite$ContextWriteSubscriber.onNext(FluxContextWrite.java:107)
	at reactor.core.publisher.Operators$ScalarSubscription.request(Operators.java:2571)
	at reactor.core.publisher.FluxContextWrite$ContextWriteSubscriber.request(FluxContextWrite.java:136)
	at reactor.core.publisher.MonoFlatMap$FlatMapMain.request(MonoFlatMap.java:194)
	at reactor.core.publisher.MonoPeekTerminal$MonoTerminalPeekSubscriber.request(MonoPeekTerminal.java:139)
	at reactor.core.publisher.FluxContextWrite$ContextWriteSubscriber.request(FluxContextWrite.java:136)
	at reactor.core.publisher.MonoFlatMap$FlatMapInner.onSubscribe(MonoFlatMap.java:291)
	at reactor.core.publisher.FluxContextWrite$ContextWriteSubscriber.onSubscribe(FluxContextWrite.java:101)
	at reactor.core.publisher.MonoPeekTerminal$MonoTerminalPeekSubscriber.onSubscribe(MonoPeekTerminal.java:152)
	at reactor.core.publisher.MonoFlatMap$FlatMapMain.onSubscribe(MonoFlatMap.java:117)
	at reactor.core.publisher.FluxContextWrite$ContextWriteSubscriber.onSubscribe(FluxContextWrite.java:101)
	at reactor.core.publisher.MonoJust.subscribe(MonoJust.java:55)
	at reactor.core.publisher.InternalMonoOperator.subscribe(InternalMonoOperator.java:76)
	at reactor.core.publisher.MonoFlatMap$FlatMapMain.onNext(MonoFlatMap.java:165)
	at reactor.core.publisher.FluxSwitchIfEmpty$SwitchIfEmptySubscriber.onNext(FluxSwitchIfEmpty.java:74)
	at reactor.core.publisher.Operators$MonoInnerProducerBase.complete(Operators.java:2864)
	at reactor.core.publisher.MonoSingle$SingleSubscriber.onComplete(MonoSingle.java:180)
	at reactor.core.publisher.FluxMapFuseable$MapFuseableSubscriber.onComplete(FluxMapFuseable.java:152)
	at reactor.core.publisher.Operators$ScalarSubscription.request(Operators.java:2573)
	at reactor.core.publisher.FluxMapFuseable$MapFuseableSubscriber.request(FluxMapFuseable.java:171)
	at reactor.core.publisher.MonoSingle$SingleSubscriber.doOnRequest(MonoSingle.java:103)
	at reactor.core.publisher.Operators$MonoInnerProducerBase.request(Operators.java:2931)
	at reactor.core.publisher.Operators$MultiSubscriptionSubscriber.set(Operators.java:2367)
	at reactor.core.publisher.Operators$MultiSubscriptionSubscriber.onSubscribe(Operators.java:2241)
	at reactor.core.publisher.MonoSingle$SingleSubscriber.onSubscribe(MonoSingle.java:115)
	at reactor.core.publisher.FluxMapFuseable$MapFuseableSubscriber.onSubscribe(FluxMapFuseable.java:96)
	at reactor.core.publisher.FluxJust.subscribe(FluxJust.java:68)
	at reactor.core.publisher.InternalMonoOperator.subscribe(InternalMonoOperator.java:76)
	at reactor.core.publisher.MonoFlatMap$FlatMapMain.onNext(MonoFlatMap.java:165)
	at reactor.core.publisher.MonoFlatMap$FlatMapMain.secondComplete(MonoFlatMap.java:245)
	at reactor.core.publisher.MonoFlatMap$FlatMapInner.onNext(MonoFlatMap.java:305)
	at reactor.core.publisher.FluxDefaultIfEmpty$DefaultIfEmptySubscriber.onNext(FluxDefaultIfEmpty.java:122)
	at reactor.core.publisher.FluxOnErrorResume$ResumeSubscriber.onNext(FluxOnErrorResume.java:79)
	at reactor.core.publisher.FluxMapFuseable$MapFuseableSubscriber.onNext(FluxMapFuseable.java:129)
	at reactor.core.publisher.FluxSubscribeOnCallable$CallableSubscribeOnSubscription.run(FluxSubscribeOnCallable.java:252)
	at reactor.core.scheduler.SchedulerTask.call(SchedulerTask.java:68)
	at reactor.core.scheduler.SchedulerTask.call(SchedulerTask.java:28)
	at java.base/java.util.concurrent.FutureTask.run(FutureTask.java:317)
	at java.base/java.util.concurrent.ScheduledThreadPoolExecutor$ScheduledFutureTask.run(ScheduledThreadPoolExecutor.java:304)
	at java.base/java.util.concurrent.ThreadPoolExecutor.runWorker(ThreadPoolExecutor.java:1144)
	at java.base/java.util.concurrent.ThreadPoolExecutor$Worker.run(ThreadPoolExecutor.java:642)
	at java.base/java.lang.Thread.run(Thread.java:1583)
2026-03-15 10:17:27.658 DEBUG [DiscoveryClient-CacheRefreshExecutor-%d] o.s.web.client.RestTemplate : HTTP GET http://localhost:8761/eureka/apps/delta
2026-03-15 10:17:27.658 DEBUG [DiscoveryClient-CacheRefreshExecutor-%d] o.s.web.client.RestTemplate : Accept=[application/json, application/*+json]
2026-03-15 10:17:27.674 DEBUG [DiscoveryClient-CacheRefreshExecutor-%d] o.s.web.client.RestTemplate : Response 200 OK
2026-03-15 10:17:27.675 DEBUG [DiscoveryClient-CacheRefreshExecutor-%d] o.s.web.client.RestTemplate : Reading to [org.springframework.cloud.netflix.eureka.http.EurekaApplications]
2026-03-15 10:17:27.704 DEBUG [DiscoveryClient-HeartbeatExecutor-%d] o.s.web.client.RestTemplate : HTTP PUT http://localhost:8761/eureka/apps/BANK-SERVICE/bank-service:9091?status=UP&lastDirtyTimestamp=1773548187632
2026-03-15 10:17:27.704 DEBUG [DiscoveryClient-HeartbeatExecutor-%d] o.s.web.client.RestTemplate : Accept=[application/json, application/*+json]
2026-03-15 10:17:27.722 DEBUG [DiscoveryClient-HeartbeatExecutor-%d] o.s.web.client.RestTemplate : Response 200 OK
2026-03-15 10:17:28.636 DEBUG [reactor-http-nio-2] r.n.http.server.HttpServerOperations : [0ad29cb8, L:/127.0.0.1:9091 - R:/127.0.0.1:63330] Increasing pending responses count: 1
2026-03-15 10:17:28.636 DEBUG [reactor-http-nio-2] r.netty.http.server.HttpServer : [0ad29cb8-5, L:/127.0.0.1:9091 - R:/127.0.0.1:63330] Handler is being applied: org.springframework.http.server.reactive.ReactorHttpHandlerAdapter@5a5b8a3
2026-03-15 10:17:28.636 DEBUG [reactor-http-nio-2] o.s.w.s.a.HttpWebHandlerAdapter : [0ad29cb8-5] HTTP GET "/internal/actuator/prometheus"
2026-03-15 10:17:28.637 DEBUG [parallel-7] o.s.w.s.s.DefaultWebSessionManager : Created new WebSession.
2026-03-15 10:17:28.637 DEBUG [parallel-7] o.s.s.w.s.u.m.OrServerWebExchangeMatcher : Trying to match using PathMatcherServerWebExchangeMatcher{pattern='/logout', method=POST}
2026-03-15 10:17:28.637 DEBUG [parallel-7] o.s.s.w.s.u.m.PathPatternParserServerWebExchangeMatcher : Request 'GET /internal/actuator/prometheus' doesn't match 'POST /logout'
2026-03-15 10:17:28.637 DEBUG [parallel-7] o.s.s.w.s.u.m.OrServerWebExchangeMatcher : No matches found
2026-03-15 10:17:28.637 DEBUG [parallel-7] o.s.s.w.s.u.m.OrServerWebExchangeMatcher : Trying to match using PathMatcherServerWebExchangeMatcher{pattern='/internal/actuator/**', method=null}
2026-03-15 10:17:28.637 DEBUG [parallel-7] o.s.s.w.s.u.m.PathPatternParserServerWebExchangeMatcher : Checking match of request : '/internal/actuator/prometheus'; against '/internal/actuator/**'
2026-03-15 10:17:28.637 DEBUG [parallel-7] o.s.s.w.s.u.m.OrServerWebExchangeMatcher : matched
2026-03-15 10:17:28.637 DEBUG [parallel-7] o.s.s.w.s.a.DelegatingReactiveAuthorizationManager : Checking authorization on '/internal/actuator/prometheus' using org.springframework.security.config.web.server.ServerHttpSecurity$AuthorizeExchangeSpec$Access$$Lambda/0x0000024db891a340@65556ed8
2026-03-15 10:17:28.637 DEBUG [parallel-7] o.s.s.w.s.a.AuthorizationWebFilter : Authorization successful
2026-03-15 10:17:28.638 DEBUG [parallel-7] o.s.s.w.s.c.WebSessionServerSecurityContextRepository : No SecurityContext found in WebSession: 'org.springframework.web.server.session.InMemoryWebSessionStore$InMemoryWebSession@4d2cde21'
2026-03-15 10:17:28.687 DEBUG [boundedElastic-1] o.s.w.r.r.m.a.ResponseEntityResultHandler : [0ad29cb8-5] Found 'Content-Type:application/openmetrics-text;version=1.0.0;charset=utf-8' in response
2026-03-15 10:17:28.687 DEBUG [boundedElastic-1] o.s.w.r.r.m.a.ResponseEntityResultHandler : [0ad29cb8-5] 0..1 [byte[]]
2026-03-15 10:17:28.687 DEBUG [boundedElastic-1] org.springframework.web.HttpLogging : [0ad29cb8-5] Writing 42207 bytes
2026-03-15 10:17:28.688 DEBUG [boundedElastic-1] r.n.http.server.HttpServerOperations : [0ad29cb8-5, L:/127.0.0.1:9091 - R:/127.0.0.1:63330] Last HTTP response frame
2026-03-15 10:17:28.688 DEBUG [boundedElastic-1] r.n.http.server.HttpServerOperations : [0ad29cb8-5, L:/127.0.0.1:9091 - R:/127.0.0.1:63330] Headers are not sent before onComplete().
2026-03-15 10:17:28.688 DEBUG [boundedElastic-1] o.s.w.s.a.HttpWebHandlerAdapter : [0ad29cb8-5] Completed 200 OK
2026-03-15 10:17:28.688 DEBUG [reactor-http-nio-2] r.n.http.server.HttpServerOperations : [0ad29cb8-5, L:/127.0.0.1:9091 - R:/127.0.0.1:63330] Decreasing pending responses count: 0
2026-03-15 10:17:28.689 DEBUG [reactor-http-nio-2] r.n.http.server.HttpServerOperations : [0ad29cb8-5, L:/127.0.0.1:9091 - R:/127.0.0.1:63330] Last HTTP packet was sent, terminating the channel
2026-03-15 10:17:28.689 ERROR [boundedElastic-1] reactor.core.publisher.Operators : Operator called default onErrorDropped
java.lang.UnsupportedOperationException: null
	at org.springframework.http.ReadOnlyHttpHeaders.addAll(ReadOnlyHttpHeaders.java:107)
	at com.fund.transfer.bank.service.global.security.SecurityResponseFilter.lambda$filter$0(SecurityResponseFilter.java:17)
	at reactor.core.publisher.FluxDoFinally$DoFinallySubscriber.runFinally(FluxDoFinally.java:146)
	at reactor.core.publisher.FluxDoFinally$DoFinallySubscriber.onComplete(FluxDoFinally.java:129)
	at reactor.core.publisher.MonoFlatMap$FlatMapMain.secondComplete(MonoFlatMap.java:250)
	at reactor.core.publisher.MonoFlatMap$FlatMapInner.onComplete(MonoFlatMap.java:324)
	at reactor.core.publisher.MonoFlatMap$FlatMapMain.secondComplete(MonoFlatMap.java:250)
	at reactor.core.publisher.MonoFlatMap$FlatMapInner.onComplete(MonoFlatMap.java:324)
	at reactor.core.publisher.Operators$MultiSubscriptionSubscriber.onComplete(Operators.java:2231)
	at reactor.core.publisher.FluxOnAssembly$OnAssemblySubscriber.onComplete(FluxOnAssembly.java:549)
	at reactor.core.publisher.MonoFlatMap$FlatMapMain.secondComplete(MonoFlatMap.java:250)
	at reactor.core.publisher.MonoFlatMap$FlatMapInner.onComplete(MonoFlatMap.java:324)
	at reactor.core.publisher.FluxContextWrite$ContextWriteSubscriber.onComplete(FluxContextWrite.java:126)
	at reactor.core.publisher.MonoFlatMap$FlatMapMain.secondComplete(MonoFlatMap.java:250)
	at reactor.core.publisher.MonoFlatMap$FlatMapInner.onComplete(MonoFlatMap.java:324)
	at reactor.core.publisher.FluxContextWrite$ContextWriteSubscriber.onComplete(FluxContextWrite.java:126)
	at reactor.core.publisher.MonoPeekTerminal$MonoTerminalPeekSubscriber.onComplete(MonoPeekTerminal.java:299)
	at reactor.core.publisher.MonoFlatMap$FlatMapMain.secondComplete(MonoFlatMap.java:250)
	at reactor.core.publisher.MonoFlatMap$FlatMapInner.onComplete(MonoFlatMap.java:324)
	at reactor.core.publisher.FluxPeekFuseable$PeekFuseableSubscriber.onComplete(FluxPeekFuseable.java:277)
	at reactor.core.publisher.MonoPeekTerminal$MonoTerminalPeekSubscriber.onComplete(MonoPeekTerminal.java:299)
	at reactor.core.publisher.MonoIgnoreElements$IgnoreElementsSubscriber.onComplete(MonoIgnoreElements.java:89)
	at reactor.core.publisher.FluxConcatArray$ConcatArraySubscriber.onComplete(FluxConcatArray.java:209)
	at reactor.core.publisher.FluxConcatArray.subscribe(FluxConcatArray.java:79)
	at reactor.core.publisher.InternalMonoOperator.subscribe(InternalMonoOperator.java:76)
	at reactor.core.publisher.MonoFlatMap$FlatMapMain.onNext(MonoFlatMap.java:165)
	at reactor.core.publisher.FluxContextWrite$ContextWriteSubscriber.onNext(FluxContextWrite.java:107)
	at reactor.core.publisher.Operators$ScalarSubscription.request(Operators.java:2571)
	at reactor.core.publisher.FluxContextWrite$ContextWriteSubscriber.request(FluxContextWrite.java:136)
	at reactor.core.publisher.MonoFlatMap$FlatMapMain.request(MonoFlatMap.java:194)
	at reactor.core.publisher.MonoPeekTerminal$MonoTerminalPeekSubscriber.request(MonoPeekTerminal.java:139)
	at reactor.core.publisher.FluxContextWrite$ContextWriteSubscriber.request(FluxContextWrite.java:136)
	at reactor.core.publisher.MonoFlatMap$FlatMapInner.onSubscribe(MonoFlatMap.java:291)
	at reactor.core.publisher.FluxContextWrite$ContextWriteSubscriber.onSubscribe(FluxContextWrite.java:101)
	at reactor.core.publisher.MonoPeekTerminal$MonoTerminalPeekSubscriber.onSubscribe(MonoPeekTerminal.java:152)
	at reactor.core.publisher.MonoFlatMap$FlatMapMain.onSubscribe(MonoFlatMap.java:117)
	at reactor.core.publisher.FluxContextWrite$ContextWriteSubscriber.onSubscribe(FluxContextWrite.java:101)
	at reactor.core.publisher.MonoJust.subscribe(MonoJust.java:55)
	at reactor.core.publisher.InternalMonoOperator.subscribe(InternalMonoOperator.java:76)
	at reactor.core.publisher.MonoFlatMap$FlatMapMain.onNext(MonoFlatMap.java:165)
	at reactor.core.publisher.FluxSwitchIfEmpty$SwitchIfEmptySubscriber.onNext(FluxSwitchIfEmpty.java:74)
	at reactor.core.publisher.Operators$MonoInnerProducerBase.complete(Operators.java:2864)
	at reactor.core.publisher.MonoSingle$SingleSubscriber.onComplete(MonoSingle.java:180)
	at reactor.core.publisher.FluxMapFuseable$MapFuseableSubscriber.onComplete(FluxMapFuseable.java:152)
	at reactor.core.publisher.Operators$ScalarSubscription.request(Operators.java:2573)
	at reactor.core.publisher.FluxMapFuseable$MapFuseableSubscriber.request(FluxMapFuseable.java:171)
	at reactor.core.publisher.MonoSingle$SingleSubscriber.doOnRequest(MonoSingle.java:103)
	at reactor.core.publisher.Operators$MonoInnerProducerBase.request(Operators.java:2931)
	at reactor.core.publisher.Operators$MultiSubscriptionSubscriber.set(Operators.java:2367)
	at reactor.core.publisher.Operators$MultiSubscriptionSubscriber.onSubscribe(Operators.java:2241)
	at reactor.core.publisher.MonoSingle$SingleSubscriber.onSubscribe(MonoSingle.java:115)
	at reactor.core.publisher.FluxMapFuseable$MapFuseableSubscriber.onSubscribe(FluxMapFuseable.java:96)
	at reactor.core.publisher.FluxJust.subscribe(FluxJust.java:68)
	at reactor.core.publisher.InternalMonoOperator.subscribe(InternalMonoOperator.java:76)
	at reactor.core.publisher.MonoFlatMap$FlatMapMain.onNext(MonoFlatMap.java:165)
	at reactor.core.publisher.MonoFlatMap$FlatMapMain.secondComplete(MonoFlatMap.java:245)
	at reactor.core.publisher.MonoFlatMap$FlatMapInner.onNext(MonoFlatMap.java:305)
	at reactor.core.publisher.FluxDefaultIfEmpty$DefaultIfEmptySubscriber.onNext(FluxDefaultIfEmpty.java:122)
	at reactor.core.publisher.FluxOnErrorResume$ResumeSubscriber.onNext(FluxOnErrorResume.java:79)
	at reactor.core.publisher.FluxMapFuseable$MapFuseableSubscriber.onNext(FluxMapFuseable.java:129)
	at reactor.core.publisher.FluxSubscribeOnCallable$CallableSubscribeOnSubscription.run(FluxSubscribeOnCallable.java:252)
	at reactor.core.scheduler.SchedulerTask.call(SchedulerTask.java:68)
	at reactor.core.scheduler.SchedulerTask.call(SchedulerTask.java:28)
	at java.base/java.util.concurrent.FutureTask.run(FutureTask.java:317)
	at java.base/java.util.concurrent.ScheduledThreadPoolExecutor$ScheduledFutureTask.run(ScheduledThreadPoolExecutor.java:304)
	at java.base/java.util.concurrent.ThreadPoolExecutor.runWorker(ThreadPoolExecutor.java:1144)
	at java.base/java.util.concurrent.ThreadPoolExecutor$Worker.run(ThreadPoolExecutor.java:642)
	at java.base/java.lang.Thread.run(Thread.java:1583)
2026-03-15 10:17:42.487 DEBUG [reactor-http-nio-2] r.n.http.server.HttpServerOperations : [0ad29cb8, L:/127.0.0.1:9091 - R:/127.0.0.1:63330] Increasing pending responses count: 1
2026-03-15 10:17:42.487 DEBUG [reactor-http-nio-2] r.netty.http.server.HttpServer : [0ad29cb8-6, L:/127.0.0.1:9091 - R:/127.0.0.1:63330] Handler is being applied: org.springframework.http.server.reactive.ReactorHttpHandlerAdapter@5a5b8a3
2026-03-15 10:17:42.487 DEBUG [reactor-http-nio-2] o.s.w.s.a.HttpWebHandlerAdapter : [0ad29cb8-6] HTTP GET "/internal/actuator/prometheus"
2026-03-15 10:17:42.488 DEBUG [parallel-8] o.s.w.s.s.DefaultWebSessionManager : Created new WebSession.
2026-03-15 10:17:42.488 DEBUG [parallel-8] o.s.s.w.s.u.m.OrServerWebExchangeMatcher : Trying to match using PathMatcherServerWebExchangeMatcher{pattern='/logout', method=POST}
2026-03-15 10:17:42.488 DEBUG [parallel-8] o.s.s.w.s.u.m.PathPatternParserServerWebExchangeMatcher : Request 'GET /internal/actuator/prometheus' doesn't match 'POST /logout'
2026-03-15 10:17:42.488 DEBUG [parallel-8] o.s.s.w.s.u.m.OrServerWebExchangeMatcher : No matches found
2026-03-15 10:17:42.488 DEBUG [parallel-8] o.s.s.w.s.u.m.OrServerWebExchangeMatcher : Trying to match using PathMatcherServerWebExchangeMatcher{pattern='/internal/actuator/**', method=null}
2026-03-15 10:17:42.488 DEBUG [parallel-8] o.s.s.w.s.u.m.PathPatternParserServerWebExchangeMatcher : Checking match of request : '/internal/actuator/prometheus'; against '/internal/actuator/**'
2026-03-15 10:17:42.488 DEBUG [parallel-8] o.s.s.w.s.u.m.OrServerWebExchangeMatcher : matched
2026-03-15 10:17:42.488 DEBUG [parallel-8] o.s.s.w.s.a.DelegatingReactiveAuthorizationManager : Checking authorization on '/internal/actuator/prometheus' using org.springframework.security.config.web.server.ServerHttpSecurity$AuthorizeExchangeSpec$Access$$Lambda/0x0000024db891a340@65556ed8
2026-03-15 10:17:42.488 DEBUG [parallel-8] o.s.s.w.s.a.AuthorizationWebFilter : Authorization successful
2026-03-15 10:17:42.489 DEBUG [parallel-8] o.s.s.w.s.c.WebSessionServerSecurityContextRepository : No SecurityContext found in WebSession: 'org.springframework.web.server.session.InMemoryWebSessionStore$InMemoryWebSession@3ba4bf28'
2026-03-15 10:17:42.543 DEBUG [boundedElastic-1] o.s.w.r.r.m.a.ResponseEntityResultHandler : [0ad29cb8-6] Found 'Content-Type:application/openmetrics-text;version=1.0.0;charset=utf-8' in response
2026-03-15 10:17:42.543 DEBUG [boundedElastic-1] o.s.w.r.r.m.a.ResponseEntityResultHandler : [0ad29cb8-6] 0..1 [byte[]]
2026-03-15 10:17:42.543 DEBUG [boundedElastic-1] org.springframework.web.HttpLogging : [0ad29cb8-6] Writing 42208 bytes
2026-03-15 10:17:42.544 DEBUG [boundedElastic-1] r.n.http.server.HttpServerOperations : [0ad29cb8-6, L:/127.0.0.1:9091 - R:/127.0.0.1:63330] Last HTTP response frame
2026-03-15 10:17:42.544 DEBUG [boundedElastic-1] r.n.http.server.HttpServerOperations : [0ad29cb8-6, L:/127.0.0.1:9091 - R:/127.0.0.1:63330] Headers are not sent before onComplete().
2026-03-15 10:17:42.544 DEBUG [boundedElastic-1] o.s.w.s.a.HttpWebHandlerAdapter : [0ad29cb8-6] Completed 200 OK
2026-03-15 10:17:42.544 DEBUG [reactor-http-nio-2] r.n.http.server.HttpServerOperations : [0ad29cb8-6, L:/127.0.0.1:9091 - R:/127.0.0.1:63330] Decreasing pending responses count: 0
2026-03-15 10:17:42.544 DEBUG [reactor-http-nio-2] r.n.http.server.HttpServerOperations : [0ad29cb8-6, L:/127.0.0.1:9091 - R:/127.0.0.1:63330] Last HTTP packet was sent, terminating the channel
2026-03-15 10:17:42.544 ERROR [boundedElastic-1] reactor.core.publisher.Operators : Operator called default onErrorDropped
java.lang.UnsupportedOperationException: null
	at org.springframework.http.ReadOnlyHttpHeaders.addAll(ReadOnlyHttpHeaders.java:107)
	at com.fund.transfer.bank.service.global.security.SecurityResponseFilter.lambda$filter$0(SecurityResponseFilter.java:17)
	at reactor.core.publisher.FluxDoFinally$DoFinallySubscriber.runFinally(FluxDoFinally.java:146)
	at reactor.core.publisher.FluxDoFinally$DoFinallySubscriber.onComplete(FluxDoFinally.java:129)
	at reactor.core.publisher.MonoFlatMap$FlatMapMain.secondComplete(MonoFlatMap.java:250)
	at reactor.core.publisher.MonoFlatMap$FlatMapInner.onComplete(MonoFlatMap.java:324)
	at reactor.core.publisher.MonoFlatMap$FlatMapMain.secondComplete(MonoFlatMap.java:250)
	at reactor.core.publisher.MonoFlatMap$FlatMapInner.onComplete(MonoFlatMap.java:324)
	at reactor.core.publisher.Operators$MultiSubscriptionSubscriber.onComplete(Operators.java:2231)
	at reactor.core.publisher.FluxOnAssembly$OnAssemblySubscriber.onComplete(FluxOnAssembly.java:549)
	at reactor.core.publisher.MonoFlatMap$FlatMapMain.secondComplete(MonoFlatMap.java:250)
	at reactor.core.publisher.MonoFlatMap$FlatMapInner.onComplete(MonoFlatMap.java:324)
	at reactor.core.publisher.FluxContextWrite$ContextWriteSubscriber.onComplete(FluxContextWrite.java:126)
	at reactor.core.publisher.MonoFlatMap$FlatMapMain.secondComplete(MonoFlatMap.java:250)
	at reactor.core.publisher.MonoFlatMap$FlatMapInner.onComplete(MonoFlatMap.java:324)
	at reactor.core.publisher.FluxContextWrite$ContextWriteSubscriber.onComplete(FluxContextWrite.java:126)
	at reactor.core.publisher.MonoPeekTerminal$MonoTerminalPeekSubscriber.onComplete(MonoPeekTerminal.java:299)
	at reactor.core.publisher.MonoFlatMap$FlatMapMain.secondComplete(MonoFlatMap.java:250)
	at reactor.core.publisher.MonoFlatMap$FlatMapInner.onComplete(MonoFlatMap.java:324)
	at reactor.core.publisher.FluxPeekFuseable$PeekFuseableSubscriber.onComplete(FluxPeekFuseable.java:277)
	at reactor.core.publisher.MonoPeekTerminal$MonoTerminalPeekSubscriber.onComplete(MonoPeekTerminal.java:299)
	at reactor.core.publisher.MonoIgnoreElements$IgnoreElementsSubscriber.onComplete(MonoIgnoreElements.java:89)
	at reactor.core.publisher.FluxConcatArray$ConcatArraySubscriber.onComplete(FluxConcatArray.java:209)
	at reactor.core.publisher.FluxConcatArray.subscribe(FluxConcatArray.java:79)
	at reactor.core.publisher.InternalMonoOperator.subscribe(InternalMonoOperator.java:76)
	at reactor.core.publisher.MonoFlatMap$FlatMapMain.onNext(MonoFlatMap.java:165)
	at reactor.core.publisher.FluxContextWrite$ContextWriteSubscriber.onNext(FluxContextWrite.java:107)
	at reactor.core.publisher.Operators$ScalarSubscription.request(Operators.java:2571)
	at reactor.core.publisher.FluxContextWrite$ContextWriteSubscriber.request(FluxContextWrite.java:136)
	at reactor.core.publisher.MonoFlatMap$FlatMapMain.request(MonoFlatMap.java:194)
	at reactor.core.publisher.MonoPeekTerminal$MonoTerminalPeekSubscriber.request(MonoPeekTerminal.java:139)
	at reactor.core.publisher.FluxContextWrite$ContextWriteSubscriber.request(FluxContextWrite.java:136)
	at reactor.core.publisher.MonoFlatMap$FlatMapInner.onSubscribe(MonoFlatMap.java:291)
	at reactor.core.publisher.FluxContextWrite$ContextWriteSubscriber.onSubscribe(FluxContextWrite.java:101)
	at reactor.core.publisher.MonoPeekTerminal$MonoTerminalPeekSubscriber.onSubscribe(MonoPeekTerminal.java:152)
	at reactor.core.publisher.MonoFlatMap$FlatMapMain.onSubscribe(MonoFlatMap.java:117)
	at reactor.core.publisher.FluxContextWrite$ContextWriteSubscriber.onSubscribe(FluxContextWrite.java:101)
	at reactor.core.publisher.MonoJust.subscribe(MonoJust.java:55)
	at reactor.core.publisher.InternalMonoOperator.subscribe(InternalMonoOperator.java:76)
	at reactor.core.publisher.MonoFlatMap$FlatMapMain.onNext(MonoFlatMap.java:165)
	at reactor.core.publisher.FluxSwitchIfEmpty$SwitchIfEmptySubscriber.onNext(FluxSwitchIfEmpty.java:74)
	at reactor.core.publisher.Operators$MonoInnerProducerBase.complete(Operators.java:2864)
	at reactor.core.publisher.MonoSingle$SingleSubscriber.onComplete(MonoSingle.java:180)
	at reactor.core.publisher.FluxMapFuseable$MapFuseableSubscriber.onComplete(FluxMapFuseable.java:152)
	at reactor.core.publisher.Operators$ScalarSubscription.request(Operators.java:2573)
	at reactor.core.publisher.FluxMapFuseable$MapFuseableSubscriber.request(FluxMapFuseable.java:171)
	at reactor.core.publisher.MonoSingle$SingleSubscriber.doOnRequest(MonoSingle.java:103)
	at reactor.core.publisher.Operators$MonoInnerProducerBase.request(Operators.java:2931)
	at reactor.core.publisher.Operators$MultiSubscriptionSubscriber.set(Operators.java:2367)
	at reactor.core.publisher.Operators$MultiSubscriptionSubscriber.onSubscribe(Operators.java:2241)
	at reactor.core.publisher.MonoSingle$SingleSubscriber.onSubscribe(MonoSingle.java:115)
	at reactor.core.publisher.FluxMapFuseable$MapFuseableSubscriber.onSubscribe(FluxMapFuseable.java:96)
	at reactor.core.publisher.FluxJust.subscribe(FluxJust.java:68)
	at reactor.core.publisher.InternalMonoOperator.subscribe(InternalMonoOperator.java:76)
	at reactor.core.publisher.MonoFlatMap$FlatMapMain.onNext(MonoFlatMap.java:165)
	at reactor.core.publisher.MonoFlatMap$FlatMapMain.secondComplete(MonoFlatMap.java:245)
	at reactor.core.publisher.MonoFlatMap$FlatMapInner.onNext(MonoFlatMap.java:305)
	at reactor.core.publisher.FluxDefaultIfEmpty$DefaultIfEmptySubscriber.onNext(FluxDefaultIfEmpty.java:122)
	at reactor.core.publisher.FluxOnErrorResume$ResumeSubscriber.onNext(FluxOnErrorResume.java:79)
	at reactor.core.publisher.FluxMapFuseable$MapFuseableSubscriber.onNext(FluxMapFuseable.java:129)
	at reactor.core.publisher.FluxSubscribeOnCallable$CallableSubscribeOnSubscription.run(FluxSubscribeOnCallable.java:252)
	at reactor.core.scheduler.SchedulerTask.call(SchedulerTask.java:68)
	at reactor.core.scheduler.SchedulerTask.call(SchedulerTask.java:28)
	at java.base/java.util.concurrent.FutureTask.run(FutureTask.java:317)
	at java.base/java.util.concurrent.ScheduledThreadPoolExecutor$ScheduledFutureTask.run(ScheduledThreadPoolExecutor.java:304)
	at java.base/java.util.concurrent.ThreadPoolExecutor.runWorker(ThreadPoolExecutor.java:1144)
	at java.base/java.util.concurrent.ThreadPoolExecutor$Worker.run(ThreadPoolExecutor.java:642)
	at java.base/java.lang.Thread.run(Thread.java:1583)
2026-03-15 10:17:42.724 DEBUG [DiscoveryClient-HeartbeatExecutor-%d] o.s.web.client.RestTemplate : HTTP PUT http://localhost:8761/eureka/apps/BANK-SERVICE/bank-service:9091?status=UP&lastDirtyTimestamp=1773548187632
2026-03-15 10:17:42.724 DEBUG [DiscoveryClient-HeartbeatExecutor-%d] o.s.web.client.RestTemplate : Accept=[application/json, application/*+json]
2026-03-15 10:17:42.741 DEBUG [DiscoveryClient-HeartbeatExecutor-%d] o.s.web.client.RestTemplate : Response 200 OK
2026-03-15 10:17:56.300 DEBUG [reactor-http-nio-2] r.n.http.server.HttpServerOperations : [0ad29cb8, L:/127.0.0.1:9091 - R:/127.0.0.1:63330] Increasing pending responses count: 1
2026-03-15 10:17:56.301 DEBUG [reactor-http-nio-2] r.netty.http.server.HttpServer : [0ad29cb8-7, L:/127.0.0.1:9091 - R:/127.0.0.1:63330] Handler is being applied: org.springframework.http.server.reactive.ReactorHttpHandlerAdapter@5a5b8a3
2026-03-15 10:17:56.301 DEBUG [reactor-http-nio-2] o.s.w.s.a.HttpWebHandlerAdapter : [0ad29cb8-7] HTTP GET "/internal/actuator/prometheus"
2026-03-15 10:17:56.302 DEBUG [parallel-9] o.s.w.s.s.DefaultWebSessionManager : Created new WebSession.
2026-03-15 10:17:56.302 DEBUG [parallel-9] o.s.s.w.s.u.m.OrServerWebExchangeMatcher : Trying to match using PathMatcherServerWebExchangeMatcher{pattern='/logout', method=POST}
2026-03-15 10:17:56.302 DEBUG [parallel-9] o.s.s.w.s.u.m.PathPatternParserServerWebExchangeMatcher : Request 'GET /internal/actuator/prometheus' doesn't match 'POST /logout'
2026-03-15 10:17:56.302 DEBUG [parallel-9] o.s.s.w.s.u.m.OrServerWebExchangeMatcher : No matches found
2026-03-15 10:17:56.302 DEBUG [parallel-9] o.s.s.w.s.u.m.OrServerWebExchangeMatcher : Trying to match using PathMatcherServerWebExchangeMatcher{pattern='/internal/actuator/**', method=null}
2026-03-15 10:17:56.302 DEBUG [parallel-9] o.s.s.w.s.u.m.PathPatternParserServerWebExchangeMatcher : Checking match of request : '/internal/actuator/prometheus'; against '/internal/actuator/**'
2026-03-15 10:17:56.302 DEBUG [parallel-9] o.s.s.w.s.u.m.OrServerWebExchangeMatcher : matched
2026-03-15 10:17:56.302 DEBUG [parallel-9] o.s.s.w.s.a.DelegatingReactiveAuthorizationManager : Checking authorization on '/internal/actuator/prometheus' using org.springframework.security.config.web.server.ServerHttpSecurity$AuthorizeExchangeSpec$Access$$Lambda/0x0000024db891a340@65556ed8
2026-03-15 10:17:56.302 DEBUG [parallel-9] o.s.s.w.s.a.AuthorizationWebFilter : Authorization successful
2026-03-15 10:17:56.303 DEBUG [parallel-9] o.s.s.w.s.c.WebSessionServerSecurityContextRepository : No SecurityContext found in WebSession: 'org.springframework.web.server.session.InMemoryWebSessionStore$InMemoryWebSession@8904bf2'
2026-03-15 10:17:56.341 DEBUG [boundedElastic-1] o.s.w.r.r.m.a.ResponseEntityResultHandler : [0ad29cb8-7] Found 'Content-Type:application/openmetrics-text;version=1.0.0;charset=utf-8' in response
2026-03-15 10:17:56.341 DEBUG [boundedElastic-1] o.s.w.r.r.m.a.ResponseEntityResultHandler : [0ad29cb8-7] 0..1 [byte[]]
2026-03-15 10:17:56.341 DEBUG [boundedElastic-1] org.springframework.web.HttpLogging : [0ad29cb8-7] Writing 42207 bytes
2026-03-15 10:17:56.342 DEBUG [boundedElastic-1] r.n.http.server.HttpServerOperations : [0ad29cb8-7, L:/127.0.0.1:9091 - R:/127.0.0.1:63330] Last HTTP response frame
2026-03-15 10:17:56.342 DEBUG [boundedElastic-1] r.n.http.server.HttpServerOperations : [0ad29cb8-7, L:/127.0.0.1:9091 - R:/127.0.0.1:63330] Headers are not sent before onComplete().
2026-03-15 10:17:56.342 DEBUG [boundedElastic-1] o.s.w.s.a.HttpWebHandlerAdapter : [0ad29cb8-7] Completed 200 OK
2026-03-15 10:17:56.342 DEBUG [reactor-http-nio-2] r.n.http.server.HttpServerOperations : [0ad29cb8-7, L:/127.0.0.1:9091 - R:/127.0.0.1:63330] Decreasing pending responses count: 0
2026-03-15 10:17:56.342 DEBUG [reactor-http-nio-2] r.n.http.server.HttpServerOperations : [0ad29cb8-7, L:/127.0.0.1:9091 - R:/127.0.0.1:63330] Last HTTP packet was sent, terminating the channel
2026-03-15 10:17:56.343 ERROR [boundedElastic-1] reactor.core.publisher.Operators : Operator called default onErrorDropped
java.lang.UnsupportedOperationException: null
	at org.springframework.http.ReadOnlyHttpHeaders.addAll(ReadOnlyHttpHeaders.java:107)
	at com.fund.transfer.bank.service.global.security.SecurityResponseFilter.lambda$filter$0(SecurityResponseFilter.java:17)
	at reactor.core.publisher.FluxDoFinally$DoFinallySubscriber.runFinally(FluxDoFinally.java:146)
	at reactor.core.publisher.FluxDoFinally$DoFinallySubscriber.onComplete(FluxDoFinally.java:129)
	at reactor.core.publisher.MonoFlatMap$FlatMapMain.secondComplete(MonoFlatMap.java:250)
	at reactor.core.publisher.MonoFlatMap$FlatMapInner.onComplete(MonoFlatMap.java:324)
	at reactor.core.publisher.MonoFlatMap$FlatMapMain.secondComplete(MonoFlatMap.java:250)
	at reactor.core.publisher.MonoFlatMap$FlatMapInner.onComplete(MonoFlatMap.java:324)
	at reactor.core.publisher.Operators$MultiSubscriptionSubscriber.onComplete(Operators.java:2231)
	at reactor.core.publisher.FluxOnAssembly$OnAssemblySubscriber.onComplete(FluxOnAssembly.java:549)
	at reactor.core.publisher.MonoFlatMap$FlatMapMain.secondComplete(MonoFlatMap.java:250)
	at reactor.core.publisher.MonoFlatMap$FlatMapInner.onComplete(MonoFlatMap.java:324)
	at reactor.core.publisher.FluxContextWrite$ContextWriteSubscriber.onComplete(FluxContextWrite.java:126)
	at reactor.core.publisher.MonoFlatMap$FlatMapMain.secondComplete(MonoFlatMap.java:250)
	at reactor.core.publisher.MonoFlatMap$FlatMapInner.onComplete(MonoFlatMap.java:324)
	at reactor.core.publisher.FluxContextWrite$ContextWriteSubscriber.onComplete(FluxContextWrite.java:126)
	at reactor.core.publisher.MonoPeekTerminal$MonoTerminalPeekSubscriber.onComplete(MonoPeekTerminal.java:299)
	at reactor.core.publisher.MonoFlatMap$FlatMapMain.secondComplete(MonoFlatMap.java:250)
	at reactor.core.publisher.MonoFlatMap$FlatMapInner.onComplete(MonoFlatMap.java:324)
	at reactor.core.publisher.FluxPeekFuseable$PeekFuseableSubscriber.onComplete(FluxPeekFuseable.java:277)
	at reactor.core.publisher.MonoPeekTerminal$MonoTerminalPeekSubscriber.onComplete(MonoPeekTerminal.java:299)
	at reactor.core.publisher.MonoIgnoreElements$IgnoreElementsSubscriber.onComplete(MonoIgnoreElements.java:89)
	at reactor.core.publisher.FluxConcatArray$ConcatArraySubscriber.onComplete(FluxConcatArray.java:209)
	at reactor.core.publisher.FluxConcatArray.subscribe(FluxConcatArray.java:79)
	at reactor.core.publisher.InternalMonoOperator.subscribe(InternalMonoOperator.java:76)
	at reactor.core.publisher.MonoFlatMap$FlatMapMain.onNext(MonoFlatMap.java:165)
	at reactor.core.publisher.FluxContextWrite$ContextWriteSubscriber.onNext(FluxContextWrite.java:107)
	at reactor.core.publisher.Operators$ScalarSubscription.request(Operators.java:2571)
	at reactor.core.publisher.FluxContextWrite$ContextWriteSubscriber.request(FluxContextWrite.java:136)
	at reactor.core.publisher.MonoFlatMap$FlatMapMain.request(MonoFlatMap.java:194)
	at reactor.core.publisher.MonoPeekTerminal$MonoTerminalPeekSubscriber.request(MonoPeekTerminal.java:139)
	at reactor.core.publisher.FluxContextWrite$ContextWriteSubscriber.request(FluxContextWrite.java:136)
	at reactor.core.publisher.MonoFlatMap$FlatMapInner.onSubscribe(MonoFlatMap.java:291)
	at reactor.core.publisher.FluxContextWrite$ContextWriteSubscriber.onSubscribe(FluxContextWrite.java:101)
	at reactor.core.publisher.MonoPeekTerminal$MonoTerminalPeekSubscriber.onSubscribe(MonoPeekTerminal.java:152)
	at reactor.core.publisher.MonoFlatMap$FlatMapMain.onSubscribe(MonoFlatMap.java:117)
	at reactor.core.publisher.FluxContextWrite$ContextWriteSubscriber.onSubscribe(FluxContextWrite.java:101)
	at reactor.core.publisher.MonoJust.subscribe(MonoJust.java:55)
	at reactor.core.publisher.InternalMonoOperator.subscribe(InternalMonoOperator.java:76)
	at reactor.core.publisher.MonoFlatMap$FlatMapMain.onNext(MonoFlatMap.java:165)
	at reactor.core.publisher.FluxSwitchIfEmpty$SwitchIfEmptySubscriber.onNext(FluxSwitchIfEmpty.java:74)
	at reactor.core.publisher.Operators$MonoInnerProducerBase.complete(Operators.java:2864)
	at reactor.core.publisher.MonoSingle$SingleSubscriber.onComplete(MonoSingle.java:180)
	at reactor.core.publisher.FluxMapFuseable$MapFuseableSubscriber.onComplete(FluxMapFuseable.java:152)
	at reactor.core.publisher.Operators$ScalarSubscription.request(Operators.java:2573)
	at reactor.core.publisher.FluxMapFuseable$MapFuseableSubscriber.request(FluxMapFuseable.java:171)
	at reactor.core.publisher.MonoSingle$SingleSubscriber.doOnRequest(MonoSingle.java:103)
	at reactor.core.publisher.Operators$MonoInnerProducerBase.request(Operators.java:2931)
	at reactor.core.publisher.Operators$MultiSubscriptionSubscriber.set(Operators.java:2367)
	at reactor.core.publisher.Operators$MultiSubscriptionSubscriber.onSubscribe(Operators.java:2241)
	at reactor.core.publisher.MonoSingle$SingleSubscriber.onSubscribe(MonoSingle.java:115)
	at reactor.core.publisher.FluxMapFuseable$MapFuseableSubscriber.onSubscribe(FluxMapFuseable.java:96)
	at reactor.core.publisher.FluxJust.subscribe(FluxJust.java:68)
	at reactor.core.publisher.InternalMonoOperator.subscribe(InternalMonoOperator.java:76)
	at reactor.core.publisher.MonoFlatMap$FlatMapMain.onNext(MonoFlatMap.java:165)
	at reactor.core.publisher.MonoFlatMap$FlatMapMain.secondComplete(MonoFlatMap.java:245)
	at reactor.core.publisher.MonoFlatMap$FlatMapInner.onNext(MonoFlatMap.java:305)
	at reactor.core.publisher.FluxDefaultIfEmpty$DefaultIfEmptySubscriber.onNext(FluxDefaultIfEmpty.java:122)
	at reactor.core.publisher.FluxOnErrorResume$ResumeSubscriber.onNext(FluxOnErrorResume.java:79)
	at reactor.core.publisher.FluxMapFuseable$MapFuseableSubscriber.onNext(FluxMapFuseable.java:129)
	at reactor.core.publisher.FluxSubscribeOnCallable$CallableSubscribeOnSubscription.run(FluxSubscribeOnCallable.java:252)
	at reactor.core.scheduler.SchedulerTask.call(SchedulerTask.java:68)
	at reactor.core.scheduler.SchedulerTask.call(SchedulerTask.java:28)
	at java.base/java.util.concurrent.FutureTask.run(FutureTask.java:317)
	at java.base/java.util.concurrent.ScheduledThreadPoolExecutor$ScheduledFutureTask.run(ScheduledThreadPoolExecutor.java:304)
	at java.base/java.util.concurrent.ThreadPoolExecutor.runWorker(ThreadPoolExecutor.java:1144)
	at java.base/java.util.concurrent.ThreadPoolExecutor$Worker.run(ThreadPoolExecutor.java:642)
	at java.base/java.lang.Thread.run(Thread.java:1583)
2026-03-15 10:17:57.683 DEBUG [DiscoveryClient-CacheRefreshExecutor-%d] o.s.web.client.RestTemplate : HTTP GET http://localhost:8761/eureka/apps/delta
2026-03-15 10:17:57.684 DEBUG [DiscoveryClient-CacheRefreshExecutor-%d] o.s.web.client.RestTemplate : Accept=[application/json, application/*+json]
2026-03-15 10:17:57.702 DEBUG [DiscoveryClient-CacheRefreshExecutor-%d] o.s.web.client.RestTemplate : Response 200 OK
2026-03-15 10:17:57.702 DEBUG [DiscoveryClient-CacheRefreshExecutor-%d] o.s.web.client.RestTemplate : Reading to [org.springframework.cloud.netflix.eureka.http.EurekaApplications]
2026-03-15 10:17:57.744 DEBUG [DiscoveryClient-HeartbeatExecutor-%d] o.s.web.client.RestTemplate : HTTP PUT http://localhost:8761/eureka/apps/BANK-SERVICE/bank-service:9091?status=UP&lastDirtyTimestamp=1773548187632
2026-03-15 10:17:57.745 DEBUG [DiscoveryClient-HeartbeatExecutor-%d] o.s.web.client.RestTemplate : Accept=[application/json, application/*+json]
2026-03-15 10:17:57.763 DEBUG [DiscoveryClient-HeartbeatExecutor-%d] o.s.web.client.RestTemplate : Response 200 OK
2026-03-15 10:18:10.141 DEBUG [reactor-http-nio-2] r.n.http.server.HttpServerOperations : [0ad29cb8, L:/127.0.0.1:9091 - R:/127.0.0.1:63330] Increasing pending responses count: 1
2026-03-15 10:18:10.141 DEBUG [reactor-http-nio-2] r.netty.http.server.HttpServer : [0ad29cb8-8, L:/127.0.0.1:9091 - R:/127.0.0.1:63330] Handler is being applied: org.springframework.http.server.reactive.ReactorHttpHandlerAdapter@5a5b8a3
2026-03-15 10:18:10.141 DEBUG [reactor-http-nio-2] o.s.w.s.a.HttpWebHandlerAdapter : [0ad29cb8-8] HTTP GET "/internal/actuator/prometheus"
2026-03-15 10:18:10.142 DEBUG [parallel-10] o.s.w.s.s.DefaultWebSessionManager : Created new WebSession.
2026-03-15 10:18:10.142 DEBUG [parallel-10] o.s.s.w.s.u.m.OrServerWebExchangeMatcher : Trying to match using PathMatcherServerWebExchangeMatcher{pattern='/logout', method=POST}
2026-03-15 10:18:10.142 DEBUG [parallel-10] o.s.s.w.s.u.m.PathPatternParserServerWebExchangeMatcher : Request 'GET /internal/actuator/prometheus' doesn't match 'POST /logout'
2026-03-15 10:18:10.142 DEBUG [parallel-10] o.s.s.w.s.u.m.OrServerWebExchangeMatcher : No matches found
2026-03-15 10:18:10.142 DEBUG [parallel-10] o.s.s.w.s.u.m.OrServerWebExchangeMatcher : Trying to match using PathMatcherServerWebExchangeMatcher{pattern='/internal/actuator/**', method=null}
2026-03-15 10:18:10.142 DEBUG [parallel-10] o.s.s.w.s.u.m.PathPatternParserServerWebExchangeMatcher : Checking match of request : '/internal/actuator/prometheus'; against '/internal/actuator/**'
2026-03-15 10:18:10.142 DEBUG [parallel-10] o.s.s.w.s.u.m.OrServerWebExchangeMatcher : matched
2026-03-15 10:18:10.143 DEBUG [parallel-10] o.s.s.w.s.a.DelegatingReactiveAuthorizationManager : Checking authorization on '/internal/actuator/prometheus' using org.springframework.security.config.web.server.ServerHttpSecurity$AuthorizeExchangeSpec$Access$$Lambda/0x0000024db891a340@65556ed8
2026-03-15 10:18:10.143 DEBUG [parallel-10] o.s.s.w.s.a.AuthorizationWebFilter : Authorization successful
2026-03-15 10:18:10.143 DEBUG [parallel-10] o.s.s.w.s.c.WebSessionServerSecurityContextRepository : No SecurityContext found in WebSession: 'org.springframework.web.server.session.InMemoryWebSessionStore$InMemoryWebSession@73c7ed10'
2026-03-15 10:18:10.228 DEBUG [boundedElastic-1] o.s.w.r.r.m.a.ResponseEntityResultHandler : [0ad29cb8-8] Found 'Content-Type:application/openmetrics-text;version=1.0.0;charset=utf-8' in response
2026-03-15 10:18:10.228 DEBUG [boundedElastic-1] o.s.w.r.r.m.a.ResponseEntityResultHandler : [0ad29cb8-8] 0..1 [byte[]]
2026-03-15 10:18:10.228 DEBUG [boundedElastic-1] org.springframework.web.HttpLogging : [0ad29cb8-8] Writing 42210 bytes
2026-03-15 10:18:10.229 DEBUG [boundedElastic-1] r.n.http.server.HttpServerOperations : [0ad29cb8-8, L:/127.0.0.1:9091 - R:/127.0.0.1:63330] Last HTTP response frame
2026-03-15 10:18:10.229 DEBUG [boundedElastic-1] r.n.http.server.HttpServerOperations : [0ad29cb8-8, L:/127.0.0.1:9091 - R:/127.0.0.1:63330] Headers are not sent before onComplete().
2026-03-15 10:18:10.230 DEBUG [boundedElastic-1] o.s.w.s.a.HttpWebHandlerAdapter : [0ad29cb8-8] Completed 200 OK
2026-03-15 10:18:10.230 DEBUG [reactor-http-nio-2] r.n.http.server.HttpServerOperations : [0ad29cb8-8, L:/127.0.0.1:9091 - R:/127.0.0.1:63330] Decreasing pending responses count: 0
2026-03-15 10:18:10.231 DEBUG [reactor-http-nio-2] r.n.http.server.HttpServerOperations : [0ad29cb8-8, L:/127.0.0.1:9091 - R:/127.0.0.1:63330] Last HTTP packet was sent, terminating the channel
2026-03-15 10:18:10.231 ERROR [boundedElastic-1] reactor.core.publisher.Operators : Operator called default onErrorDropped
java.lang.UnsupportedOperationException: null
	at org.springframework.http.ReadOnlyHttpHeaders.addAll(ReadOnlyHttpHeaders.java:107)
	at com.fund.transfer.bank.service.global.security.SecurityResponseFilter.lambda$filter$0(SecurityResponseFilter.java:17)
	at reactor.core.publisher.FluxDoFinally$DoFinallySubscriber.runFinally(FluxDoFinally.java:146)
	at reactor.core.publisher.FluxDoFinally$DoFinallySubscriber.onComplete(FluxDoFinally.java:129)
	at reactor.core.publisher.MonoFlatMap$FlatMapMain.secondComplete(MonoFlatMap.java:250)
	at reactor.core.publisher.MonoFlatMap$FlatMapInner.onComplete(MonoFlatMap.java:324)
	at reactor.core.publisher.MonoFlatMap$FlatMapMain.secondComplete(MonoFlatMap.java:250)
	at reactor.core.publisher.MonoFlatMap$FlatMapInner.onComplete(MonoFlatMap.java:324)
	at reactor.core.publisher.Operators$MultiSubscriptionSubscriber.onComplete(Operators.java:2231)
	at reactor.core.publisher.FluxOnAssembly$OnAssemblySubscriber.onComplete(FluxOnAssembly.java:549)
	at reactor.core.publisher.MonoFlatMap$FlatMapMain.secondComplete(MonoFlatMap.java:250)
	at reactor.core.publisher.MonoFlatMap$FlatMapInner.onComplete(MonoFlatMap.java:324)
	at reactor.core.publisher.FluxContextWrite$ContextWriteSubscriber.onComplete(FluxContextWrite.java:126)
	at reactor.core.publisher.MonoFlatMap$FlatMapMain.secondComplete(MonoFlatMap.java:250)
	at reactor.core.publisher.MonoFlatMap$FlatMapInner.onComplete(MonoFlatMap.java:324)
	at reactor.core.publisher.FluxContextWrite$ContextWriteSubscriber.onComplete(FluxContextWrite.java:126)
	at reactor.core.publisher.MonoPeekTerminal$MonoTerminalPeekSubscriber.onComplete(MonoPeekTerminal.java:299)
	at reactor.core.publisher.MonoFlatMap$FlatMapMain.secondComplete(MonoFlatMap.java:250)
	at reactor.core.publisher.MonoFlatMap$FlatMapInner.onComplete(MonoFlatMap.java:324)
	at reactor.core.publisher.FluxPeekFuseable$PeekFuseableSubscriber.onComplete(FluxPeekFuseable.java:277)
	at reactor.core.publisher.MonoPeekTerminal$MonoTerminalPeekSubscriber.onComplete(MonoPeekTerminal.java:299)
	at reactor.core.publisher.MonoIgnoreElements$IgnoreElementsSubscriber.onComplete(MonoIgnoreElements.java:89)
	at reactor.core.publisher.FluxConcatArray$ConcatArraySubscriber.onComplete(FluxConcatArray.java:209)
	at reactor.core.publisher.FluxConcatArray.subscribe(FluxConcatArray.java:79)
	at reactor.core.publisher.InternalMonoOperator.subscribe(InternalMonoOperator.java:76)
	at reactor.core.publisher.MonoFlatMap$FlatMapMain.onNext(MonoFlatMap.java:165)
	at reactor.core.publisher.FluxContextWrite$ContextWriteSubscriber.onNext(FluxContextWrite.java:107)
	at reactor.core.publisher.Operators$ScalarSubscription.request(Operators.java:2571)
	at reactor.core.publisher.FluxContextWrite$ContextWriteSubscriber.request(FluxContextWrite.java:136)
	at reactor.core.publisher.MonoFlatMap$FlatMapMain.request(MonoFlatMap.java:194)
	at reactor.core.publisher.MonoPeekTerminal$MonoTerminalPeekSubscriber.request(MonoPeekTerminal.java:139)
	at reactor.core.publisher.FluxContextWrite$ContextWriteSubscriber.request(FluxContextWrite.java:136)
	at reactor.core.publisher.MonoFlatMap$FlatMapInner.onSubscribe(MonoFlatMap.java:291)
	at reactor.core.publisher.FluxContextWrite$ContextWriteSubscriber.onSubscribe(FluxContextWrite.java:101)
	at reactor.core.publisher.MonoPeekTerminal$MonoTerminalPeekSubscriber.onSubscribe(MonoPeekTerminal.java:152)
	at reactor.core.publisher.MonoFlatMap$FlatMapMain.onSubscribe(MonoFlatMap.java:117)
	at reactor.core.publisher.FluxContextWrite$ContextWriteSubscriber.onSubscribe(FluxContextWrite.java:101)
	at reactor.core.publisher.MonoJust.subscribe(MonoJust.java:55)
	at reactor.core.publisher.InternalMonoOperator.subscribe(InternalMonoOperator.java:76)
	at reactor.core.publisher.MonoFlatMap$FlatMapMain.onNext(MonoFlatMap.java:165)
	at reactor.core.publisher.FluxSwitchIfEmpty$SwitchIfEmptySubscriber.onNext(FluxSwitchIfEmpty.java:74)
	at reactor.core.publisher.Operators$MonoInnerProducerBase.complete(Operators.java:2864)
	at reactor.core.publisher.MonoSingle$SingleSubscriber.onComplete(MonoSingle.java:180)
	at reactor.core.publisher.FluxMapFuseable$MapFuseableSubscriber.onComplete(FluxMapFuseable.java:152)
	at reactor.core.publisher.Operators$ScalarSubscription.request(Operators.java:2573)
	at reactor.core.publisher.FluxMapFuseable$MapFuseableSubscriber.request(FluxMapFuseable.java:171)
	at reactor.core.publisher.MonoSingle$SingleSubscriber.doOnRequest(MonoSingle.java:103)
	at reactor.core.publisher.Operators$MonoInnerProducerBase.request(Operators.java:2931)
	at reactor.core.publisher.Operators$MultiSubscriptionSubscriber.set(Operators.java:2367)
	at reactor.core.publisher.Operators$MultiSubscriptionSubscriber.onSubscribe(Operators.java:2241)
	at reactor.core.publisher.MonoSingle$SingleSubscriber.onSubscribe(MonoSingle.java:115)
	at reactor.core.publisher.FluxMapFuseable$MapFuseableSubscriber.onSubscribe(FluxMapFuseable.java:96)
	at reactor.core.publisher.FluxJust.subscribe(FluxJust.java:68)
	at reactor.core.publisher.InternalMonoOperator.subscribe(InternalMonoOperator.java:76)
	at reactor.core.publisher.MonoFlatMap$FlatMapMain.onNext(MonoFlatMap.java:165)
	at reactor.core.publisher.MonoFlatMap$FlatMapMain.secondComplete(MonoFlatMap.java:245)
	at reactor.core.publisher.MonoFlatMap$FlatMapInner.onNext(MonoFlatMap.java:305)
	at reactor.core.publisher.FluxDefaultIfEmpty$DefaultIfEmptySubscriber.onNext(FluxDefaultIfEmpty.java:122)
	at reactor.core.publisher.FluxOnErrorResume$ResumeSubscriber.onNext(FluxOnErrorResume.java:79)
	at reactor.core.publisher.FluxMapFuseable$MapFuseableSubscriber.onNext(FluxMapFuseable.java:129)
	at reactor.core.publisher.FluxSubscribeOnCallable$CallableSubscribeOnSubscription.run(FluxSubscribeOnCallable.java:252)
	at reactor.core.scheduler.SchedulerTask.call(SchedulerTask.java:68)
	at reactor.core.scheduler.SchedulerTask.call(SchedulerTask.java:28)
	at java.base/java.util.concurrent.FutureTask.run(FutureTask.java:317)
	at java.base/java.util.concurrent.ScheduledThreadPoolExecutor$ScheduledFutureTask.run(ScheduledThreadPoolExecutor.java:304)
	at java.base/java.util.concurrent.ThreadPoolExecutor.runWorker(ThreadPoolExecutor.java:1144)
	at java.base/java.util.concurrent.ThreadPoolExecutor$Worker.run(ThreadPoolExecutor.java:642)
	at java.base/java.lang.Thread.run(Thread.java:1583)
2026-03-15 10:18:12.778 DEBUG [DiscoveryClient-HeartbeatExecutor-%d] o.s.web.client.RestTemplate : HTTP PUT http://localhost:8761/eureka/apps/BANK-SERVICE/bank-service:9091?status=UP&lastDirtyTimestamp=1773548187632
2026-03-15 10:18:12.778 DEBUG [DiscoveryClient-HeartbeatExecutor-%d] o.s.web.client.RestTemplate : Accept=[application/json, application/*+json]
2026-03-15 10:18:12.794 DEBUG [DiscoveryClient-HeartbeatExecutor-%d] o.s.web.client.RestTemplate : Response 200 OK
2026-03-15 10:18:23.988 DEBUG [reactor-http-nio-2] r.n.http.server.HttpServerOperations : [0ad29cb8, L:/127.0.0.1:9091 - R:/127.0.0.1:63330] Increasing pending responses count: 1
2026-03-15 10:18:23.988 DEBUG [reactor-http-nio-2] r.netty.http.server.HttpServer : [0ad29cb8-9, L:/127.0.0.1:9091 - R:/127.0.0.1:63330] Handler is being applied: org.springframework.http.server.reactive.ReactorHttpHandlerAdapter@5a5b8a3
2026-03-15 10:18:23.988 DEBUG [reactor-http-nio-2] o.s.w.s.a.HttpWebHandlerAdapter : [0ad29cb8-9] HTTP GET "/internal/actuator/prometheus"
2026-03-15 10:18:23.989 DEBUG [parallel-11] o.s.w.s.s.DefaultWebSessionManager : Created new WebSession.
2026-03-15 10:18:23.989 DEBUG [parallel-11] o.s.s.w.s.u.m.OrServerWebExchangeMatcher : Trying to match using PathMatcherServerWebExchangeMatcher{pattern='/logout', method=POST}
2026-03-15 10:18:23.989 DEBUG [parallel-11] o.s.s.w.s.u.m.PathPatternParserServerWebExchangeMatcher : Request 'GET /internal/actuator/prometheus' doesn't match 'POST /logout'
2026-03-15 10:18:23.989 DEBUG [parallel-11] o.s.s.w.s.u.m.OrServerWebExchangeMatcher : No matches found
2026-03-15 10:18:23.990 DEBUG [parallel-11] o.s.s.w.s.u.m.OrServerWebExchangeMatcher : Trying to match using PathMatcherServerWebExchangeMatcher{pattern='/internal/actuator/**', method=null}
2026-03-15 10:18:23.990 DEBUG [parallel-11] o.s.s.w.s.u.m.PathPatternParserServerWebExchangeMatcher : Checking match of request : '/internal/actuator/prometheus'; against '/internal/actuator/**'
2026-03-15 10:18:23.990 DEBUG [parallel-11] o.s.s.w.s.u.m.OrServerWebExchangeMatcher : matched
2026-03-15 10:18:23.990 DEBUG [parallel-11] o.s.s.w.s.a.DelegatingReactiveAuthorizationManager : Checking authorization on '/internal/actuator/prometheus' using org.springframework.security.config.web.server.ServerHttpSecurity$AuthorizeExchangeSpec$Access$$Lambda/0x0000024db891a340@65556ed8
2026-03-15 10:18:23.990 DEBUG [parallel-11] o.s.s.w.s.a.AuthorizationWebFilter : Authorization successful
2026-03-15 10:18:23.991 DEBUG [parallel-11] o.s.s.w.s.c.WebSessionServerSecurityContextRepository : No SecurityContext found in WebSession: 'org.springframework.web.server.session.InMemoryWebSessionStore$InMemoryWebSession@5fc3b09d'
2026-03-15 10:18:24.040 DEBUG [boundedElastic-1] o.s.w.r.r.m.a.ResponseEntityResultHandler : [0ad29cb8-9] Found 'Content-Type:application/openmetrics-text;version=1.0.0;charset=utf-8' in response
2026-03-15 10:18:24.040 DEBUG [boundedElastic-1] o.s.w.r.r.m.a.ResponseEntityResultHandler : [0ad29cb8-9] 0..1 [byte[]]
2026-03-15 10:18:24.040 DEBUG [boundedElastic-1] org.springframework.web.HttpLogging : [0ad29cb8-9] Writing 42210 bytes
2026-03-15 10:18:24.040 DEBUG [boundedElastic-1] r.n.http.server.HttpServerOperations : [0ad29cb8-9, L:/127.0.0.1:9091 - R:/127.0.0.1:63330] Last HTTP response frame
2026-03-15 10:18:24.040 DEBUG [boundedElastic-1] r.n.http.server.HttpServerOperations : [0ad29cb8-9, L:/127.0.0.1:9091 - R:/127.0.0.1:63330] Headers are not sent before onComplete().
2026-03-15 10:18:24.041 DEBUG [boundedElastic-1] o.s.w.s.a.HttpWebHandlerAdapter : [0ad29cb8-9] Completed 200 OK
2026-03-15 10:18:24.041 DEBUG [reactor-http-nio-2] r.n.http.server.HttpServerOperations : [0ad29cb8-9, L:/127.0.0.1:9091 - R:/127.0.0.1:63330] Decreasing pending responses count: 0
2026-03-15 10:18:24.042 DEBUG [reactor-http-nio-2] r.n.http.server.HttpServerOperations : [0ad29cb8-9, L:/127.0.0.1:9091 - R:/127.0.0.1:63330] Last HTTP packet was sent, terminating the channel
2026-03-15 10:18:24.042 ERROR [boundedElastic-1] reactor.core.publisher.Operators : Operator called default onErrorDropped
java.lang.UnsupportedOperationException: null
	at org.springframework.http.ReadOnlyHttpHeaders.addAll(ReadOnlyHttpHeaders.java:107)
	at com.fund.transfer.bank.service.global.security.SecurityResponseFilter.lambda$filter$0(SecurityResponseFilter.java:17)
	at reactor.core.publisher.FluxDoFinally$DoFinallySubscriber.runFinally(FluxDoFinally.java:146)
	at reactor.core.publisher.FluxDoFinally$DoFinallySubscriber.onComplete(FluxDoFinally.java:129)
	at reactor.core.publisher.MonoFlatMap$FlatMapMain.secondComplete(MonoFlatMap.java:250)
	at reactor.core.publisher.MonoFlatMap$FlatMapInner.onComplete(MonoFlatMap.java:324)
	at reactor.core.publisher.MonoFlatMap$FlatMapMain.secondComplete(MonoFlatMap.java:250)
	at reactor.core.publisher.MonoFlatMap$FlatMapInner.onComplete(MonoFlatMap.java:324)
	at reactor.core.publisher.Operators$MultiSubscriptionSubscriber.onComplete(Operators.java:2231)
	at reactor.core.publisher.FluxOnAssembly$OnAssemblySubscriber.onComplete(FluxOnAssembly.java:549)
	at reactor.core.publisher.MonoFlatMap$FlatMapMain.secondComplete(MonoFlatMap.java:250)
	at reactor.core.publisher.MonoFlatMap$FlatMapInner.onComplete(MonoFlatMap.java:324)
	at reactor.core.publisher.FluxContextWrite$ContextWriteSubscriber.onComplete(FluxContextWrite.java:126)
	at reactor.core.publisher.MonoFlatMap$FlatMapMain.secondComplete(MonoFlatMap.java:250)
	at reactor.core.publisher.MonoFlatMap$FlatMapInner.onComplete(MonoFlatMap.java:324)
	at reactor.core.publisher.FluxContextWrite$ContextWriteSubscriber.onComplete(FluxContextWrite.java:126)
	at reactor.core.publisher.MonoPeekTerminal$MonoTerminalPeekSubscriber.onComplete(MonoPeekTerminal.java:299)
	at reactor.core.publisher.MonoFlatMap$FlatMapMain.secondComplete(MonoFlatMap.java:250)
	at reactor.core.publisher.MonoFlatMap$FlatMapInner.onComplete(MonoFlatMap.java:324)
	at reactor.core.publisher.FluxPeekFuseable$PeekFuseableSubscriber.onComplete(FluxPeekFuseable.java:277)
	at reactor.core.publisher.MonoPeekTerminal$MonoTerminalPeekSubscriber.onComplete(MonoPeekTerminal.java:299)
	at reactor.core.publisher.MonoIgnoreElements$IgnoreElementsSubscriber.onComplete(MonoIgnoreElements.java:89)
	at reactor.core.publisher.FluxConcatArray$ConcatArraySubscriber.onComplete(FluxConcatArray.java:209)
	at reactor.core.publisher.FluxConcatArray.subscribe(FluxConcatArray.java:79)
	at reactor.core.publisher.InternalMonoOperator.subscribe(InternalMonoOperator.java:76)
	at reactor.core.publisher.MonoFlatMap$FlatMapMain.onNext(MonoFlatMap.java:165)
	at reactor.core.publisher.FluxContextWrite$ContextWriteSubscriber.onNext(FluxContextWrite.java:107)
	at reactor.core.publisher.Operators$ScalarSubscription.request(Operators.java:2571)
	at reactor.core.publisher.FluxContextWrite$ContextWriteSubscriber.request(FluxContextWrite.java:136)
	at reactor.core.publisher.MonoFlatMap$FlatMapMain.request(MonoFlatMap.java:194)
	at reactor.core.publisher.MonoPeekTerminal$MonoTerminalPeekSubscriber.request(MonoPeekTerminal.java:139)
	at reactor.core.publisher.FluxContextWrite$ContextWriteSubscriber.request(FluxContextWrite.java:136)
	at reactor.core.publisher.MonoFlatMap$FlatMapInner.onSubscribe(MonoFlatMap.java:291)
	at reactor.core.publisher.FluxContextWrite$ContextWriteSubscriber.onSubscribe(FluxContextWrite.java:101)
	at reactor.core.publisher.MonoPeekTerminal$MonoTerminalPeekSubscriber.onSubscribe(MonoPeekTerminal.java:152)
	at reactor.core.publisher.MonoFlatMap$FlatMapMain.onSubscribe(MonoFlatMap.java:117)
	at reactor.core.publisher.FluxContextWrite$ContextWriteSubscriber.onSubscribe(FluxContextWrite.java:101)
	at reactor.core.publisher.MonoJust.subscribe(MonoJust.java:55)
	at reactor.core.publisher.InternalMonoOperator.subscribe(InternalMonoOperator.java:76)
	at reactor.core.publisher.MonoFlatMap$FlatMapMain.onNext(MonoFlatMap.java:165)
	at reactor.core.publisher.FluxSwitchIfEmpty$SwitchIfEmptySubscriber.onNext(FluxSwitchIfEmpty.java:74)
	at reactor.core.publisher.Operators$MonoInnerProducerBase.complete(Operators.java:2864)
	at reactor.core.publisher.MonoSingle$SingleSubscriber.onComplete(MonoSingle.java:180)
	at reactor.core.publisher.FluxMapFuseable$MapFuseableSubscriber.onComplete(FluxMapFuseable.java:152)
	at reactor.core.publisher.Operators$ScalarSubscription.request(Operators.java:2573)
	at reactor.core.publisher.FluxMapFuseable$MapFuseableSubscriber.request(FluxMapFuseable.java:171)
	at reactor.core.publisher.MonoSingle$SingleSubscriber.doOnRequest(MonoSingle.java:103)
	at reactor.core.publisher.Operators$MonoInnerProducerBase.request(Operators.java:2931)
	at reactor.core.publisher.Operators$MultiSubscriptionSubscriber.set(Operators.java:2367)
	at reactor.core.publisher.Operators$MultiSubscriptionSubscriber.onSubscribe(Operators.java:2241)
	at reactor.core.publisher.MonoSingle$SingleSubscriber.onSubscribe(MonoSingle.java:115)
	at reactor.core.publisher.FluxMapFuseable$MapFuseableSubscriber.onSubscribe(FluxMapFuseable.java:96)
	at reactor.core.publisher.FluxJust.subscribe(FluxJust.java:68)
	at reactor.core.publisher.InternalMonoOperator.subscribe(InternalMonoOperator.java:76)
	at reactor.core.publisher.MonoFlatMap$FlatMapMain.onNext(MonoFlatMap.java:165)
	at reactor.core.publisher.MonoFlatMap$FlatMapMain.secondComplete(MonoFlatMap.java:245)
	at reactor.core.publisher.MonoFlatMap$FlatMapInner.onNext(MonoFlatMap.java:305)
	at reactor.core.publisher.FluxDefaultIfEmpty$DefaultIfEmptySubscriber.onNext(FluxDefaultIfEmpty.java:122)
	at reactor.core.publisher.FluxOnErrorResume$ResumeSubscriber.onNext(FluxOnErrorResume.java:79)
	at reactor.core.publisher.FluxMapFuseable$MapFuseableSubscriber.onNext(FluxMapFuseable.java:129)
	at reactor.core.publisher.FluxSubscribeOnCallable$CallableSubscribeOnSubscription.run(FluxSubscribeOnCallable.java:252)
	at reactor.core.scheduler.SchedulerTask.call(SchedulerTask.java:68)
	at reactor.core.scheduler.SchedulerTask.call(SchedulerTask.java:28)
	at java.base/java.util.concurrent.FutureTask.run(FutureTask.java:317)
	at java.base/java.util.concurrent.ScheduledThreadPoolExecutor$ScheduledFutureTask.run(ScheduledThreadPoolExecutor.java:304)
	at java.base/java.util.concurrent.ThreadPoolExecutor.runWorker(ThreadPoolExecutor.java:1144)
	at java.base/java.util.concurrent.ThreadPoolExecutor$Worker.run(ThreadPoolExecutor.java:642)
	at java.base/java.lang.Thread.run(Thread.java:1583)
2026-03-15 10:18:24.461 INFO  [SpringApplicationShutdownHook] o.s.c.n.e.s.EurekaServiceRegistry : Unregistering application BANK-SERVICE with eureka with status DOWN
2026-03-15 10:18:24.461 INFO  [SpringApplicationShutdownHook] c.netflix.discovery.DiscoveryClient : Saw local status change event StatusChangeEvent [timestamp=1773548304461, current=DOWN, previous=UP]
2026-03-15 10:18:24.461 INFO  [DiscoveryClient-InstanceInfoReplicator-%d] c.netflix.discovery.DiscoveryClient : DiscoveryClient_BANK-SERVICE/bank-service:9091: registering service...
2026-03-15 10:18:24.461 DEBUG [DiscoveryClient-InstanceInfoReplicator-%d] o.s.web.client.RestTemplate : HTTP POST http://localhost:8761/eureka/apps/BANK-SERVICE
2026-03-15 10:18:24.462 DEBUG [DiscoveryClient-InstanceInfoReplicator-%d] o.s.web.client.RestTemplate : Accept=[application/json, application/*+json]
2026-03-15 10:18:24.462 DEBUG [DiscoveryClient-InstanceInfoReplicator-%d] o.s.web.client.RestTemplate : Writing [InstanceInfo [instanceId = bank-service:9091, appName = BANK-SERVICE, hostName = 192.168.1.136, status = DOWN, ipAddr = 192.168.1.136, port = 9091, securePort = 443, dataCenterInfo = com.netflix.appinfo.MyDataCenterInfo@7a873f6] as "application/json"
2026-03-15 10:18:24.463 DEBUG [SpringApplicationShutdownHook] n.d.b.g.s.s.GrpcServerLifecycle : Initiating gRPC server shutdown
2026-03-15 10:18:24.470 INFO  [SpringApplicationShutdownHook] n.d.b.g.s.s.GrpcServerLifecycle : Completed gRPC server shutdown
2026-03-15 10:18:24.470 DEBUG [SpringApplicationShutdownHook] o.s.a.r.l.SimpleMessageListenerContainer : Shutting down Rabbit listener container
2026-03-15 10:18:24.473 DEBUG [pool-5-thread-5] o.s.a.r.l.BlockingQueueConsumer : Received cancelOk for tag amq.ctag-2ReYdRyhxEkLceQMvSoqtQ (bank.account.update.queue); Consumer@249c96cf: tags=[[amq.ctag-2ReYdRyhxEkLceQMvSoqtQ]], channel=Cached Rabbit Channel: PublisherCallbackChannelImpl: AMQChannel(amqp://fundtransfer@127.0.0.1:5672/fundtransfer,1), conn: Proxy@5345b68c Shared Rabbit Connection: SimpleConnection@4947b8a7 [delegate=amqp://fundtransfer@127.0.0.1:5672/fundtransfer, localPort=63311], acknowledgeMode=MANUAL local queue size=0
2026-03-15 10:18:24.473 DEBUG [SpringApplicationShutdownHook] o.s.a.r.l.SimpleMessageListenerContainer : Shutting down Rabbit listener container
2026-03-15 10:18:24.473 INFO  [org.springframework.amqp.rabbit.RabbitListenerEndpointContainer#0-2] o.s.a.r.l.SimpleMessageListenerContainer : Waiting for workers to finish.
2026-03-15 10:18:24.474 DEBUG [pool-5-thread-6] o.s.a.r.l.BlockingQueueConsumer : Received cancelOk for tag amq.ctag-PvYkvdl_BpoFaVMfgKvdsA (bank.account.create.queue); Consumer@4cf5cf47: tags=[[amq.ctag-PvYkvdl_BpoFaVMfgKvdsA]], channel=Cached Rabbit Channel: PublisherCallbackChannelImpl: AMQChannel(amqp://fundtransfer@127.0.0.1:5672/fundtransfer,2), conn: Proxy@5345b68c Shared Rabbit Connection: SimpleConnection@4947b8a7 [delegate=amqp://fundtransfer@127.0.0.1:5672/fundtransfer, localPort=63311], acknowledgeMode=MANUAL local queue size=0
2026-03-15 10:18:24.474 INFO  [org.springframework.amqp.rabbit.RabbitListenerEndpointContainer#1-2] o.s.a.r.l.SimpleMessageListenerContainer : Waiting for workers to finish.
2026-03-15 10:18:24.478 DEBUG [DiscoveryClient-InstanceInfoReplicator-%d] o.s.web.client.RestTemplate : Response 204 NO_CONTENT
2026-03-15 10:18:24.478 INFO  [DiscoveryClient-InstanceInfoReplicator-%d] c.netflix.discovery.DiscoveryClient : DiscoveryClient_BANK-SERVICE/bank-service:9091 - registration status: 204
2026-03-15 10:18:24.507 INFO  [org.springframework.amqp.rabbit.RabbitListenerEndpointContainer#0-2] o.s.a.r.l.SimpleMessageListenerContainer : Successfully waited for workers to finish.
2026-03-15 10:18:24.507 DEBUG [org.springframework.amqp.rabbit.RabbitListenerEndpointContainer#0-1] o.s.a.r.l.SimpleMessageListenerContainer : Cancelling Consumer@249c96cf: tags=[[amq.ctag-2ReYdRyhxEkLceQMvSoqtQ]], channel=Cached Rabbit Channel: PublisherCallbackChannelImpl: AMQChannel(amqp://fundtransfer@127.0.0.1:5672/fundtransfer,1), conn: Proxy@5345b68c Shared Rabbit Connection: SimpleConnection@4947b8a7 [delegate=amqp://fundtransfer@127.0.0.1:5672/fundtransfer, localPort=63311], acknowledgeMode=MANUAL local queue size=0
2026-03-15 10:18:24.508 DEBUG [org.springframework.amqp.rabbit.RabbitListenerEndpointContainer#0-1] o.s.a.r.l.BlockingQueueConsumer : Closing Rabbit Channel: Cached Rabbit Channel: PublisherCallbackChannelImpl: AMQChannel(amqp://fundtransfer@127.0.0.1:5672/fundtransfer,1), conn: Proxy@5345b68c Shared Rabbit Connection: SimpleConnection@4947b8a7 [delegate=amqp://fundtransfer@127.0.0.1:5672/fundtransfer, localPort=63311]
2026-03-15 10:18:24.508 DEBUG [org.springframework.amqp.rabbit.RabbitListenerEndpointContainer#0-1] o.s.a.r.c.CachingConnectionFactory : Closing cached Channel: PublisherCallbackChannelImpl: AMQChannel(amqp://fundtransfer@127.0.0.1:5672/fundtransfer,1)
2026-03-15 10:18:24.508 DEBUG [rabbitConnectionFactory1] o.s.a.r.c.PublisherCallbackChannelImpl : Closing AMQChannel(amqp://fundtransfer@127.0.0.1:5672/fundtransfer,1)
2026-03-15 10:18:24.511 DEBUG [rabbitConnectionFactory2] o.s.amqp.rabbit.core.RabbitTemplate : Removed publisher confirm channel: PublisherCallbackChannelImpl: AMQChannel(amqp://fundtransfer@127.0.0.1:5672/fundtransfer,1) from map, size now 1
2026-03-15 10:18:24.511 DEBUG [rabbitConnectionFactory2] o.s.a.r.c.PublisherCallbackChannelImpl : PendingConfirms cleared
2026-03-15 10:18:24.511 DEBUG [rabbitConnectionFactory3] o.s.a.r.c.PublisherCallbackChannelImpl : PendingConfirms cleared
2026-03-15 10:18:25.159 INFO  [org.springframework.amqp.rabbit.RabbitListenerEndpointContainer#1-2] o.s.a.r.l.SimpleMessageListenerContainer : Successfully waited for workers to finish.
2026-03-15 10:18:25.159 DEBUG [org.springframework.amqp.rabbit.RabbitListenerEndpointContainer#1-1] o.s.a.r.l.SimpleMessageListenerContainer : Cancelling Consumer@4cf5cf47: tags=[[amq.ctag-PvYkvdl_BpoFaVMfgKvdsA]], channel=Cached Rabbit Channel: PublisherCallbackChannelImpl: AMQChannel(amqp://fundtransfer@127.0.0.1:5672/fundtransfer,2), conn: Proxy@5345b68c Shared Rabbit Connection: SimpleConnection@4947b8a7 [delegate=amqp://fundtransfer@127.0.0.1:5672/fundtransfer, localPort=63311], acknowledgeMode=MANUAL local queue size=0
2026-03-15 10:18:25.159 DEBUG [org.springframework.amqp.rabbit.RabbitListenerEndpointContainer#1-1] o.s.a.r.l.BlockingQueueConsumer : Closing Rabbit Channel: Cached Rabbit Channel: PublisherCallbackChannelImpl: AMQChannel(amqp://fundtransfer@127.0.0.1:5672/fundtransfer,2), conn: Proxy@5345b68c Shared Rabbit Connection: SimpleConnection@4947b8a7 [delegate=amqp://fundtransfer@127.0.0.1:5672/fundtransfer, localPort=63311]
2026-03-15 10:18:25.159 DEBUG [org.springframework.amqp.rabbit.RabbitListenerEndpointContainer#1-1] o.s.a.r.c.CachingConnectionFactory : Closing cached Channel: PublisherCallbackChannelImpl: AMQChannel(amqp://fundtransfer@127.0.0.1:5672/fundtransfer,2)
2026-03-15 10:18:25.159 DEBUG [rabbitConnectionFactory3] o.s.a.r.c.PublisherCallbackChannelImpl : Closing AMQChannel(amqp://fundtransfer@127.0.0.1:5672/fundtransfer,2)
2026-03-15 10:18:25.160 INFO  [SpringApplicationShutdownHook] o.s.b.w.e.netty.GracefulShutdown : Commencing graceful shutdown. Waiting for active requests to complete
2026-03-15 10:18:25.161 DEBUG [rabbitConnectionFactory2] o.s.amqp.rabbit.core.RabbitTemplate : Removed publisher confirm channel: PublisherCallbackChannelImpl: AMQChannel(amqp://fundtransfer@127.0.0.1:5672/fundtransfer,2) from map, size now 0
2026-03-15 10:18:25.161 DEBUG [rabbitConnectionFactory2] o.s.a.r.c.PublisherCallbackChannelImpl : PendingConfirms cleared
2026-03-15 10:18:25.161 DEBUG [rabbitConnectionFactory1] o.s.a.r.c.PublisherCallbackChannelImpl : PendingConfirms cleared
2026-03-15 10:18:25.162 INFO  [netty-shutdown] o.s.b.w.e.netty.GracefulShutdown : Graceful shutdown complete
2026-03-15 10:18:27.215 DEBUG [SpringApplicationShutdownHook] o.s.a.r.c.CachingConnectionFactory : Closing cached Channel: PublisherCallbackChannelImpl: AMQChannel(amqp://fundtransfer@127.0.0.1:5672/fundtransfer,3)
2026-03-15 10:18:27.215 DEBUG [SpringApplicationShutdownHook] o.s.a.r.c.PublisherCallbackChannelImpl : Closing AMQChannel(amqp://fundtransfer@127.0.0.1:5672/fundtransfer,3)
2026-03-15 10:18:27.217 DEBUG [rabbitConnectionFactory1] o.s.amqp.rabbit.core.RabbitTemplate : Removed publisher confirm channel: PublisherCallbackChannelImpl: AMQChannel(amqp://fundtransfer@127.0.0.1:5672/fundtransfer,3) from map, size now 0
2026-03-15 10:18:27.217 DEBUG [rabbitConnectionFactory1] o.s.a.r.c.PublisherCallbackChannelImpl : PendingConfirms cleared
2026-03-15 10:18:27.217 DEBUG [rabbitConnectionFactory2] o.s.a.r.c.PublisherCallbackChannelImpl : PendingConfirms cleared
2026-03-15 10:18:27.221 DEBUG [SpringApplicationShutdownHook] o.s.a.r.l.SimpleMessageListenerContainer : Shutdown ignored - container is not active already
2026-03-15 10:18:27.222 DEBUG [SpringApplicationShutdownHook] o.s.a.r.l.SimpleMessageListenerContainer : Shutdown ignored - container is not active already
2026-03-15 10:18:27.222 DEBUG [SpringApplicationShutdownHook] n.d.b.g.c.c.AbstractChannelFactory : GrpcChannelFactory closed (including 0 channels)
2026-03-15 10:18:27.222 DEBUG [SpringApplicationShutdownHook] n.d.b.g.c.c.AbstractChannelFactory : GrpcChannelFactory closed (including 0 channels)
2026-03-15 10:18:27.232 DEBUG [SpringApplicationShutdownHook] i.r.p.client.ReactorNettyClient : [cid: 0x1][pid: 26180] Request:  Terminate{}
2026-03-15 10:18:27.232 DEBUG [SpringApplicationShutdownHook] i.r.p.client.ReactorNettyClient : [cid: 0x2][pid: 14756] Request:  Terminate{}
2026-03-15 10:18:27.232 DEBUG [SpringApplicationShutdownHook] i.r.p.client.ReactorNettyClient : [cid: 0x3][pid: 25524] Request:  Terminate{}
2026-03-15 10:18:27.232 DEBUG [SpringApplicationShutdownHook] i.r.p.client.ReactorNettyClient : [cid: 0x4][pid: 15568] Request:  Terminate{}
2026-03-15 10:18:27.232 DEBUG [SpringApplicationShutdownHook] i.r.p.client.ReactorNettyClient : [cid: 0x5][pid: 15968] Request:  Terminate{}
2026-03-15 10:18:27.233 INFO  [SpringApplicationShutdownHook] c.netflix.discovery.DiscoveryClient : Shutting down DiscoveryClient ...
2026-03-15 10:18:27.718 DEBUG [DiscoveryClient-CacheRefreshExecutor-%d] o.s.web.client.RestTemplate : HTTP GET http://localhost:8761/eureka/apps/delta
2026-03-15 10:18:27.718 DEBUG [DiscoveryClient-CacheRefreshExecutor-%d] o.s.web.client.RestTemplate : Accept=[application/json, application/*+json]
2026-03-15 10:18:27.735 DEBUG [DiscoveryClient-CacheRefreshExecutor-%d] o.s.web.client.RestTemplate : Response 200 OK
2026-03-15 10:18:27.735 DEBUG [DiscoveryClient-CacheRefreshExecutor-%d] o.s.web.client.RestTemplate : Reading to [org.springframework.cloud.netflix.eureka.http.EurekaApplications]
2026-03-15 10:18:27.795 DEBUG [DiscoveryClient-HeartbeatExecutor-%d] o.s.web.client.RestTemplate : HTTP PUT http://localhost:8761/eureka/apps/BANK-SERVICE/bank-service:9091?status=DOWN&lastDirtyTimestamp=1773548304461
2026-03-15 10:18:27.795 DEBUG [DiscoveryClient-HeartbeatExecutor-%d] o.s.web.client.RestTemplate : Accept=[application/json, application/*+json]
2026-03-15 10:18:27.800 DEBUG [DiscoveryClient-HeartbeatExecutor-%d] o.s.web.client.RestTemplate : Response 200 OK
2026-03-15 10:18:30.241 INFO  [SpringApplicationShutdownHook] c.netflix.discovery.DiscoveryClient : Unregistering ...
2026-03-15 10:18:30.241 WARN  [DiscoveryClient-%d] c.n.discovery.TimedSupervisorTask : task supervisor shutting down, can't accept the task
2026-03-15 10:18:30.242 DEBUG [SpringApplicationShutdownHook] o.s.web.client.RestTemplate : HTTP DELETE http://localhost:8761/eureka/apps/BANK-SERVICE/bank-service:9091
2026-03-15 10:18:30.242 DEBUG [SpringApplicationShutdownHook] o.s.web.client.RestTemplate : Accept=[application/json, application/*+json]
2026-03-15 10:18:30.259 DEBUG [SpringApplicationShutdownHook] o.s.web.client.RestTemplate : Response 200 OK
2026-03-15 10:18:30.259 INFO  [SpringApplicationShutdownHook] c.netflix.discovery.DiscoveryClient : DiscoveryClient_BANK-SERVICE/bank-service:9091 - deregister  status: 200
2026-03-15 10:18:30.259 INFO  [SpringApplicationShutdownHook] c.netflix.discovery.DiscoveryClient : Completed shut down of DiscoveryClient
2026-03-15 10:18:33.859 INFO  [main] c.f.t.b.s.FundTransferBankServiceApplication : Starting FundTransferBankServiceApplication using Java 21.0.9 with PID 26520 (D:\Learning\FundTransfer\FundTransfer\FundTransferBankService\target\classes started by CRYSTAL TECHNOLOGY in D:\Learning\FundTransfer\FundTransfer)
2026-03-15 10:18:33.860 DEBUG [main] c.f.t.b.s.FundTransferBankServiceApplication : Running with Spring Boot v3.4.1, Spring v6.2.1
2026-03-15 10:18:33.860 INFO  [main] c.f.t.b.s.FundTransferBankServiceApplication : The following 1 profile is active: "dev"
2026-03-15 10:18:34.869 INFO  [main] o.s.d.r.c.RepositoryConfigurationDelegate : Multiple Spring Data modules found, entering strict repository configuration mode
2026-03-15 10:18:34.871 INFO  [main] o.s.d.r.c.RepositoryConfigurationDelegate : Bootstrapping Spring Data R2DBC repositories in DEFAULT mode.
2026-03-15 10:18:35.034 INFO  [main] o.s.d.r.c.RepositoryConfigurationDelegate : Finished Spring Data repository scanning in 157 ms. Found 2 R2DBC repository interfaces.
2026-03-15 10:18:35.047 INFO  [main] o.s.d.r.c.RepositoryConfigurationDelegate : Multiple Spring Data modules found, entering strict repository configuration mode
2026-03-15 10:18:35.048 INFO  [main] o.s.d.r.c.RepositoryConfigurationDelegate : Bootstrapping Spring Data Redis repositories in DEFAULT mode.
2026-03-15 10:18:35.070 INFO  [main] o.s.d.r.c.RepositoryConfigurationExtensionSupport : Spring Data Redis - Could not safely identify store assignment for repository candidate interface com.fund.transfer.bank.service.data.bankaccount.BankAccountRepository; If you want this repository to be a Redis repository, consider annotating your entities with one of these annotations: org.springframework.data.redis.core.RedisHash (preferred), or consider extending one of the following types with your repository: org.springframework.data.keyvalue.repository.KeyValueRepository
2026-03-15 10:18:35.070 INFO  [main] o.s.d.r.c.RepositoryConfigurationExtensionSupport : Spring Data Redis - Could not safely identify store assignment for repository candidate interface com.fund.transfer.bank.service.data.bank.BankRepository; If you want this repository to be a Redis repository, consider annotating your entities with one of these annotations: org.springframework.data.redis.core.RedisHash (preferred), or consider extending one of the following types with your repository: org.springframework.data.keyvalue.repository.KeyValueRepository
2026-03-15 10:18:35.070 INFO  [main] o.s.d.r.c.RepositoryConfigurationDelegate : Finished Spring Data repository scanning in 13 ms. Found 0 Redis repository interfaces.
2026-03-15 10:18:35.235 INFO  [main] o.s.cloud.context.scope.GenericScope : BeanFactory id=0b790488-7bf5-3dbe-a449-ddc56089ec00
2026-03-15 10:18:35.625 DEBUG [main] io.r2dbc.postgresql.Extensions : Discovering Extensions using ServiceLoader
2026-03-15 10:18:35.626 DEBUG [main] io.r2dbc.postgresql.Extensions : Registering extension io.r2dbc.postgresql.codec.BuiltinDynamicCodecs
2026-03-15 10:18:36.210 INFO  [main] c.f.t.b.s.g.schema.SchemaInitializer : ╔══════════════════════════════════════════╗
2026-03-15 10:18:36.210 INFO  [main] c.f.t.b.s.g.schema.SchemaInitializer : ║   User Service Schema Initialization...  ║
2026-03-15 10:18:36.210 INFO  [main] c.f.t.b.s.g.schema.SchemaInitializer : ╚══════════════════════════════════════════╝
2026-03-15 10:18:36.211 INFO  [main] c.f.t.b.s.g.schema.SchemaInitializer : Checking schema 'banking_service'...
2026-03-15 10:18:36.310 INFO  [main] c.f.t.b.s.g.schema.SchemaInitializer : Schema 'banking_service' already exists — skipping
2026-03-15 10:18:36.646 INFO  [main] c.f.t.b.s.g.schema.LiquibaseConfig : Liquibase configured — schema: banking_service, changelog: classpath:db/changelog/db.changelog-master.xml
2026-03-15 10:18:37.257 DEBUG [main] liquibase.executor : Changelog query completed.
2026-03-15 10:18:37.262 INFO  [main] liquibase.changelog : Reading from banking_service.databasechangelog
2026-03-15 10:18:37.265 DEBUG [main] liquibase.executor : Changelog query completed.
2026-03-15 10:18:37.270 DEBUG [main] liquibase.executor : Changelog query completed.
2026-03-15 10:18:37.301 DEBUG [main] liquibase.changelog : Fast check found no un-run changesets
2026-03-15 10:18:37.301 INFO  [main] liquibase.ui : Database is up to date, no changesets to execute
2026-03-15 10:18:37.302 INFO  [main] liquibase.changelog : Reading from banking_service.databasechangelog
2026-03-15 10:18:37.303 DEBUG [main] liquibase.executor : Changelog query completed.
2026-03-15 10:18:37.309 INFO  [main] liquibase.util : UPDATE SUMMARY
2026-03-15 10:18:37.309 INFO  [main] liquibase.util : Run:                          0
2026-03-15 10:18:37.309 INFO  [main] liquibase.util : Previously run:               8
2026-03-15 10:18:37.309 INFO  [main] liquibase.util : Filtered out:                 0
2026-03-15 10:18:37.309 INFO  [main] liquibase.util : -------------------------------
2026-03-15 10:18:37.309 INFO  [main] liquibase.util : Total change sets:            8
2026-03-15 10:18:37.310 INFO  [main] liquibase.util : Update summary generated
2026-03-15 10:18:37.311 INFO  [main] liquibase.command : Command execution complete
2026-03-15 10:18:37.331 INFO  [main] o.s.b.a.s.r.ReactiveUserDetailsServiceAutoConfiguration : 

Using generated security password: 3bee8854-3ffe-4957-ab56-88c7f70f122e

2026-03-15 10:18:37.425 DEBUG [main] o.s.w.r.r.m.a.RequestMappingHandlerMapping : 10 mappings in 'requestMappingHandlerMapping'
2026-03-15 10:18:37.444 INFO  [main] o.s.b.f.a.AutowiredAnnotationBeanPostProcessor : Inconsistent constructor declaration on bean with name '_reactiveMethodSecurityConfiguration': single autowire-marked constructor flagged as optional - this constructor is effectively required since there is no default constructor to fall back to: org.springframework.security.config.annotation.method.configuration.ReactiveAuthorizationManagerMethodSecurityConfiguration(org.springframework.security.access.expression.method.MethodSecurityExpressionHandler,org.springframework.beans.factory.ObjectProvider,org.springframework.beans.factory.ObjectProvider)
2026-03-15 10:18:37.672 INFO  [main] n.d.b.g.c.a.GrpcClientAutoConfiguration : Detected grpc-netty-shaded: Creating ShadedNettyChannelFactory + InProcessChannelFactory
2026-03-15 10:18:37.898 INFO  [main] o.s.b.a.e.web.EndpointLinksResolver : Exposing 4 endpoints beneath base path '/internal/actuator'
2026-03-15 10:18:37.962 DEBUG [main] o.s.w.r.r.m.a.ControllerMethodResolver : ControllerAdvice beans: 0 @ModelAttribute, 0 @InitBinder, 1 @ExceptionHandler
2026-03-15 10:18:38.010 DEBUG [main] o.s.w.s.a.HttpWebHandlerAdapter : enableLoggingRequestDetails='false': form data and headers will be masked to prevent unsafe logging of potentially sensitive data
2026-03-15 10:18:38.075 INFO  [main] o.s.c.n.e.c.DiscoveryClientOptionalArgsConfiguration : Eureka HTTP Client uses RestTemplate.
2026-03-15 10:18:38.101 DEBUG [main] n.d.b.g.s.a.GrpcServerMetricAutoConfiguration : Pre-Registering service metrics
2026-03-15 10:18:38.101 DEBUG [main] n.d.b.g.s.a.GrpcServerMetricAutoConfiguration : - com.fund.transfer.bank.service.global.grpc.service.BankAccountGrpcServer@35d44cd3
2026-03-15 10:18:38.107 DEBUG [main] n.d.b.g.s.a.GrpcServerMetricAutoConfiguration : - io.grpc.protobuf.services.HealthServiceImpl@7f5b0926
2026-03-15 10:18:38.107 DEBUG [main] n.d.b.g.s.a.GrpcServerMetricAutoConfiguration : - io.grpc.protobuf.services.ProtoReflectionService@25af2afe
2026-03-15 10:18:38.118 INFO  [main] n.d.b.g.s.a.GrpcServerFactoryAutoConfiguration : Detected grpc-netty-shaded: Creating ShadedNettyGrpcServerFactory
2026-03-15 10:18:38.135 DEBUG [main] n.d.b.g.s.i.AnnotationGlobalServerInterceptorConfigurer : Registering GlobalServerInterceptor: metricCollectingServerInterceptor (io.micrometer.core.instrument.binder.grpc.MetricCollectingServerInterceptor@e38b953)
2026-03-15 10:18:38.136 DEBUG [main] n.d.b.g.s.i.AnnotationGlobalServerInterceptorConfigurer : Registering GlobalServerInterceptor: grpcRequestScope (net.devh.boot.grpc.server.scope.GrpcRequestScope@4a648b35)
2026-03-15 10:18:38.136 DEBUG [main] n.d.b.g.s.i.AnnotationGlobalServerInterceptorConfigurer : Registering GlobalServerInterceptor: globalObservationGrpcServerInterceptorConfigurer (io.micrometer.core.instrument.binder.grpc.ObservationGrpcServerInterceptor@673a702a)
2026-03-15 10:18:38.142 DEBUG [main] n.d.b.g.s.s.AnnotationGrpcServiceDiscoverer : Found gRPC service: bank.account.BankAccountService, bean: bankAccountGrpcServer, class: com.fund.transfer.bank.service.global.grpc.service.BankAccountGrpcServer
2026-03-15 10:18:38.142 DEBUG [main] n.d.b.g.s.s.AnnotationGrpcServiceDiscoverer : Found gRPC service: grpc.health.v1.Health, bean: grpcHealthService, class: io.grpc.protobuf.services.HealthServiceImpl
2026-03-15 10:18:38.142 DEBUG [main] n.d.b.g.s.s.AnnotationGrpcServiceDiscoverer : Found gRPC service: grpc.reflection.v1alpha.ServerReflection, bean: protoReflectionService, class: io.grpc.protobuf.services.ProtoReflectionService
2026-03-15 10:18:38.503 WARN  [main] o.s.c.l.c.LoadBalancerCacheAutoConfiguration$LoadBalancerCaffeineWarnLogger : Spring Cloud LoadBalancer is currently working with the default cache. While this cache implementation is useful for development and tests, it's recommended to use Caffeine cache in production.You can switch to using Caffeine cache, by adding it and org.springframework.cache.caffeine.CaffeineCacheManager to the classpath.
2026-03-15 10:18:38.541 DEBUG [main] o.s.a.r.l.a.MessagingMessageListenerAdapter : Inferred argument type for public void com.fund.transfer.bank.service.global.messaging.bankaccount.consumer.BankAccountEventConsumer.saveBankAccountConsume(com.fund.transfer.bank.service.global.messaging.bankaccount.model.BankAccountMessage,long,com.rabbitmq.client.Channel) throws java.io.IOException is class com.fund.transfer.bank.service.global.messaging.bankaccount.model.BankAccountMessage
2026-03-15 10:18:38.549 DEBUG [main] o.s.a.r.l.SimpleMessageListenerContainer : No global properties bean
2026-03-15 10:18:38.549 DEBUG [main] o.s.a.r.l.SimpleMessageListenerContainer : No global properties bean
2026-03-15 10:18:38.550 DEBUG [main] o.s.a.r.l.a.BatchMessagingMessageListenerAdapter : Inferred argument type for public void com.fund.transfer.bank.service.global.messaging.bankaccount.consumer.BankAccountEventConsumer.updateBankAccountConsume(java.util.List,com.rabbitmq.client.Channel) throws java.io.IOException is class org.springframework.amqp.core.Message
2026-03-15 10:18:38.550 DEBUG [main] o.s.a.r.l.SimpleMessageListenerContainer : No global properties bean
2026-03-15 10:18:38.550 DEBUG [main] o.s.a.r.l.SimpleMessageListenerContainer : No global properties bean
2026-03-15 10:18:38.582 INFO  [main] o.s.c.n.eureka.InstanceInfoFactory : Setting initial instance status as: STARTING
2026-03-15 10:18:38.598 INFO  [main] c.netflix.discovery.DiscoveryClient : Initializing Eureka in region us-east-1
2026-03-15 10:18:38.602 INFO  [main] c.n.d.s.r.aws.ConfigClusterResolver : Resolving eureka endpoints via configuration
2026-03-15 10:18:38.608 INFO  [main] c.netflix.discovery.DiscoveryClient : Disable delta property : false
2026-03-15 10:18:38.608 INFO  [main] c.netflix.discovery.DiscoveryClient : Single vip registry refresh property : null
2026-03-15 10:18:38.608 INFO  [main] c.netflix.discovery.DiscoveryClient : Force full registry fetch : false
2026-03-15 10:18:38.609 INFO  [main] c.netflix.discovery.DiscoveryClient : Application is null : false
2026-03-15 10:18:38.609 INFO  [main] c.netflix.discovery.DiscoveryClient : Registered Applications size is zero : true
2026-03-15 10:18:38.609 INFO  [main] c.netflix.discovery.DiscoveryClient : Application version is -1: true
2026-03-15 10:18:38.609 INFO  [main] c.netflix.discovery.DiscoveryClient : Getting all instance registry info from the eureka server
2026-03-15 10:18:38.683 DEBUG [main] o.s.web.client.RestTemplate : HTTP GET http://localhost:8761/eureka/apps/
2026-03-15 10:18:38.797 DEBUG [main] o.s.web.client.RestTemplate : Accept=[application/json, application/*+json]
2026-03-15 10:18:38.852 DEBUG [main] o.s.web.client.RestTemplate : Response 200 OK
2026-03-15 10:18:38.854 DEBUG [main] o.s.web.client.RestTemplate : Reading to [org.springframework.cloud.netflix.eureka.http.EurekaApplications]
2026-03-15 10:18:38.890 INFO  [main] c.netflix.discovery.DiscoveryClient : The response status is 200
2026-03-15 10:18:38.892 INFO  [main] c.netflix.discovery.DiscoveryClient : Starting heartbeat executor: renew interval is: 15
2026-03-15 10:18:38.894 INFO  [main] c.n.discovery.InstanceInfoReplicator : InstanceInfoReplicator onDemand update allowed rate per min is 4
2026-03-15 10:18:38.895 INFO  [main] c.netflix.discovery.DiscoveryClient : Discovery Client initialized at timestamp 1773548318895 with initial instances count: 3
2026-03-15 10:18:38.901 INFO  [main] o.s.c.n.e.s.EurekaServiceRegistry : Registering application BANK-SERVICE with eureka with status UP
2026-03-15 10:18:38.901 INFO  [main] c.netflix.discovery.DiscoveryClient : Saw local status change event StatusChangeEvent [timestamp=1773548318901, current=UP, previous=STARTING]
2026-03-15 10:18:38.903 INFO  [DiscoveryClient-InstanceInfoReplicator-%d] c.netflix.discovery.DiscoveryClient : DiscoveryClient_BANK-SERVICE/bank-service:9091: registering service...
2026-03-15 10:18:38.907 DEBUG [DiscoveryClient-InstanceInfoReplicator-%d] o.s.web.client.RestTemplate : HTTP POST http://localhost:8761/eureka/apps/BANK-SERVICE
2026-03-15 10:18:38.908 DEBUG [DiscoveryClient-InstanceInfoReplicator-%d] o.s.web.client.RestTemplate : Accept=[application/json, application/*+json]
2026-03-15 10:18:38.923 DEBUG [DiscoveryClient-InstanceInfoReplicator-%d] o.s.web.client.RestTemplate : Writing [InstanceInfo [instanceId = bank-service:9091, appName = BANK-SERVICE, hostName = 192.168.1.136, status = UP, ipAddr = 192.168.1.136, port = 9091, securePort = 443, dataCenterInfo = com.netflix.appinfo.MyDataCenterInfo@7a873f6] as "application/json"
2026-03-15 10:18:38.943 DEBUG [DiscoveryClient-InstanceInfoReplicator-%d] o.s.web.client.RestTemplate : Response 204 NO_CONTENT
2026-03-15 10:18:38.944 INFO  [DiscoveryClient-InstanceInfoReplicator-%d] c.netflix.discovery.DiscoveryClient : DiscoveryClient_BANK-SERVICE/bank-service:9091 - registration status: 204
2026-03-15 10:18:38.978 INFO  [main] o.s.b.w.e.netty.NettyWebServer : Netty started on port 9091 (http)
2026-03-15 10:18:38.979 INFO  [main] o.s.c.n.e.s.EurekaAutoServiceRegistration : Updating port to 9091
2026-03-15 10:18:39.068 INFO  [main] n.d.b.g.s.s.AbstractGrpcServerFactory : Registered gRPC service: bank.account.BankAccountService, bean: bankAccountGrpcServer, class: com.fund.transfer.bank.service.global.grpc.service.BankAccountGrpcServer
2026-03-15 10:18:39.069 INFO  [main] n.d.b.g.s.s.AbstractGrpcServerFactory : Registered gRPC service: grpc.health.v1.Health, bean: grpcHealthService, class: io.grpc.protobuf.services.HealthServiceImpl
2026-03-15 10:18:39.069 INFO  [main] n.d.b.g.s.s.AbstractGrpcServerFactory : Registered gRPC service: grpc.reflection.v1alpha.ServerReflection, bean: protoReflectionService, class: io.grpc.protobuf.services.ProtoReflectionService
2026-03-15 10:18:39.220 INFO  [main] n.d.b.g.s.s.GrpcServerLifecycle : gRPC Server started, listening on address: *, port: 9191
2026-03-15 10:18:39.221 DEBUG [main] o.s.a.r.l.SimpleMessageListenerContainer : Starting Rabbit listener container.
2026-03-15 10:18:39.224 INFO  [main] o.s.a.r.c.CachingConnectionFactory : Attempting to connect to: [localhost:5672]
2026-03-15 10:18:39.267 INFO  [main] o.s.a.r.c.CachingConnectionFactory : Created new connection: rabbitConnectionFactory#1b9c716f:0/SimpleConnection@55b9ffd0 [delegate=amqp://fundtransfer@127.0.0.1:5672/fundtransfer, localPort=63449]
2026-03-15 10:18:39.271 DEBUG [main] o.s.amqp.rabbit.core.RabbitAdmin : Initializing declarations
2026-03-15 10:18:39.287 DEBUG [main] o.s.a.r.c.CachingConnectionFactory : Creating cached Rabbit Channel from PublisherCallbackChannelImpl: AMQChannel(amqp://fundtransfer@127.0.0.1:5672/fundtransfer,1)
2026-03-15 10:18:39.296 DEBUG [main] o.s.a.r.c.PublisherCallbackChannelImpl : Added listener org.springframework.amqp.rabbit.core.RabbitTemplate@2acf3108
2026-03-15 10:18:39.297 DEBUG [main] o.s.amqp.rabbit.core.RabbitTemplate : Added publisher confirm channel: Cached Rabbit Channel: PublisherCallbackChannelImpl: AMQChannel(amqp://fundtransfer@127.0.0.1:5672/fundtransfer,1), conn: Proxy@44b860b1 Shared Rabbit Connection: SimpleConnection@55b9ffd0 [delegate=amqp://fundtransfer@127.0.0.1:5672/fundtransfer, localPort=63449] to map, size now 1
2026-03-15 10:18:39.297 DEBUG [main] o.s.amqp.rabbit.core.RabbitTemplate : Executing callback RabbitAdmin$$Lambda/0x000001ff9fbd5400 on RabbitMQ Channel: Cached Rabbit Channel: PublisherCallbackChannelImpl: AMQChannel(amqp://fundtransfer@127.0.0.1:5672/fundtransfer,1), conn: Proxy@44b860b1 Shared Rabbit Connection: SimpleConnection@55b9ffd0 [delegate=amqp://fundtransfer@127.0.0.1:5672/fundtransfer, localPort=63449]
2026-03-15 10:18:39.297 DEBUG [main] o.s.amqp.rabbit.core.RabbitAdmin : declaring Exchange 'bank.account.exchange'
2026-03-15 10:18:39.302 DEBUG [main] o.s.amqp.rabbit.core.RabbitAdmin : declaring Queue 'bank.account.create.queue'
2026-03-15 10:18:39.307 DEBUG [main] o.s.amqp.rabbit.core.RabbitAdmin : declaring Queue 'bank.account.create.dlq'
2026-03-15 10:18:39.308 DEBUG [main] o.s.amqp.rabbit.core.RabbitAdmin : declaring Queue 'bank.account.update.queue'
2026-03-15 10:18:39.309 DEBUG [main] o.s.amqp.rabbit.core.RabbitAdmin : declaring Queue 'bank.account.update.dlq'
2026-03-15 10:18:39.311 DEBUG [main] o.s.amqp.rabbit.core.RabbitAdmin : Binding destination [bank.account.create.queue (QUEUE)] to exchange [bank.account.exchange] with routing key [bank.account.create]
2026-03-15 10:18:39.315 DEBUG [main] o.s.amqp.rabbit.core.RabbitAdmin : Binding destination [bank.account.create.dlq (QUEUE)] to exchange [bank.account.exchange] with routing key [bank.account.create.dead]
2026-03-15 10:18:39.318 DEBUG [main] o.s.amqp.rabbit.core.RabbitAdmin : Binding destination [bank.account.update.queue (QUEUE)] to exchange [bank.account.exchange] with routing key [bank.account.update]
2026-03-15 10:18:39.321 DEBUG [main] o.s.amqp.rabbit.core.RabbitAdmin : Binding destination [bank.account.update.dlq (QUEUE)] to exchange [bank.account.exchange] with routing key [bank.account.update.dead]
2026-03-15 10:18:39.325 DEBUG [main] o.s.amqp.rabbit.core.RabbitAdmin : Declarations finished
2026-03-15 10:18:39.334 DEBUG [org.springframework.amqp.rabbit.RabbitListenerEndpointContainer#0-1] o.s.amqp.rabbit.core.RabbitTemplate : Executing callback RabbitAdmin$$Lambda/0x000001ff9fbe46d8 on RabbitMQ Channel: Cached Rabbit Channel: PublisherCallbackChannelImpl: AMQChannel(amqp://fundtransfer@127.0.0.1:5672/fundtransfer,1), conn: Proxy@44b860b1 Shared Rabbit Connection: SimpleConnection@55b9ffd0 [delegate=amqp://fundtransfer@127.0.0.1:5672/fundtransfer, localPort=63449]
2026-03-15 10:18:39.339 DEBUG [org.springframework.amqp.rabbit.RabbitListenerEndpointContainer#0-1] o.s.a.r.l.BlockingQueueConsumer : Starting consumer Consumer@4cf5cf47: tags=[[]], channel=null, acknowledgeMode=MANUAL local queue size=0
2026-03-15 10:18:39.352 DEBUG [org.springframework.amqp.rabbit.RabbitListenerEndpointContainer#0-1] o.s.a.r.l.BlockingQueueConsumer : Started on queue 'bank.account.create.queue' with tag amq.ctag-4yzFmxT80vTthH9RUHA-2g: Consumer@4cf5cf47: tags=[[]], channel=Cached Rabbit Channel: PublisherCallbackChannelImpl: AMQChannel(amqp://fundtransfer@127.0.0.1:5672/fundtransfer,1), conn: Proxy@44b860b1 Shared Rabbit Connection: SimpleConnection@55b9ffd0 [delegate=amqp://fundtransfer@127.0.0.1:5672/fundtransfer, localPort=63449], acknowledgeMode=MANUAL local queue size=0
2026-03-15 10:18:39.352 DEBUG [pool-5-thread-3] o.s.a.r.l.BlockingQueueConsumer : ConsumeOK: Consumer@4cf5cf47: tags=[[amq.ctag-4yzFmxT80vTthH9RUHA-2g]], channel=Cached Rabbit Channel: PublisherCallbackChannelImpl: AMQChannel(amqp://fundtransfer@127.0.0.1:5672/fundtransfer,1), conn: Proxy@44b860b1 Shared Rabbit Connection: SimpleConnection@55b9ffd0 [delegate=amqp://fundtransfer@127.0.0.1:5672/fundtransfer, localPort=63449], acknowledgeMode=MANUAL local queue size=0
2026-03-15 10:18:39.352 DEBUG [main] o.s.a.r.l.SimpleMessageListenerContainer : Starting Rabbit listener container.
2026-03-15 10:18:39.357 DEBUG [org.springframework.amqp.rabbit.RabbitListenerEndpointContainer#1-1] o.s.a.r.c.CachingConnectionFactory : Creating cached Rabbit Channel from PublisherCallbackChannelImpl: AMQChannel(amqp://fundtransfer@127.0.0.1:5672/fundtransfer,2)
2026-03-15 10:18:39.357 DEBUG [org.springframework.amqp.rabbit.RabbitListenerEndpointContainer#1-1] o.s.a.r.c.PublisherCallbackChannelImpl : Added listener org.springframework.amqp.rabbit.core.RabbitTemplate@2acf3108
2026-03-15 10:18:39.357 DEBUG [org.springframework.amqp.rabbit.RabbitListenerEndpointContainer#1-1] o.s.amqp.rabbit.core.RabbitTemplate : Added publisher confirm channel: Cached Rabbit Channel: PublisherCallbackChannelImpl: AMQChannel(amqp://fundtransfer@127.0.0.1:5672/fundtransfer,2), conn: Proxy@44b860b1 Shared Rabbit Connection: SimpleConnection@55b9ffd0 [delegate=amqp://fundtransfer@127.0.0.1:5672/fundtransfer, localPort=63449] to map, size now 2
2026-03-15 10:18:39.357 DEBUG [org.springframework.amqp.rabbit.RabbitListenerEndpointContainer#1-1] o.s.amqp.rabbit.core.RabbitTemplate : Executing callback RabbitAdmin$$Lambda/0x000001ff9fbe46d8 on RabbitMQ Channel: Cached Rabbit Channel: PublisherCallbackChannelImpl: AMQChannel(amqp://fundtransfer@127.0.0.1:5672/fundtransfer,2), conn: Proxy@44b860b1 Shared Rabbit Connection: SimpleConnection@55b9ffd0 [delegate=amqp://fundtransfer@127.0.0.1:5672/fundtransfer, localPort=63449]
2026-03-15 10:18:39.358 DEBUG [org.springframework.amqp.rabbit.RabbitListenerEndpointContainer#1-1] o.s.a.r.l.BlockingQueueConsumer : Starting consumer Consumer@9af2a00: tags=[[]], channel=null, acknowledgeMode=MANUAL local queue size=0
2026-03-15 10:18:39.361 DEBUG [org.springframework.amqp.rabbit.RabbitListenerEndpointContainer#1-1] o.s.a.r.l.BlockingQueueConsumer : Started on queue 'bank.account.update.queue' with tag amq.ctag-ntVl0Vl4D4OkqI-ZFnitYg: Consumer@9af2a00: tags=[[]], channel=Cached Rabbit Channel: PublisherCallbackChannelImpl: AMQChannel(amqp://fundtransfer@127.0.0.1:5672/fundtransfer,2), conn: Proxy@44b860b1 Shared Rabbit Connection: SimpleConnection@55b9ffd0 [delegate=amqp://fundtransfer@127.0.0.1:5672/fundtransfer, localPort=63449], acknowledgeMode=MANUAL local queue size=0
2026-03-15 10:18:39.361 DEBUG [pool-5-thread-4] o.s.a.r.l.BlockingQueueConsumer : ConsumeOK: Consumer@9af2a00: tags=[[amq.ctag-ntVl0Vl4D4OkqI-ZFnitYg]], channel=Cached Rabbit Channel: PublisherCallbackChannelImpl: AMQChannel(amqp://fundtransfer@127.0.0.1:5672/fundtransfer,2), conn: Proxy@44b860b1 Shared Rabbit Connection: SimpleConnection@55b9ffd0 [delegate=amqp://fundtransfer@127.0.0.1:5672/fundtransfer, localPort=63449], acknowledgeMode=MANUAL local queue size=0
2026-03-15 10:18:39.376 INFO  [main] c.f.t.b.s.FundTransferBankServiceApplication : Started FundTransferBankServiceApplication in 5.915 seconds (process running for 6.575)
2026-03-15 10:18:39.581 DEBUG [RMI TCP Connection(3)-172.20.224.1] o.s.a.r.c.CachingConnectionFactory : Creating cached Rabbit Channel from PublisherCallbackChannelImpl: AMQChannel(amqp://fundtransfer@127.0.0.1:5672/fundtransfer,3)
2026-03-15 10:18:39.582 DEBUG [RMI TCP Connection(3)-172.20.224.1] o.s.a.r.c.PublisherCallbackChannelImpl : Added listener org.springframework.amqp.rabbit.core.RabbitTemplate@617619e9
2026-03-15 10:18:39.582 DEBUG [RMI TCP Connection(3)-172.20.224.1] o.s.amqp.rabbit.core.RabbitTemplate : Added publisher confirm channel: Cached Rabbit Channel: PublisherCallbackChannelImpl: AMQChannel(amqp://fundtransfer@127.0.0.1:5672/fundtransfer,3), conn: Proxy@44b860b1 Shared Rabbit Connection: SimpleConnection@55b9ffd0 [delegate=amqp://fundtransfer@127.0.0.1:5672/fundtransfer, localPort=63449] to map, size now 1
2026-03-15 10:18:39.582 DEBUG [RMI TCP Connection(3)-172.20.224.1] o.s.amqp.rabbit.core.RabbitTemplate : Executing callback RabbitHealthIndicator$$Lambda/0x000001ff9fbff6a0 on RabbitMQ Channel: Cached Rabbit Channel: PublisherCallbackChannelImpl: AMQChannel(amqp://fundtransfer@127.0.0.1:5672/fundtransfer,3), conn: Proxy@44b860b1 Shared Rabbit Connection: SimpleConnection@55b9ffd0 [delegate=amqp://fundtransfer@127.0.0.1:5672/fundtransfer, localPort=63449]
2026-03-15 10:18:40.206 DEBUG [reactor-tcp-nio-1] i.r.p.client.ReactorNettyClient : [cid: 0x1] Request:  StartupMessage{, database='fund-transfer', username='fund-transfer'}
2026-03-15 10:18:40.216 DEBUG [reactor-tcp-nio-1] i.r.p.client.ReactorNettyClient : [cid: 0x1] Response: AuthenticationSASL{authenticationMechanisms=[SCRAM-SHA-256]}
2026-03-15 10:18:40.227 DEBUG [reactor-tcp-nio-1] i.r.p.client.ReactorNettyClient : [cid: 0x1] Request:  SASLInitialResponse{initialResponse=java.nio.HeapByteBuffer[pos=0 lim=45 cap=49], name='SCRAM-SHA-256'}
2026-03-15 10:18:40.229 DEBUG [reactor-tcp-nio-1] i.r.p.client.ReactorNettyClient : [cid: 0x1] Response: AuthenticationSASLContinue{data=java.nio.HeapByteBuffer[pos=0 lim=84 cap=84]}
2026-03-15 10:18:40.245 DEBUG [reactor-tcp-nio-1] i.r.p.client.ReactorNettyClient : [cid: 0x1] Request:  SASLResponse{data=java.nio.HeapByteBuffer[pos=0 lim=104 cap=114]}
2026-03-15 10:18:40.248 DEBUG [reactor-tcp-nio-1] i.r.p.client.ReactorNettyClient : [cid: 0x1] Response: AuthenticationSASLFinal{additionalData=java.nio.HeapByteBuffer[pos=0 lim=46 cap=46]}
2026-03-15 10:18:40.249 DEBUG [reactor-tcp-nio-1] i.r.p.client.ReactorNettyClient : [cid: 0x1] Response: AuthenticationOk{}
2026-03-15 10:18:40.249 DEBUG [reactor-tcp-nio-1] i.r.p.client.ReactorNettyClient : [cid: 0x1] Response: ParameterStatus{name='in_hot_standby', value='off'}
2026-03-15 10:18:40.249 DEBUG [reactor-tcp-nio-1] i.r.p.client.ReactorNettyClient : [cid: 0x1] Response: ParameterStatus{name='integer_datetimes', value='on'}
2026-03-15 10:18:40.249 DEBUG [reactor-tcp-nio-1] i.r.p.client.ReactorNettyClient : [cid: 0x1] Response: ParameterStatus{name='TimeZone', value='Asia/Dhaka'}
2026-03-15 10:18:40.249 DEBUG [reactor-tcp-nio-1] i.r.p.client.ReactorNettyClient : [cid: 0x1] Response: ParameterStatus{name='IntervalStyle', value='postgres'}
2026-03-15 10:18:40.249 DEBUG [reactor-tcp-nio-1] i.r.p.client.ReactorNettyClient : [cid: 0x1] Response: ParameterStatus{name='search_path', value='banking_service'}
2026-03-15 10:18:40.249 DEBUG [reactor-tcp-nio-1] i.r.p.client.ReactorNettyClient : [cid: 0x1] Response: ParameterStatus{name='is_superuser', value='off'}
2026-03-15 10:18:40.249 DEBUG [reactor-tcp-nio-1] i.r.p.client.ReactorNettyClient : [cid: 0x1] Response: ParameterStatus{name='application_name', value='r2dbc-postgresql'}
2026-03-15 10:18:40.250 DEBUG [reactor-tcp-nio-1] i.r.p.client.ReactorNettyClient : [cid: 0x1] Response: ParameterStatus{name='default_transaction_read_only', value='off'}
2026-03-15 10:18:40.250 DEBUG [reactor-tcp-nio-1] i.r.p.client.ReactorNettyClient : [cid: 0x1] Response: ParameterStatus{name='scram_iterations', value='4096'}
2026-03-15 10:18:40.250 DEBUG [reactor-tcp-nio-1] i.r.p.client.ReactorNettyClient : [cid: 0x1] Response: ParameterStatus{name='DateStyle', value='ISO, MDY'}
2026-03-15 10:18:40.250 DEBUG [reactor-tcp-nio-1] i.r.p.client.ReactorNettyClient : [cid: 0x1] Response: ParameterStatus{name='standard_conforming_strings', value='on'}
2026-03-15 10:18:40.250 DEBUG [reactor-tcp-nio-1] i.r.p.client.ReactorNettyClient : [cid: 0x1] Response: ParameterStatus{name='session_authorization', value='fund-transfer'}
2026-03-15 10:18:40.250 DEBUG [reactor-tcp-nio-1] i.r.p.client.ReactorNettyClient : [cid: 0x1] Response: ParameterStatus{name='client_encoding', value='UTF8'}
2026-03-15 10:18:40.250 DEBUG [reactor-tcp-nio-1] i.r.p.client.ReactorNettyClient : [cid: 0x1] Response: ParameterStatus{name='server_version', value='18.0'}
2026-03-15 10:18:40.250 DEBUG [reactor-tcp-nio-1] i.r.p.client.ReactorNettyClient : [cid: 0x1] Response: ParameterStatus{name='server_encoding', value='UTF8'}
2026-03-15 10:18:40.250 DEBUG [reactor-tcp-nio-1] i.r.p.client.ReactorNettyClient : [cid: 0x1] Response: BackendKeyData{processId=21788, secretKey=634574589}
2026-03-15 10:18:40.251 DEBUG [reactor-tcp-nio-1] i.r.p.client.ReactorNettyClient : [cid: 0x1][pid: 21788] Response: ReadyForQuery{transactionStatus=IDLE}
2026-03-15 10:18:40.291 DEBUG [reactor-tcp-nio-1] io.r2dbc.postgresql.QUERY : [cid: 0x1][pid: 21788] Executing query: SHOW TRANSACTION ISOLATION LEVEL
2026-03-15 10:18:40.291 DEBUG [reactor-tcp-nio-1] i.r.p.client.ReactorNettyClient : [cid: 0x1][pid: 21788] Request:  Query{query='SHOW TRANSACTION ISOLATION LEVEL'}
2026-03-15 10:18:40.293 DEBUG [reactor-tcp-nio-1] i.r.p.client.ReactorNettyClient : [cid: 0x1][pid: 21788] Response: RowDescription{fields=[Field{column=0, dataType=25, dataTypeModifier=-1, dataTypeSize=-1, format=FORMAT_TEXT, name='transaction_isolation', table=0}]}
2026-03-15 10:18:40.296 DEBUG [reactor-tcp-nio-1] i.r.p.client.ReactorNettyClient : [cid: 0x1][pid: 21788] Response: DataRow{columns=[PooledSlicedByteBuf(ridx: 0, widx: 14, cap: 14/14, unwrapped: PooledUnsafeDirectByteBuf(ridx: 72, widx: 88, cap: 1024))]}
2026-03-15 10:18:40.298 DEBUG [reactor-tcp-nio-1] i.r.p.client.ReactorNettyClient : [cid: 0x1][pid: 21788] Response: CommandComplete{command=SHOW, rowId=null, rows=null}
2026-03-15 10:18:40.299 DEBUG [reactor-tcp-nio-1] i.r.p.client.ReactorNettyClient : [cid: 0x1][pid: 21788] Response: ReadyForQuery{transactionStatus=IDLE}
2026-03-15 10:18:40.300 DEBUG [reactor-tcp-nio-1] io.r2dbc.postgresql.QUERY : [cid: 0x1][pid: 21788] Executing query: SELECT oid, * FROM pg_catalog.pg_type WHERE typname IN ('hstore','geometry','vector')
2026-03-15 10:18:40.301 DEBUG [reactor-tcp-nio-1] i.r.p.client.ReactorNettyClient : [cid: 0x1][pid: 21788] Request:  Query{query='SELECT oid, * FROM pg_catalog.pg_type WHERE typname IN ('hstore','geometry','vector')'}
2026-03-15 10:18:40.305 DEBUG [reactor-tcp-nio-1] i.r.p.client.ReactorNettyClient : [cid: 0x1][pid: 21788] Response: RowDescription{fields=[Field{column=1, dataType=26, dataTypeModifier=-1, dataTypeSize=4, format=FORMAT_TEXT, name='oid', table=1247}, Field{column=1, dataType=26, dataTypeModifier=-1, dataTypeSize=4, format=FORMAT_TEXT, name='oid', table=1247}, Field{column=2, dataType=19, dataTypeModifier=-1, dataTypeSize=64, format=FORMAT_TEXT, name='typname', table=1247}, Field{column=3, dataType=26, dataTypeModifier=-1, dataTypeSize=4, format=FORMAT_TEXT, name='typnamespace', table=1247}, Field{column=4, dataType=26, dataTypeModifier=-1, dataTypeSize=4, format=FORMAT_TEXT, name='typowner', table=1247}, Field{column=5, dataType=21, dataTypeModifier=-1, dataTypeSize=2, format=FORMAT_TEXT, name='typlen', table=1247}, Field{column=6, dataType=16, dataTypeModifier=-1, dataTypeSize=1, format=FORMAT_TEXT, name='typbyval', table=1247}, Field{column=7, dataType=18, dataTypeModifier=-1, dataTypeSize=1, format=FORMAT_TEXT, name='typtype', table=1247}, Field{column=8, dataType=18, dataTypeModifier=-1, dataTypeSize=1, format=FORMAT_TEXT, name='typcategory', table=1247}, Field{column=9, dataType=16, dataTypeModifier=-1, dataTypeSize=1, format=FORMAT_TEXT, name='typispreferred', table=1247}, Field{column=10, dataType=16, dataTypeModifier=-1, dataTypeSize=1, format=FORMAT_TEXT, name='typisdefined', table=1247}, Field{column=11, dataType=18, dataTypeModifier=-1, dataTypeSize=1, format=FORMAT_TEXT, name='typdelim', table=1247}, Field{column=12, dataType=26, dataTypeModifier=-1, dataTypeSize=4, format=FORMAT_TEXT, name='typrelid', table=1247}, Field{column=13, dataType=24, dataTypeModifier=-1, dataTypeSize=4, format=FORMAT_TEXT, name='typsubscript', table=1247}, Field{column=14, dataType=26, dataTypeModifier=-1, dataTypeSize=4, format=FORMAT_TEXT, name='typelem', table=1247}, Field{column=15, dataType=26, dataTypeModifier=-1, dataTypeSize=4, format=FORMAT_TEXT, name='typarray', table=1247}, Field{column=16, dataType=24, dataTypeModifier=-1, dataTypeSize=4, format=FORMAT_TEXT, name='typinput', table=1247}, Field{column=17, dataType=24, dataTypeModifier=-1, dataTypeSize=4, format=FORMAT_TEXT, name='typoutput', table=1247}, Field{column=18, dataType=24, dataTypeModifier=-1, dataTypeSize=4, format=FORMAT_TEXT, name='typreceive', table=1247}, Field{column=19, dataType=24, dataTypeModifier=-1, dataTypeSize=4, format=FORMAT_TEXT, name='typsend', table=1247}, Field{column=20, dataType=24, dataTypeModifier=-1, dataTypeSize=4, format=FORMAT_TEXT, name='typmodin', table=1247}, Field{column=21, dataType=24, dataTypeModifier=-1, dataTypeSize=4, format=FORMAT_TEXT, name='typmodout', table=1247}, Field{column=22, dataType=24, dataTypeModifier=-1, dataTypeSize=4, format=FORMAT_TEXT, name='typanalyze', table=1247}, Field{column=23, dataType=18, dataTypeModifier=-1, dataTypeSize=1, format=FORMAT_TEXT, name='typalign', table=1247}, Field{column=24, dataType=18, dataTypeModifier=-1, dataTypeSize=1, format=FORMAT_TEXT, name='typstorage', table=1247}, Field{column=25, dataType=16, dataTypeModifier=-1, dataTypeSize=1, format=FORMAT_TEXT, name='typnotnull', table=1247}, Field{column=26, dataType=26, dataTypeModifier=-1, dataTypeSize=4, format=FORMAT_TEXT, name='typbasetype', table=1247}, Field{column=27, dataType=23, dataTypeModifier=-1, dataTypeSize=4, format=FORMAT_TEXT, name='typtypmod', table=1247}, Field{column=28, dataType=23, dataTypeModifier=-1, dataTypeSize=4, format=FORMAT_TEXT, name='typndims', table=1247}, Field{column=29, dataType=26, dataTypeModifier=-1, dataTypeSize=4, format=FORMAT_TEXT, name='typcollation', table=1247}, Field{column=30, dataType=194, dataTypeModifier=-1, dataTypeSize=-1, format=FORMAT_TEXT, name='typdefaultbin', table=1247}, Field{column=31, dataType=25, dataTypeModifier=-1, dataTypeSize=-1, format=FORMAT_TEXT, name='typdefault', table=1247}, Field{column=32, dataType=1034, dataTypeModifier=-1, dataTypeSize=-1, format=FORMAT_TEXT, name='typacl', table=1247}]}
2026-03-15 10:18:40.306 DEBUG [reactor-tcp-nio-1] i.r.p.client.ReactorNettyClient : [cid: 0x1][pid: 21788] Response: CommandComplete{command=SELECT, rowId=null, rows=0}
2026-03-15 10:18:40.306 DEBUG [reactor-tcp-nio-1] i.r.p.client.ReactorNettyClient : [cid: 0x1][pid: 21788] Response: ReadyForQuery{transactionStatus=IDLE}
2026-03-15 10:18:40.310 DEBUG [reactor-tcp-nio-1] io.r2dbc.pool.ConnectionPool : Obtaining new connection from the pool
2026-03-15 10:18:40.311 DEBUG [reactor-tcp-nio-2] i.r.p.client.ReactorNettyClient : [cid: 0x2] Request:  StartupMessage{, database='fund-transfer', username='fund-transfer'}
2026-03-15 10:18:40.311 DEBUG [reactor-tcp-nio-1] io.r2dbc.postgresql.QUERY : [cid: 0x1][pid: 21788] Executing query: SELECT 1
2026-03-15 10:18:40.312 DEBUG [reactor-tcp-nio-1] i.r.p.client.ReactorNettyClient : [cid: 0x1][pid: 21788] Request:  Query{query='SELECT 1'}
2026-03-15 10:18:40.312 DEBUG [reactor-tcp-nio-1] i.r.p.client.ReactorNettyClient : [cid: 0x1][pid: 21788] Response: RowDescription{fields=[Field{column=0, dataType=23, dataTypeModifier=-1, dataTypeSize=4, format=FORMAT_TEXT, name='?column?', table=0}]}
2026-03-15 10:18:40.313 DEBUG [reactor-tcp-nio-1] i.r.p.client.ReactorNettyClient : [cid: 0x1][pid: 21788] Response: DataRow{columns=[PooledSlicedByteBuf(ridx: 0, widx: 1, cap: 1/1, unwrapped: PooledUnsafeDirectByteBuf(ridx: 46, widx: 66, cap: 1024))]}
2026-03-15 10:18:40.314 DEBUG [reactor-tcp-nio-1] i.r.p.client.ReactorNettyClient : [cid: 0x1][pid: 21788] Response: CommandComplete{command=SELECT, rowId=null, rows=1}
2026-03-15 10:18:40.315 DEBUG [reactor-tcp-nio-1] i.r.p.client.ReactorNettyClient : [cid: 0x1][pid: 21788] Response: ReadyForQuery{transactionStatus=IDLE}
2026-03-15 10:18:40.316 DEBUG [reactor-tcp-nio-1] io.r2dbc.postgresql.QUERY : [cid: 0x1][pid: 21788] Executing query: SELECT 1
2026-03-15 10:18:40.317 DEBUG [reactor-tcp-nio-1] i.r.p.client.ReactorNettyClient : [cid: 0x1][pid: 21788] Request:  Query{query='SELECT 1'}
2026-03-15 10:18:40.318 DEBUG [reactor-tcp-nio-1] i.r.p.client.ReactorNettyClient : [cid: 0x1][pid: 21788] Response: RowDescription{fields=[Field{column=0, dataType=23, dataTypeModifier=-1, dataTypeSize=4, format=FORMAT_TEXT, name='?column?', table=0}]}
2026-03-15 10:18:40.320 DEBUG [reactor-tcp-nio-1] i.r.p.client.ReactorNettyClient : [cid: 0x1][pid: 21788] Response: DataRow{columns=[PooledSlicedByteBuf(ridx: 0, widx: 1, cap: 1/1, unwrapped: PooledUnsafeDirectByteBuf(ridx: 46, widx: 66, cap: 512))]}
2026-03-15 10:18:40.320 DEBUG [reactor-tcp-nio-1] i.r.p.client.ReactorNettyClient : [cid: 0x1][pid: 21788] Response: CommandComplete{command=SELECT, rowId=null, rows=1}
2026-03-15 10:18:40.320 DEBUG [reactor-tcp-nio-1] i.r.p.client.ReactorNettyClient : [cid: 0x1][pid: 21788] Response: ReadyForQuery{transactionStatus=IDLE}
2026-03-15 10:18:40.321 DEBUG [reactor-tcp-nio-1] io.r2dbc.pool.PooledConnection : Releasing connection
2026-03-15 10:18:40.334 DEBUG [reactor-tcp-nio-2] i.r.p.client.ReactorNettyClient : [cid: 0x2] Response: AuthenticationSASL{authenticationMechanisms=[SCRAM-SHA-256]}
2026-03-15 10:18:40.334 DEBUG [reactor-tcp-nio-2] i.r.p.client.ReactorNettyClient : [cid: 0x2] Request:  SASLInitialResponse{initialResponse=java.nio.HeapByteBuffer[pos=0 lim=45 cap=49], name='SCRAM-SHA-256'}
2026-03-15 10:18:40.335 DEBUG [reactor-tcp-nio-2] i.r.p.client.ReactorNettyClient : [cid: 0x2] Response: AuthenticationSASLContinue{data=java.nio.HeapByteBuffer[pos=0 lim=84 cap=84]}
2026-03-15 10:18:40.344 DEBUG [reactor-tcp-nio-2] i.r.p.client.ReactorNettyClient : [cid: 0x2] Request:  SASLResponse{data=java.nio.HeapByteBuffer[pos=0 lim=104 cap=114]}
2026-03-15 10:18:40.347 DEBUG [reactor-tcp-nio-2] i.r.p.client.ReactorNettyClient : [cid: 0x2] Response: AuthenticationSASLFinal{additionalData=java.nio.HeapByteBuffer[pos=0 lim=46 cap=46]}
2026-03-15 10:18:40.347 DEBUG [reactor-tcp-nio-2] i.r.p.client.ReactorNettyClient : [cid: 0x2] Response: AuthenticationOk{}
2026-03-15 10:18:40.347 DEBUG [reactor-tcp-nio-2] i.r.p.client.ReactorNettyClient : [cid: 0x2] Response: ParameterStatus{name='in_hot_standby', value='off'}
2026-03-15 10:18:40.347 DEBUG [reactor-tcp-nio-2] i.r.p.client.ReactorNettyClient : [cid: 0x2] Response: ParameterStatus{name='integer_datetimes', value='on'}
2026-03-15 10:18:40.347 DEBUG [reactor-tcp-nio-2] i.r.p.client.ReactorNettyClient : [cid: 0x2] Response: ParameterStatus{name='TimeZone', value='Asia/Dhaka'}
2026-03-15 10:18:40.348 DEBUG [reactor-tcp-nio-2] i.r.p.client.ReactorNettyClient : [cid: 0x2] Response: ParameterStatus{name='IntervalStyle', value='postgres'}
2026-03-15 10:18:40.348 DEBUG [reactor-tcp-nio-2] i.r.p.client.ReactorNettyClient : [cid: 0x2] Response: ParameterStatus{name='search_path', value='banking_service'}
2026-03-15 10:18:40.348 DEBUG [reactor-tcp-nio-2] i.r.p.client.ReactorNettyClient : [cid: 0x2] Response: ParameterStatus{name='is_superuser', value='off'}
2026-03-15 10:18:40.348 DEBUG [reactor-tcp-nio-2] i.r.p.client.ReactorNettyClient : [cid: 0x2] Response: ParameterStatus{name='application_name', value='r2dbc-postgresql'}
2026-03-15 10:18:40.348 DEBUG [reactor-tcp-nio-2] i.r.p.client.ReactorNettyClient : [cid: 0x2] Response: ParameterStatus{name='default_transaction_read_only', value='off'}
2026-03-15 10:18:40.348 DEBUG [reactor-tcp-nio-2] i.r.p.client.ReactorNettyClient : [cid: 0x2] Response: ParameterStatus{name='scram_iterations', value='4096'}
2026-03-15 10:18:40.348 DEBUG [reactor-tcp-nio-2] i.r.p.client.ReactorNettyClient : [cid: 0x2] Response: ParameterStatus{name='DateStyle', value='ISO, MDY'}
2026-03-15 10:18:40.348 DEBUG [reactor-tcp-nio-2] i.r.p.client.ReactorNettyClient : [cid: 0x2] Response: ParameterStatus{name='standard_conforming_strings', value='on'}
2026-03-15 10:18:40.348 DEBUG [reactor-tcp-nio-2] i.r.p.client.ReactorNettyClient : [cid: 0x2] Response: ParameterStatus{name='session_authorization', value='fund-transfer'}
2026-03-15 10:18:40.349 DEBUG [reactor-tcp-nio-2] i.r.p.client.ReactorNettyClient : [cid: 0x2] Response: ParameterStatus{name='client_encoding', value='UTF8'}
2026-03-15 10:18:40.349 DEBUG [reactor-tcp-nio-2] i.r.p.client.ReactorNettyClient : [cid: 0x2] Response: ParameterStatus{name='server_version', value='18.0'}
2026-03-15 10:18:40.349 DEBUG [reactor-tcp-nio-2] i.r.p.client.ReactorNettyClient : [cid: 0x2] Response: ParameterStatus{name='server_encoding', value='UTF8'}
2026-03-15 10:18:40.350 DEBUG [reactor-tcp-nio-2] i.r.p.client.ReactorNettyClient : [cid: 0x2] Response: BackendKeyData{processId=21672, secretKey=-1961976320}
2026-03-15 10:18:40.350 DEBUG [reactor-tcp-nio-2] i.r.p.client.ReactorNettyClient : [cid: 0x2][pid: 21672] Response: ReadyForQuery{transactionStatus=IDLE}
2026-03-15 10:18:40.352 DEBUG [reactor-tcp-nio-2] io.r2dbc.postgresql.QUERY : [cid: 0x2][pid: 21672] Executing query: SHOW TRANSACTION ISOLATION LEVEL
2026-03-15 10:18:40.352 DEBUG [reactor-tcp-nio-2] i.r.p.client.ReactorNettyClient : [cid: 0x2][pid: 21672] Request:  Query{query='SHOW TRANSACTION ISOLATION LEVEL'}
2026-03-15 10:18:40.352 DEBUG [reactor-tcp-nio-2] i.r.p.client.ReactorNettyClient : [cid: 0x2][pid: 21672] Response: RowDescription{fields=[Field{column=0, dataType=25, dataTypeModifier=-1, dataTypeSize=-1, format=FORMAT_TEXT, name='transaction_isolation', table=0}]}
2026-03-15 10:18:40.352 DEBUG [reactor-tcp-nio-2] i.r.p.client.ReactorNettyClient : [cid: 0x2][pid: 21672] Response: DataRow{columns=[PooledSlicedByteBuf(ridx: 0, widx: 14, cap: 14/14, unwrapped: PooledUnsafeDirectByteBuf(ridx: 72, widx: 88, cap: 1024))]}
2026-03-15 10:18:40.352 DEBUG [reactor-tcp-nio-2] i.r.p.client.ReactorNettyClient : [cid: 0x2][pid: 21672] Response: CommandComplete{command=SHOW, rowId=null, rows=null}
2026-03-15 10:18:40.352 DEBUG [reactor-tcp-nio-2] i.r.p.client.ReactorNettyClient : [cid: 0x2][pid: 21672] Response: ReadyForQuery{transactionStatus=IDLE}
2026-03-15 10:18:40.353 DEBUG [reactor-tcp-nio-2] io.r2dbc.postgresql.QUERY : [cid: 0x2][pid: 21672] Executing query: SELECT oid, * FROM pg_catalog.pg_type WHERE typname IN ('hstore','geometry','vector')
2026-03-15 10:18:40.353 DEBUG [reactor-tcp-nio-2] i.r.p.client.ReactorNettyClient : [cid: 0x2][pid: 21672] Request:  Query{query='SELECT oid, * FROM pg_catalog.pg_type WHERE typname IN ('hstore','geometry','vector')'}
2026-03-15 10:18:40.357 DEBUG [reactor-tcp-nio-2] i.r.p.client.ReactorNettyClient : [cid: 0x2][pid: 21672] Response: RowDescription{fields=[Field{column=1, dataType=26, dataTypeModifier=-1, dataTypeSize=4, format=FORMAT_TEXT, name='oid', table=1247}, Field{column=1, dataType=26, dataTypeModifier=-1, dataTypeSize=4, format=FORMAT_TEXT, name='oid', table=1247}, Field{column=2, dataType=19, dataTypeModifier=-1, dataTypeSize=64, format=FORMAT_TEXT, name='typname', table=1247}, Field{column=3, dataType=26, dataTypeModifier=-1, dataTypeSize=4, format=FORMAT_TEXT, name='typnamespace', table=1247}, Field{column=4, dataType=26, dataTypeModifier=-1, dataTypeSize=4, format=FORMAT_TEXT, name='typowner', table=1247}, Field{column=5, dataType=21, dataTypeModifier=-1, dataTypeSize=2, format=FORMAT_TEXT, name='typlen', table=1247}, Field{column=6, dataType=16, dataTypeModifier=-1, dataTypeSize=1, format=FORMAT_TEXT, name='typbyval', table=1247}, Field{column=7, dataType=18, dataTypeModifier=-1, dataTypeSize=1, format=FORMAT_TEXT, name='typtype', table=1247}, Field{column=8, dataType=18, dataTypeModifier=-1, dataTypeSize=1, format=FORMAT_TEXT, name='typcategory', table=1247}, Field{column=9, dataType=16, dataTypeModifier=-1, dataTypeSize=1, format=FORMAT_TEXT, name='typispreferred', table=1247}, Field{column=10, dataType=16, dataTypeModifier=-1, dataTypeSize=1, format=FORMAT_TEXT, name='typisdefined', table=1247}, Field{column=11, dataType=18, dataTypeModifier=-1, dataTypeSize=1, format=FORMAT_TEXT, name='typdelim', table=1247}, Field{column=12, dataType=26, dataTypeModifier=-1, dataTypeSize=4, format=FORMAT_TEXT, name='typrelid', table=1247}, Field{column=13, dataType=24, dataTypeModifier=-1, dataTypeSize=4, format=FORMAT_TEXT, name='typsubscript', table=1247}, Field{column=14, dataType=26, dataTypeModifier=-1, dataTypeSize=4, format=FORMAT_TEXT, name='typelem', table=1247}, Field{column=15, dataType=26, dataTypeModifier=-1, dataTypeSize=4, format=FORMAT_TEXT, name='typarray', table=1247}, Field{column=16, dataType=24, dataTypeModifier=-1, dataTypeSize=4, format=FORMAT_TEXT, name='typinput', table=1247}, Field{column=17, dataType=24, dataTypeModifier=-1, dataTypeSize=4, format=FORMAT_TEXT, name='typoutput', table=1247}, Field{column=18, dataType=24, dataTypeModifier=-1, dataTypeSize=4, format=FORMAT_TEXT, name='typreceive', table=1247}, Field{column=19, dataType=24, dataTypeModifier=-1, dataTypeSize=4, format=FORMAT_TEXT, name='typsend', table=1247}, Field{column=20, dataType=24, dataTypeModifier=-1, dataTypeSize=4, format=FORMAT_TEXT, name='typmodin', table=1247}, Field{column=21, dataType=24, dataTypeModifier=-1, dataTypeSize=4, format=FORMAT_TEXT, name='typmodout', table=1247}, Field{column=22, dataType=24, dataTypeModifier=-1, dataTypeSize=4, format=FORMAT_TEXT, name='typanalyze', table=1247}, Field{column=23, dataType=18, dataTypeModifier=-1, dataTypeSize=1, format=FORMAT_TEXT, name='typalign', table=1247}, Field{column=24, dataType=18, dataTypeModifier=-1, dataTypeSize=1, format=FORMAT_TEXT, name='typstorage', table=1247}, Field{column=25, dataType=16, dataTypeModifier=-1, dataTypeSize=1, format=FORMAT_TEXT, name='typnotnull', table=1247}, Field{column=26, dataType=26, dataTypeModifier=-1, dataTypeSize=4, format=FORMAT_TEXT, name='typbasetype', table=1247}, Field{column=27, dataType=23, dataTypeModifier=-1, dataTypeSize=4, format=FORMAT_TEXT, name='typtypmod', table=1247}, Field{column=28, dataType=23, dataTypeModifier=-1, dataTypeSize=4, format=FORMAT_TEXT, name='typndims', table=1247}, Field{column=29, dataType=26, dataTypeModifier=-1, dataTypeSize=4, format=FORMAT_TEXT, name='typcollation', table=1247}, Field{column=30, dataType=194, dataTypeModifier=-1, dataTypeSize=-1, format=FORMAT_TEXT, name='typdefaultbin', table=1247}, Field{column=31, dataType=25, dataTypeModifier=-1, dataTypeSize=-1, format=FORMAT_TEXT, name='typdefault', table=1247}, Field{column=32, dataType=1034, dataTypeModifier=-1, dataTypeSize=-1, format=FORMAT_TEXT, name='typacl', table=1247}]}
2026-03-15 10:18:40.357 DEBUG [reactor-tcp-nio-2] i.r.p.client.ReactorNettyClient : [cid: 0x2][pid: 21672] Response: CommandComplete{command=SELECT, rowId=null, rows=0}
2026-03-15 10:18:40.357 DEBUG [reactor-tcp-nio-2] i.r.p.client.ReactorNettyClient : [cid: 0x2][pid: 21672] Response: ReadyForQuery{transactionStatus=IDLE}
2026-03-15 10:18:40.359 DEBUG [reactor-tcp-nio-3] i.r.p.client.ReactorNettyClient : [cid: 0x3] Request:  StartupMessage{, database='fund-transfer', username='fund-transfer'}
2026-03-15 10:18:40.379 DEBUG [reactor-tcp-nio-3] i.r.p.client.ReactorNettyClient : [cid: 0x3] Response: AuthenticationSASL{authenticationMechanisms=[SCRAM-SHA-256]}
2026-03-15 10:18:40.379 DEBUG [reactor-tcp-nio-3] i.r.p.client.ReactorNettyClient : [cid: 0x3] Request:  SASLInitialResponse{initialResponse=java.nio.HeapByteBuffer[pos=0 lim=45 cap=49], name='SCRAM-SHA-256'}
2026-03-15 10:18:40.380 DEBUG [reactor-tcp-nio-3] i.r.p.client.ReactorNettyClient : [cid: 0x3] Response: AuthenticationSASLContinue{data=java.nio.HeapByteBuffer[pos=0 lim=84 cap=84]}
2026-03-15 10:18:40.389 DEBUG [reactor-tcp-nio-3] i.r.p.client.ReactorNettyClient : [cid: 0x3] Request:  SASLResponse{data=java.nio.HeapByteBuffer[pos=0 lim=104 cap=114]}
2026-03-15 10:18:40.392 DEBUG [reactor-tcp-nio-3] i.r.p.client.ReactorNettyClient : [cid: 0x3] Response: AuthenticationSASLFinal{additionalData=java.nio.HeapByteBuffer[pos=0 lim=46 cap=46]}
2026-03-15 10:18:40.393 DEBUG [reactor-tcp-nio-3] i.r.p.client.ReactorNettyClient : [cid: 0x3] Response: AuthenticationOk{}
2026-03-15 10:18:40.393 DEBUG [reactor-tcp-nio-3] i.r.p.client.ReactorNettyClient : [cid: 0x3] Response: ParameterStatus{name='in_hot_standby', value='off'}
2026-03-15 10:18:40.393 DEBUG [reactor-tcp-nio-3] i.r.p.client.ReactorNettyClient : [cid: 0x3] Response: ParameterStatus{name='integer_datetimes', value='on'}
2026-03-15 10:18:40.393 DEBUG [reactor-tcp-nio-3] i.r.p.client.ReactorNettyClient : [cid: 0x3] Response: ParameterStatus{name='TimeZone', value='Asia/Dhaka'}
2026-03-15 10:18:40.393 DEBUG [reactor-tcp-nio-3] i.r.p.client.ReactorNettyClient : [cid: 0x3] Response: ParameterStatus{name='IntervalStyle', value='postgres'}
2026-03-15 10:18:40.393 DEBUG [reactor-tcp-nio-3] i.r.p.client.ReactorNettyClient : [cid: 0x3] Response: ParameterStatus{name='search_path', value='banking_service'}
2026-03-15 10:18:40.393 DEBUG [reactor-tcp-nio-3] i.r.p.client.ReactorNettyClient : [cid: 0x3] Response: ParameterStatus{name='is_superuser', value='off'}
2026-03-15 10:18:40.393 DEBUG [reactor-tcp-nio-3] i.r.p.client.ReactorNettyClient : [cid: 0x3] Response: ParameterStatus{name='application_name', value='r2dbc-postgresql'}
2026-03-15 10:18:40.393 DEBUG [reactor-tcp-nio-3] i.r.p.client.ReactorNettyClient : [cid: 0x3] Response: ParameterStatus{name='default_transaction_read_only', value='off'}
2026-03-15 10:18:40.393 DEBUG [reactor-tcp-nio-3] i.r.p.client.ReactorNettyClient : [cid: 0x3] Response: ParameterStatus{name='scram_iterations', value='4096'}
2026-03-15 10:18:40.394 DEBUG [reactor-tcp-nio-3] i.r.p.client.ReactorNettyClient : [cid: 0x3] Response: ParameterStatus{name='DateStyle', value='ISO, MDY'}
2026-03-15 10:18:40.394 DEBUG [reactor-tcp-nio-3] i.r.p.client.ReactorNettyClient : [cid: 0x3] Response: ParameterStatus{name='standard_conforming_strings', value='on'}
2026-03-15 10:18:40.394 DEBUG [reactor-tcp-nio-3] i.r.p.client.ReactorNettyClient : [cid: 0x3] Response: ParameterStatus{name='session_authorization', value='fund-transfer'}
2026-03-15 10:18:40.394 DEBUG [reactor-tcp-nio-3] i.r.p.client.ReactorNettyClient : [cid: 0x3] Response: ParameterStatus{name='client_encoding', value='UTF8'}
2026-03-15 10:18:40.394 DEBUG [reactor-tcp-nio-3] i.r.p.client.ReactorNettyClient : [cid: 0x3] Response: ParameterStatus{name='server_version', value='18.0'}
2026-03-15 10:18:40.394 DEBUG [reactor-tcp-nio-3] i.r.p.client.ReactorNettyClient : [cid: 0x3] Response: ParameterStatus{name='server_encoding', value='UTF8'}
2026-03-15 10:18:40.394 DEBUG [reactor-tcp-nio-3] i.r.p.client.ReactorNettyClient : [cid: 0x3] Response: BackendKeyData{processId=25832, secretKey=616941220}
2026-03-15 10:18:40.394 DEBUG [reactor-tcp-nio-3] i.r.p.client.ReactorNettyClient : [cid: 0x3][pid: 25832] Response: ReadyForQuery{transactionStatus=IDLE}
2026-03-15 10:18:40.396 DEBUG [reactor-tcp-nio-3] io.r2dbc.postgresql.QUERY : [cid: 0x3][pid: 25832] Executing query: SHOW TRANSACTION ISOLATION LEVEL
2026-03-15 10:18:40.396 DEBUG [reactor-tcp-nio-3] i.r.p.client.ReactorNettyClient : [cid: 0x3][pid: 25832] Request:  Query{query='SHOW TRANSACTION ISOLATION LEVEL'}
2026-03-15 10:18:40.397 DEBUG [reactor-tcp-nio-3] i.r.p.client.ReactorNettyClient : [cid: 0x3][pid: 25832] Response: RowDescription{fields=[Field{column=0, dataType=25, dataTypeModifier=-1, dataTypeSize=-1, format=FORMAT_TEXT, name='transaction_isolation', table=0}]}
2026-03-15 10:18:40.397 DEBUG [reactor-tcp-nio-3] i.r.p.client.ReactorNettyClient : [cid: 0x3][pid: 25832] Response: DataRow{columns=[PooledSlicedByteBuf(ridx: 0, widx: 14, cap: 14/14, unwrapped: PooledUnsafeDirectByteBuf(ridx: 72, widx: 88, cap: 1024))]}
2026-03-15 10:18:40.398 DEBUG [reactor-tcp-nio-3] i.r.p.client.ReactorNettyClient : [cid: 0x3][pid: 25832] Response: CommandComplete{command=SHOW, rowId=null, rows=null}
2026-03-15 10:18:40.398 DEBUG [reactor-tcp-nio-3] i.r.p.client.ReactorNettyClient : [cid: 0x3][pid: 25832] Response: ReadyForQuery{transactionStatus=IDLE}
2026-03-15 10:18:40.398 DEBUG [reactor-tcp-nio-3] io.r2dbc.postgresql.QUERY : [cid: 0x3][pid: 25832] Executing query: SELECT oid, * FROM pg_catalog.pg_type WHERE typname IN ('hstore','geometry','vector')
2026-03-15 10:18:40.398 DEBUG [reactor-tcp-nio-3] i.r.p.client.ReactorNettyClient : [cid: 0x3][pid: 25832] Request:  Query{query='SELECT oid, * FROM pg_catalog.pg_type WHERE typname IN ('hstore','geometry','vector')'}
2026-03-15 10:18:40.402 DEBUG [reactor-tcp-nio-3] i.r.p.client.ReactorNettyClient : [cid: 0x3][pid: 25832] Response: RowDescription{fields=[Field{column=1, dataType=26, dataTypeModifier=-1, dataTypeSize=4, format=FORMAT_TEXT, name='oid', table=1247}, Field{column=1, dataType=26, dataTypeModifier=-1, dataTypeSize=4, format=FORMAT_TEXT, name='oid', table=1247}, Field{column=2, dataType=19, dataTypeModifier=-1, dataTypeSize=64, format=FORMAT_TEXT, name='typname', table=1247}, Field{column=3, dataType=26, dataTypeModifier=-1, dataTypeSize=4, format=FORMAT_TEXT, name='typnamespace', table=1247}, Field{column=4, dataType=26, dataTypeModifier=-1, dataTypeSize=4, format=FORMAT_TEXT, name='typowner', table=1247}, Field{column=5, dataType=21, dataTypeModifier=-1, dataTypeSize=2, format=FORMAT_TEXT, name='typlen', table=1247}, Field{column=6, dataType=16, dataTypeModifier=-1, dataTypeSize=1, format=FORMAT_TEXT, name='typbyval', table=1247}, Field{column=7, dataType=18, dataTypeModifier=-1, dataTypeSize=1, format=FORMAT_TEXT, name='typtype', table=1247}, Field{column=8, dataType=18, dataTypeModifier=-1, dataTypeSize=1, format=FORMAT_TEXT, name='typcategory', table=1247}, Field{column=9, dataType=16, dataTypeModifier=-1, dataTypeSize=1, format=FORMAT_TEXT, name='typispreferred', table=1247}, Field{column=10, dataType=16, dataTypeModifier=-1, dataTypeSize=1, format=FORMAT_TEXT, name='typisdefined', table=1247}, Field{column=11, dataType=18, dataTypeModifier=-1, dataTypeSize=1, format=FORMAT_TEXT, name='typdelim', table=1247}, Field{column=12, dataType=26, dataTypeModifier=-1, dataTypeSize=4, format=FORMAT_TEXT, name='typrelid', table=1247}, Field{column=13, dataType=24, dataTypeModifier=-1, dataTypeSize=4, format=FORMAT_TEXT, name='typsubscript', table=1247}, Field{column=14, dataType=26, dataTypeModifier=-1, dataTypeSize=4, format=FORMAT_TEXT, name='typelem', table=1247}, Field{column=15, dataType=26, dataTypeModifier=-1, dataTypeSize=4, format=FORMAT_TEXT, name='typarray', table=1247}, Field{column=16, dataType=24, dataTypeModifier=-1, dataTypeSize=4, format=FORMAT_TEXT, name='typinput', table=1247}, Field{column=17, dataType=24, dataTypeModifier=-1, dataTypeSize=4, format=FORMAT_TEXT, name='typoutput', table=1247}, Field{column=18, dataType=24, dataTypeModifier=-1, dataTypeSize=4, format=FORMAT_TEXT, name='typreceive', table=1247}, Field{column=19, dataType=24, dataTypeModifier=-1, dataTypeSize=4, format=FORMAT_TEXT, name='typsend', table=1247}, Field{column=20, dataType=24, dataTypeModifier=-1, dataTypeSize=4, format=FORMAT_TEXT, name='typmodin', table=1247}, Field{column=21, dataType=24, dataTypeModifier=-1, dataTypeSize=4, format=FORMAT_TEXT, name='typmodout', table=1247}, Field{column=22, dataType=24, dataTypeModifier=-1, dataTypeSize=4, format=FORMAT_TEXT, name='typanalyze', table=1247}, Field{column=23, dataType=18, dataTypeModifier=-1, dataTypeSize=1, format=FORMAT_TEXT, name='typalign', table=1247}, Field{column=24, dataType=18, dataTypeModifier=-1, dataTypeSize=1, format=FORMAT_TEXT, name='typstorage', table=1247}, Field{column=25, dataType=16, dataTypeModifier=-1, dataTypeSize=1, format=FORMAT_TEXT, name='typnotnull', table=1247}, Field{column=26, dataType=26, dataTypeModifier=-1, dataTypeSize=4, format=FORMAT_TEXT, name='typbasetype', table=1247}, Field{column=27, dataType=23, dataTypeModifier=-1, dataTypeSize=4, format=FORMAT_TEXT, name='typtypmod', table=1247}, Field{column=28, dataType=23, dataTypeModifier=-1, dataTypeSize=4, format=FORMAT_TEXT, name='typndims', table=1247}, Field{column=29, dataType=26, dataTypeModifier=-1, dataTypeSize=4, format=FORMAT_TEXT, name='typcollation', table=1247}, Field{column=30, dataType=194, dataTypeModifier=-1, dataTypeSize=-1, format=FORMAT_TEXT, name='typdefaultbin', table=1247}, Field{column=31, dataType=25, dataTypeModifier=-1, dataTypeSize=-1, format=FORMAT_TEXT, name='typdefault', table=1247}, Field{column=32, dataType=1034, dataTypeModifier=-1, dataTypeSize=-1, format=FORMAT_TEXT, name='typacl', table=1247}]}
2026-03-15 10:18:40.402 DEBUG [reactor-tcp-nio-3] i.r.p.client.ReactorNettyClient : [cid: 0x3][pid: 25832] Response: CommandComplete{command=SELECT, rowId=null, rows=0}
2026-03-15 10:18:40.402 DEBUG [reactor-tcp-nio-3] i.r.p.client.ReactorNettyClient : [cid: 0x3][pid: 25832] Response: ReadyForQuery{transactionStatus=IDLE}
2026-03-15 10:18:40.405 DEBUG [reactor-tcp-nio-4] i.r.p.client.ReactorNettyClient : [cid: 0x4] Request:  StartupMessage{, database='fund-transfer', username='fund-transfer'}
2026-03-15 10:18:40.428 DEBUG [reactor-tcp-nio-4] i.r.p.client.ReactorNettyClient : [cid: 0x4] Response: AuthenticationSASL{authenticationMechanisms=[SCRAM-SHA-256]}
2026-03-15 10:18:40.429 DEBUG [reactor-tcp-nio-4] i.r.p.client.ReactorNettyClient : [cid: 0x4] Request:  SASLInitialResponse{initialResponse=java.nio.HeapByteBuffer[pos=0 lim=45 cap=49], name='SCRAM-SHA-256'}
2026-03-15 10:18:40.429 DEBUG [reactor-tcp-nio-4] i.r.p.client.ReactorNettyClient : [cid: 0x4] Response: AuthenticationSASLContinue{data=java.nio.HeapByteBuffer[pos=0 lim=84 cap=84]}
2026-03-15 10:18:40.442 DEBUG [reactor-tcp-nio-4] i.r.p.client.ReactorNettyClient : [cid: 0x4] Request:  SASLResponse{data=java.nio.HeapByteBuffer[pos=0 lim=104 cap=114]}
2026-03-15 10:18:40.446 DEBUG [reactor-tcp-nio-4] i.r.p.client.ReactorNettyClient : [cid: 0x4] Response: AuthenticationSASLFinal{additionalData=java.nio.HeapByteBuffer[pos=0 lim=46 cap=46]}
2026-03-15 10:18:40.447 DEBUG [reactor-tcp-nio-4] i.r.p.client.ReactorNettyClient : [cid: 0x4] Response: AuthenticationOk{}
2026-03-15 10:18:40.447 DEBUG [reactor-tcp-nio-4] i.r.p.client.ReactorNettyClient : [cid: 0x4] Response: ParameterStatus{name='in_hot_standby', value='off'}
2026-03-15 10:18:40.448 DEBUG [reactor-tcp-nio-4] i.r.p.client.ReactorNettyClient : [cid: 0x4] Response: ParameterStatus{name='integer_datetimes', value='on'}
2026-03-15 10:18:40.448 DEBUG [reactor-tcp-nio-4] i.r.p.client.ReactorNettyClient : [cid: 0x4] Response: ParameterStatus{name='TimeZone', value='Asia/Dhaka'}
2026-03-15 10:18:40.448 DEBUG [reactor-tcp-nio-4] i.r.p.client.ReactorNettyClient : [cid: 0x4] Response: ParameterStatus{name='IntervalStyle', value='postgres'}
2026-03-15 10:18:40.449 DEBUG [reactor-tcp-nio-4] i.r.p.client.ReactorNettyClient : [cid: 0x4] Response: ParameterStatus{name='search_path', value='banking_service'}
2026-03-15 10:18:40.449 DEBUG [reactor-tcp-nio-4] i.r.p.client.ReactorNettyClient : [cid: 0x4] Response: ParameterStatus{name='is_superuser', value='off'}
2026-03-15 10:18:40.449 DEBUG [reactor-tcp-nio-4] i.r.p.client.ReactorNettyClient : [cid: 0x4] Response: ParameterStatus{name='application_name', value='r2dbc-postgresql'}
2026-03-15 10:18:40.449 DEBUG [reactor-tcp-nio-4] i.r.p.client.ReactorNettyClient : [cid: 0x4] Response: ParameterStatus{name='default_transaction_read_only', value='off'}
2026-03-15 10:18:40.449 DEBUG [reactor-tcp-nio-4] i.r.p.client.ReactorNettyClient : [cid: 0x4] Response: ParameterStatus{name='scram_iterations', value='4096'}
2026-03-15 10:18:40.449 DEBUG [reactor-tcp-nio-4] i.r.p.client.ReactorNettyClient : [cid: 0x4] Response: ParameterStatus{name='DateStyle', value='ISO, MDY'}
2026-03-15 10:18:40.449 DEBUG [reactor-tcp-nio-4] i.r.p.client.ReactorNettyClient : [cid: 0x4] Response: ParameterStatus{name='standard_conforming_strings', value='on'}
2026-03-15 10:18:40.450 DEBUG [reactor-tcp-nio-4] i.r.p.client.ReactorNettyClient : [cid: 0x4] Response: ParameterStatus{name='session_authorization', value='fund-transfer'}
2026-03-15 10:18:40.450 DEBUG [reactor-tcp-nio-4] i.r.p.client.ReactorNettyClient : [cid: 0x4] Response: ParameterStatus{name='client_encoding', value='UTF8'}
2026-03-15 10:18:40.450 DEBUG [reactor-tcp-nio-4] i.r.p.client.ReactorNettyClient : [cid: 0x4] Response: ParameterStatus{name='server_version', value='18.0'}
2026-03-15 10:18:40.450 DEBUG [reactor-tcp-nio-4] i.r.p.client.ReactorNettyClient : [cid: 0x4] Response: ParameterStatus{name='server_encoding', value='UTF8'}
2026-03-15 10:18:40.450 DEBUG [reactor-tcp-nio-4] i.r.p.client.ReactorNettyClient : [cid: 0x4] Response: BackendKeyData{processId=21112, secretKey=-241343738}
2026-03-15 10:18:40.450 DEBUG [reactor-tcp-nio-4] i.r.p.client.ReactorNettyClient : [cid: 0x4][pid: 21112] Response: ReadyForQuery{transactionStatus=IDLE}
2026-03-15 10:18:40.452 DEBUG [reactor-tcp-nio-4] io.r2dbc.postgresql.QUERY : [cid: 0x4][pid: 21112] Executing query: SHOW TRANSACTION ISOLATION LEVEL
2026-03-15 10:18:40.452 DEBUG [reactor-tcp-nio-4] i.r.p.client.ReactorNettyClient : [cid: 0x4][pid: 21112] Request:  Query{query='SHOW TRANSACTION ISOLATION LEVEL'}
2026-03-15 10:18:40.452 DEBUG [reactor-tcp-nio-4] i.r.p.client.ReactorNettyClient : [cid: 0x4][pid: 21112] Response: RowDescription{fields=[Field{column=0, dataType=25, dataTypeModifier=-1, dataTypeSize=-1, format=FORMAT_TEXT, name='transaction_isolation', table=0}]}
2026-03-15 10:18:40.453 DEBUG [reactor-tcp-nio-4] i.r.p.client.ReactorNettyClient : [cid: 0x4][pid: 21112] Response: DataRow{columns=[PooledSlicedByteBuf(ridx: 0, widx: 14, cap: 14/14, unwrapped: PooledUnsafeDirectByteBuf(ridx: 72, widx: 88, cap: 1024))]}
2026-03-15 10:18:40.453 DEBUG [reactor-tcp-nio-4] i.r.p.client.ReactorNettyClient : [cid: 0x4][pid: 21112] Response: CommandComplete{command=SHOW, rowId=null, rows=null}
2026-03-15 10:18:40.453 DEBUG [reactor-tcp-nio-4] i.r.p.client.ReactorNettyClient : [cid: 0x4][pid: 21112] Response: ReadyForQuery{transactionStatus=IDLE}
2026-03-15 10:18:40.454 DEBUG [reactor-tcp-nio-4] io.r2dbc.postgresql.QUERY : [cid: 0x4][pid: 21112] Executing query: SELECT oid, * FROM pg_catalog.pg_type WHERE typname IN ('hstore','geometry','vector')
2026-03-15 10:18:40.454 DEBUG [reactor-tcp-nio-4] i.r.p.client.ReactorNettyClient : [cid: 0x4][pid: 21112] Request:  Query{query='SELECT oid, * FROM pg_catalog.pg_type WHERE typname IN ('hstore','geometry','vector')'}
2026-03-15 10:18:40.459 DEBUG [reactor-tcp-nio-4] i.r.p.client.ReactorNettyClient : [cid: 0x4][pid: 21112] Response: RowDescription{fields=[Field{column=1, dataType=26, dataTypeModifier=-1, dataTypeSize=4, format=FORMAT_TEXT, name='oid', table=1247}, Field{column=1, dataType=26, dataTypeModifier=-1, dataTypeSize=4, format=FORMAT_TEXT, name='oid', table=1247}, Field{column=2, dataType=19, dataTypeModifier=-1, dataTypeSize=64, format=FORMAT_TEXT, name='typname', table=1247}, Field{column=3, dataType=26, dataTypeModifier=-1, dataTypeSize=4, format=FORMAT_TEXT, name='typnamespace', table=1247}, Field{column=4, dataType=26, dataTypeModifier=-1, dataTypeSize=4, format=FORMAT_TEXT, name='typowner', table=1247}, Field{column=5, dataType=21, dataTypeModifier=-1, dataTypeSize=2, format=FORMAT_TEXT, name='typlen', table=1247}, Field{column=6, dataType=16, dataTypeModifier=-1, dataTypeSize=1, format=FORMAT_TEXT, name='typbyval', table=1247}, Field{column=7, dataType=18, dataTypeModifier=-1, dataTypeSize=1, format=FORMAT_TEXT, name='typtype', table=1247}, Field{column=8, dataType=18, dataTypeModifier=-1, dataTypeSize=1, format=FORMAT_TEXT, name='typcategory', table=1247}, Field{column=9, dataType=16, dataTypeModifier=-1, dataTypeSize=1, format=FORMAT_TEXT, name='typispreferred', table=1247}, Field{column=10, dataType=16, dataTypeModifier=-1, dataTypeSize=1, format=FORMAT_TEXT, name='typisdefined', table=1247}, Field{column=11, dataType=18, dataTypeModifier=-1, dataTypeSize=1, format=FORMAT_TEXT, name='typdelim', table=1247}, Field{column=12, dataType=26, dataTypeModifier=-1, dataTypeSize=4, format=FORMAT_TEXT, name='typrelid', table=1247}, Field{column=13, dataType=24, dataTypeModifier=-1, dataTypeSize=4, format=FORMAT_TEXT, name='typsubscript', table=1247}, Field{column=14, dataType=26, dataTypeModifier=-1, dataTypeSize=4, format=FORMAT_TEXT, name='typelem', table=1247}, Field{column=15, dataType=26, dataTypeModifier=-1, dataTypeSize=4, format=FORMAT_TEXT, name='typarray', table=1247}, Field{column=16, dataType=24, dataTypeModifier=-1, dataTypeSize=4, format=FORMAT_TEXT, name='typinput', table=1247}, Field{column=17, dataType=24, dataTypeModifier=-1, dataTypeSize=4, format=FORMAT_TEXT, name='typoutput', table=1247}, Field{column=18, dataType=24, dataTypeModifier=-1, dataTypeSize=4, format=FORMAT_TEXT, name='typreceive', table=1247}, Field{column=19, dataType=24, dataTypeModifier=-1, dataTypeSize=4, format=FORMAT_TEXT, name='typsend', table=1247}, Field{column=20, dataType=24, dataTypeModifier=-1, dataTypeSize=4, format=FORMAT_TEXT, name='typmodin', table=1247}, Field{column=21, dataType=24, dataTypeModifier=-1, dataTypeSize=4, format=FORMAT_TEXT, name='typmodout', table=1247}, Field{column=22, dataType=24, dataTypeModifier=-1, dataTypeSize=4, format=FORMAT_TEXT, name='typanalyze', table=1247}, Field{column=23, dataType=18, dataTypeModifier=-1, dataTypeSize=1, format=FORMAT_TEXT, name='typalign', table=1247}, Field{column=24, dataType=18, dataTypeModifier=-1, dataTypeSize=1, format=FORMAT_TEXT, name='typstorage', table=1247}, Field{column=25, dataType=16, dataTypeModifier=-1, dataTypeSize=1, format=FORMAT_TEXT, name='typnotnull', table=1247}, Field{column=26, dataType=26, dataTypeModifier=-1, dataTypeSize=4, format=FORMAT_TEXT, name='typbasetype', table=1247}, Field{column=27, dataType=23, dataTypeModifier=-1, dataTypeSize=4, format=FORMAT_TEXT, name='typtypmod', table=1247}, Field{column=28, dataType=23, dataTypeModifier=-1, dataTypeSize=4, format=FORMAT_TEXT, name='typndims', table=1247}, Field{column=29, dataType=26, dataTypeModifier=-1, dataTypeSize=4, format=FORMAT_TEXT, name='typcollation', table=1247}, Field{column=30, dataType=194, dataTypeModifier=-1, dataTypeSize=-1, format=FORMAT_TEXT, name='typdefaultbin', table=1247}, Field{column=31, dataType=25, dataTypeModifier=-1, dataTypeSize=-1, format=FORMAT_TEXT, name='typdefault', table=1247}, Field{column=32, dataType=1034, dataTypeModifier=-1, dataTypeSize=-1, format=FORMAT_TEXT, name='typacl', table=1247}]}
2026-03-15 10:18:40.459 DEBUG [reactor-tcp-nio-4] i.r.p.client.ReactorNettyClient : [cid: 0x4][pid: 21112] Response: CommandComplete{command=SELECT, rowId=null, rows=0}
2026-03-15 10:18:40.459 DEBUG [reactor-tcp-nio-4] i.r.p.client.ReactorNettyClient : [cid: 0x4][pid: 21112] Response: ReadyForQuery{transactionStatus=IDLE}
2026-03-15 10:18:40.462 DEBUG [reactor-tcp-nio-5] i.r.p.client.ReactorNettyClient : [cid: 0x5] Request:  StartupMessage{, database='fund-transfer', username='fund-transfer'}
2026-03-15 10:18:40.498 DEBUG [reactor-tcp-nio-5] i.r.p.client.ReactorNettyClient : [cid: 0x5] Response: AuthenticationSASL{authenticationMechanisms=[SCRAM-SHA-256]}
2026-03-15 10:18:40.499 DEBUG [reactor-tcp-nio-5] i.r.p.client.ReactorNettyClient : [cid: 0x5] Request:  SASLInitialResponse{initialResponse=java.nio.HeapByteBuffer[pos=0 lim=45 cap=49], name='SCRAM-SHA-256'}
2026-03-15 10:18:40.499 DEBUG [reactor-tcp-nio-5] i.r.p.client.ReactorNettyClient : [cid: 0x5] Response: AuthenticationSASLContinue{data=java.nio.HeapByteBuffer[pos=0 lim=84 cap=84]}
2026-03-15 10:18:40.512 DEBUG [reactor-tcp-nio-5] i.r.p.client.ReactorNettyClient : [cid: 0x5] Request:  SASLResponse{data=java.nio.HeapByteBuffer[pos=0 lim=104 cap=114]}
2026-03-15 10:18:40.516 DEBUG [reactor-tcp-nio-5] i.r.p.client.ReactorNettyClient : [cid: 0x5] Response: AuthenticationSASLFinal{additionalData=java.nio.HeapByteBuffer[pos=0 lim=46 cap=46]}
2026-03-15 10:18:40.516 DEBUG [reactor-tcp-nio-5] i.r.p.client.ReactorNettyClient : [cid: 0x5] Response: AuthenticationOk{}
2026-03-15 10:18:40.517 DEBUG [reactor-tcp-nio-5] i.r.p.client.ReactorNettyClient : [cid: 0x5] Response: ParameterStatus{name='in_hot_standby', value='off'}
2026-03-15 10:18:40.517 DEBUG [reactor-tcp-nio-5] i.r.p.client.ReactorNettyClient : [cid: 0x5] Response: ParameterStatus{name='integer_datetimes', value='on'}
2026-03-15 10:18:40.517 DEBUG [reactor-tcp-nio-5] i.r.p.client.ReactorNettyClient : [cid: 0x5] Response: ParameterStatus{name='TimeZone', value='Asia/Dhaka'}
2026-03-15 10:18:40.517 DEBUG [reactor-tcp-nio-5] i.r.p.client.ReactorNettyClient : [cid: 0x5] Response: ParameterStatus{name='IntervalStyle', value='postgres'}
2026-03-15 10:18:40.517 DEBUG [reactor-tcp-nio-5] i.r.p.client.ReactorNettyClient : [cid: 0x5] Response: ParameterStatus{name='search_path', value='banking_service'}
2026-03-15 10:18:40.517 DEBUG [reactor-tcp-nio-5] i.r.p.client.ReactorNettyClient : [cid: 0x5] Response: ParameterStatus{name='is_superuser', value='off'}
2026-03-15 10:18:40.517 DEBUG [reactor-tcp-nio-5] i.r.p.client.ReactorNettyClient : [cid: 0x5] Response: ParameterStatus{name='application_name', value='r2dbc-postgresql'}
2026-03-15 10:18:40.517 DEBUG [reactor-tcp-nio-5] i.r.p.client.ReactorNettyClient : [cid: 0x5] Response: ParameterStatus{name='default_transaction_read_only', value='off'}
2026-03-15 10:18:40.517 DEBUG [reactor-tcp-nio-5] i.r.p.client.ReactorNettyClient : [cid: 0x5] Response: ParameterStatus{name='scram_iterations', value='4096'}
2026-03-15 10:18:40.517 DEBUG [reactor-tcp-nio-5] i.r.p.client.ReactorNettyClient : [cid: 0x5] Response: ParameterStatus{name='DateStyle', value='ISO, MDY'}
2026-03-15 10:18:40.517 DEBUG [reactor-tcp-nio-5] i.r.p.client.ReactorNettyClient : [cid: 0x5] Response: ParameterStatus{name='standard_conforming_strings', value='on'}
2026-03-15 10:18:40.518 DEBUG [reactor-tcp-nio-5] i.r.p.client.ReactorNettyClient : [cid: 0x5] Response: ParameterStatus{name='session_authorization', value='fund-transfer'}
2026-03-15 10:18:40.518 DEBUG [reactor-tcp-nio-5] i.r.p.client.ReactorNettyClient : [cid: 0x5] Response: ParameterStatus{name='client_encoding', value='UTF8'}
2026-03-15 10:18:40.518 DEBUG [reactor-tcp-nio-5] i.r.p.client.ReactorNettyClient : [cid: 0x5] Response: ParameterStatus{name='server_version', value='18.0'}
2026-03-15 10:18:40.518 DEBUG [reactor-tcp-nio-5] i.r.p.client.ReactorNettyClient : [cid: 0x5] Response: ParameterStatus{name='server_encoding', value='UTF8'}
2026-03-15 10:18:40.518 DEBUG [reactor-tcp-nio-5] i.r.p.client.ReactorNettyClient : [cid: 0x5] Response: BackendKeyData{processId=2420, secretKey=-93920714}
2026-03-15 10:18:40.518 DEBUG [reactor-tcp-nio-5] i.r.p.client.ReactorNettyClient : [cid: 0x5][pid: 2420] Response: ReadyForQuery{transactionStatus=IDLE}
2026-03-15 10:18:40.520 DEBUG [reactor-tcp-nio-5] io.r2dbc.postgresql.QUERY : [cid: 0x5][pid: 2420] Executing query: SHOW TRANSACTION ISOLATION LEVEL
2026-03-15 10:18:40.520 DEBUG [reactor-tcp-nio-5] i.r.p.client.ReactorNettyClient : [cid: 0x5][pid: 2420] Request:  Query{query='SHOW TRANSACTION ISOLATION LEVEL'}
2026-03-15 10:18:40.521 DEBUG [reactor-tcp-nio-5] i.r.p.client.ReactorNettyClient : [cid: 0x5][pid: 2420] Response: RowDescription{fields=[Field{column=0, dataType=25, dataTypeModifier=-1, dataTypeSize=-1, format=FORMAT_TEXT, name='transaction_isolation', table=0}]}
2026-03-15 10:18:40.522 DEBUG [reactor-tcp-nio-5] i.r.p.client.ReactorNettyClient : [cid: 0x5][pid: 2420] Response: DataRow{columns=[PooledSlicedByteBuf(ridx: 0, widx: 14, cap: 14/14, unwrapped: PooledUnsafeDirectByteBuf(ridx: 72, widx: 88, cap: 1024))]}
2026-03-15 10:18:40.522 DEBUG [reactor-tcp-nio-5] i.r.p.client.ReactorNettyClient : [cid: 0x5][pid: 2420] Response: CommandComplete{command=SHOW, rowId=null, rows=null}
2026-03-15 10:18:40.523 DEBUG [reactor-tcp-nio-5] i.r.p.client.ReactorNettyClient : [cid: 0x5][pid: 2420] Response: ReadyForQuery{transactionStatus=IDLE}
2026-03-15 10:18:40.523 DEBUG [reactor-tcp-nio-5] io.r2dbc.postgresql.QUERY : [cid: 0x5][pid: 2420] Executing query: SELECT oid, * FROM pg_catalog.pg_type WHERE typname IN ('hstore','geometry','vector')
2026-03-15 10:18:40.523 DEBUG [reactor-tcp-nio-5] i.r.p.client.ReactorNettyClient : [cid: 0x5][pid: 2420] Request:  Query{query='SELECT oid, * FROM pg_catalog.pg_type WHERE typname IN ('hstore','geometry','vector')'}
2026-03-15 10:18:40.527 DEBUG [reactor-tcp-nio-5] i.r.p.client.ReactorNettyClient : [cid: 0x5][pid: 2420] Response: RowDescription{fields=[Field{column=1, dataType=26, dataTypeModifier=-1, dataTypeSize=4, format=FORMAT_TEXT, name='oid', table=1247}, Field{column=1, dataType=26, dataTypeModifier=-1, dataTypeSize=4, format=FORMAT_TEXT, name='oid', table=1247}, Field{column=2, dataType=19, dataTypeModifier=-1, dataTypeSize=64, format=FORMAT_TEXT, name='typname', table=1247}, Field{column=3, dataType=26, dataTypeModifier=-1, dataTypeSize=4, format=FORMAT_TEXT, name='typnamespace', table=1247}, Field{column=4, dataType=26, dataTypeModifier=-1, dataTypeSize=4, format=FORMAT_TEXT, name='typowner', table=1247}, Field{column=5, dataType=21, dataTypeModifier=-1, dataTypeSize=2, format=FORMAT_TEXT, name='typlen', table=1247}, Field{column=6, dataType=16, dataTypeModifier=-1, dataTypeSize=1, format=FORMAT_TEXT, name='typbyval', table=1247}, Field{column=7, dataType=18, dataTypeModifier=-1, dataTypeSize=1, format=FORMAT_TEXT, name='typtype', table=1247}, Field{column=8, dataType=18, dataTypeModifier=-1, dataTypeSize=1, format=FORMAT_TEXT, name='typcategory', table=1247}, Field{column=9, dataType=16, dataTypeModifier=-1, dataTypeSize=1, format=FORMAT_TEXT, name='typispreferred', table=1247}, Field{column=10, dataType=16, dataTypeModifier=-1, dataTypeSize=1, format=FORMAT_TEXT, name='typisdefined', table=1247}, Field{column=11, dataType=18, dataTypeModifier=-1, dataTypeSize=1, format=FORMAT_TEXT, name='typdelim', table=1247}, Field{column=12, dataType=26, dataTypeModifier=-1, dataTypeSize=4, format=FORMAT_TEXT, name='typrelid', table=1247}, Field{column=13, dataType=24, dataTypeModifier=-1, dataTypeSize=4, format=FORMAT_TEXT, name='typsubscript', table=1247}, Field{column=14, dataType=26, dataTypeModifier=-1, dataTypeSize=4, format=FORMAT_TEXT, name='typelem', table=1247}, Field{column=15, dataType=26, dataTypeModifier=-1, dataTypeSize=4, format=FORMAT_TEXT, name='typarray', table=1247}, Field{column=16, dataType=24, dataTypeModifier=-1, dataTypeSize=4, format=FORMAT_TEXT, name='typinput', table=1247}, Field{column=17, dataType=24, dataTypeModifier=-1, dataTypeSize=4, format=FORMAT_TEXT, name='typoutput', table=1247}, Field{column=18, dataType=24, dataTypeModifier=-1, dataTypeSize=4, format=FORMAT_TEXT, name='typreceive', table=1247}, Field{column=19, dataType=24, dataTypeModifier=-1, dataTypeSize=4, format=FORMAT_TEXT, name='typsend', table=1247}, Field{column=20, dataType=24, dataTypeModifier=-1, dataTypeSize=4, format=FORMAT_TEXT, name='typmodin', table=1247}, Field{column=21, dataType=24, dataTypeModifier=-1, dataTypeSize=4, format=FORMAT_TEXT, name='typmodout', table=1247}, Field{column=22, dataType=24, dataTypeModifier=-1, dataTypeSize=4, format=FORMAT_TEXT, name='typanalyze', table=1247}, Field{column=23, dataType=18, dataTypeModifier=-1, dataTypeSize=1, format=FORMAT_TEXT, name='typalign', table=1247}, Field{column=24, dataType=18, dataTypeModifier=-1, dataTypeSize=1, format=FORMAT_TEXT, name='typstorage', table=1247}, Field{column=25, dataType=16, dataTypeModifier=-1, dataTypeSize=1, format=FORMAT_TEXT, name='typnotnull', table=1247}, Field{column=26, dataType=26, dataTypeModifier=-1, dataTypeSize=4, format=FORMAT_TEXT, name='typbasetype', table=1247}, Field{column=27, dataType=23, dataTypeModifier=-1, dataTypeSize=4, format=FORMAT_TEXT, name='typtypmod', table=1247}, Field{column=28, dataType=23, dataTypeModifier=-1, dataTypeSize=4, format=FORMAT_TEXT, name='typndims', table=1247}, Field{column=29, dataType=26, dataTypeModifier=-1, dataTypeSize=4, format=FORMAT_TEXT, name='typcollation', table=1247}, Field{column=30, dataType=194, dataTypeModifier=-1, dataTypeSize=-1, format=FORMAT_TEXT, name='typdefaultbin', table=1247}, Field{column=31, dataType=25, dataTypeModifier=-1, dataTypeSize=-1, format=FORMAT_TEXT, name='typdefault', table=1247}, Field{column=32, dataType=1034, dataTypeModifier=-1, dataTypeSize=-1, format=FORMAT_TEXT, name='typacl', table=1247}]}
2026-03-15 10:18:40.527 DEBUG [reactor-tcp-nio-5] i.r.p.client.ReactorNettyClient : [cid: 0x5][pid: 2420] Response: CommandComplete{command=SELECT, rowId=null, rows=0}
2026-03-15 10:18:40.528 DEBUG [reactor-tcp-nio-5] i.r.p.client.ReactorNettyClient : [cid: 0x5][pid: 2420] Response: ReadyForQuery{transactionStatus=IDLE}
2026-03-15 10:18:51.709 DEBUG [reactor-http-nio-2] r.n.http.server.HttpServerOperations : [5ced8fa8, L:/127.0.0.1:9091 - R:/127.0.0.1:63494] New http connection, requesting read
2026-03-15 10:18:51.731 DEBUG [reactor-http-nio-2] r.n.http.server.HttpServerOperations : [5ced8fa8, L:/127.0.0.1:9091 - R:/127.0.0.1:63494] Increasing pending responses count: 1
2026-03-15 10:18:51.735 DEBUG [reactor-http-nio-2] r.netty.http.server.HttpServer : [5ced8fa8-1, L:/127.0.0.1:9091 - R:/127.0.0.1:63494] Handler is being applied: org.springframework.http.server.reactive.ReactorHttpHandlerAdapter@421eb890
2026-03-15 10:18:51.743 DEBUG [reactor-http-nio-2] o.s.w.s.a.HttpWebHandlerAdapter : [5ced8fa8-1] HTTP GET "/internal/actuator/prometheus"
2026-03-15 10:18:51.783 DEBUG [parallel-3] o.s.w.s.s.DefaultWebSessionManager : Created new WebSession.
2026-03-15 10:18:51.786 DEBUG [parallel-3] o.s.s.w.s.u.m.OrServerWebExchangeMatcher : Trying to match using PathMatcherServerWebExchangeMatcher{pattern='/logout', method=POST}
2026-03-15 10:18:51.786 DEBUG [parallel-3] o.s.s.w.s.u.m.PathPatternParserServerWebExchangeMatcher : Request 'GET /internal/actuator/prometheus' doesn't match 'POST /logout'
2026-03-15 10:18:51.786 DEBUG [parallel-3] o.s.s.w.s.u.m.OrServerWebExchangeMatcher : No matches found
2026-03-15 10:18:51.791 DEBUG [parallel-3] o.s.s.w.s.u.m.OrServerWebExchangeMatcher : Trying to match using PathMatcherServerWebExchangeMatcher{pattern='/internal/actuator/**', method=null}
2026-03-15 10:18:51.792 DEBUG [parallel-3] o.s.s.w.s.u.m.PathPatternParserServerWebExchangeMatcher : Checking match of request : '/internal/actuator/prometheus'; against '/internal/actuator/**'
2026-03-15 10:18:51.792 DEBUG [parallel-3] o.s.s.w.s.u.m.OrServerWebExchangeMatcher : matched
2026-03-15 10:18:51.792 DEBUG [parallel-3] o.s.s.w.s.a.DelegatingReactiveAuthorizationManager : Checking authorization on '/internal/actuator/prometheus' using org.springframework.security.config.web.server.ServerHttpSecurity$AuthorizeExchangeSpec$Access$$Lambda/0x000001ff9f919600@2b130c49
2026-03-15 10:18:51.798 DEBUG [parallel-3] o.s.s.w.s.a.AuthorizationWebFilter : Authorization successful
2026-03-15 10:18:51.819 DEBUG [parallel-3] o.s.s.w.s.c.WebSessionServerSecurityContextRepository : No SecurityContext found in WebSession: 'org.springframework.web.server.session.InMemoryWebSessionStore$InMemoryWebSession@1cf7f6b'
2026-03-15 10:18:52.289 DEBUG [boundedElastic-1] o.s.w.r.r.m.a.ResponseEntityResultHandler : [5ced8fa8-1] Found 'Content-Type:application/openmetrics-text;version=1.0.0;charset=utf-8' in response
2026-03-15 10:18:52.289 DEBUG [boundedElastic-1] o.s.w.r.r.m.a.ResponseEntityResultHandler : [5ced8fa8-1] 0..1 [byte[]]
2026-03-15 10:18:52.293 DEBUG [boundedElastic-1] org.springframework.web.HttpLogging : [5ced8fa8-1] Writing 27594 bytes
2026-03-15 10:18:52.299 DEBUG [boundedElastic-1] r.n.http.server.HttpServerOperations : [5ced8fa8-1, L:/127.0.0.1:9091 - R:/127.0.0.1:63494] Last HTTP response frame
2026-03-15 10:18:52.299 DEBUG [boundedElastic-1] r.n.http.server.HttpServerOperations : [5ced8fa8-1, L:/127.0.0.1:9091 - R:/127.0.0.1:63494] Headers are not sent before onComplete().
2026-03-15 10:18:52.301 DEBUG [boundedElastic-1] o.s.w.s.a.HttpWebHandlerAdapter : [5ced8fa8-1] Completed 200 OK
2026-03-15 10:18:52.302 DEBUG [reactor-http-nio-2] r.n.http.server.HttpServerOperations : [5ced8fa8-1, L:/127.0.0.1:9091 - R:/127.0.0.1:63494] Decreasing pending responses count: 0
2026-03-15 10:18:52.303 DEBUG [reactor-http-nio-2] r.n.http.server.HttpServerOperations : [5ced8fa8-1, L:/127.0.0.1:9091 - R:/127.0.0.1:63494] Last HTTP packet was sent, terminating the channel
2026-03-15 10:18:53.905 DEBUG [DiscoveryClient-HeartbeatExecutor-%d] o.s.web.client.RestTemplate : HTTP PUT http://localhost:8761/eureka/apps/BANK-SERVICE/bank-service:9091?status=UP&lastDirtyTimestamp=1773548318901
2026-03-15 10:18:53.912 DEBUG [DiscoveryClient-HeartbeatExecutor-%d] o.s.web.client.RestTemplate : Accept=[application/json, application/*+json]
2026-03-15 10:18:53.922 DEBUG [DiscoveryClient-HeartbeatExecutor-%d] o.s.web.client.RestTemplate : Response 200 OK
2026-03-15 10:19:05.559 DEBUG [reactor-http-nio-2] r.n.http.server.HttpServerOperations : [5ced8fa8, L:/127.0.0.1:9091 - R:/127.0.0.1:63494] Increasing pending responses count: 1
2026-03-15 10:19:05.559 DEBUG [reactor-http-nio-2] r.netty.http.server.HttpServer : [5ced8fa8-2, L:/127.0.0.1:9091 - R:/127.0.0.1:63494] Handler is being applied: org.springframework.http.server.reactive.ReactorHttpHandlerAdapter@421eb890
2026-03-15 10:19:05.559 DEBUG [reactor-http-nio-2] o.s.w.s.a.HttpWebHandlerAdapter : [5ced8fa8-2] HTTP GET "/internal/actuator/prometheus"
2026-03-15 10:19:05.561 DEBUG [parallel-4] o.s.w.s.s.DefaultWebSessionManager : Created new WebSession.
2026-03-15 10:19:05.561 DEBUG [parallel-4] o.s.s.w.s.u.m.OrServerWebExchangeMatcher : Trying to match using PathMatcherServerWebExchangeMatcher{pattern='/logout', method=POST}
2026-03-15 10:19:05.561 DEBUG [parallel-4] o.s.s.w.s.u.m.PathPatternParserServerWebExchangeMatcher : Request 'GET /internal/actuator/prometheus' doesn't match 'POST /logout'
2026-03-15 10:19:05.561 DEBUG [parallel-4] o.s.s.w.s.u.m.OrServerWebExchangeMatcher : No matches found
2026-03-15 10:19:05.561 DEBUG [parallel-4] o.s.s.w.s.u.m.OrServerWebExchangeMatcher : Trying to match using PathMatcherServerWebExchangeMatcher{pattern='/internal/actuator/**', method=null}
2026-03-15 10:19:05.561 DEBUG [parallel-4] o.s.s.w.s.u.m.PathPatternParserServerWebExchangeMatcher : Checking match of request : '/internal/actuator/prometheus'; against '/internal/actuator/**'
2026-03-15 10:19:05.561 DEBUG [parallel-4] o.s.s.w.s.u.m.OrServerWebExchangeMatcher : matched
2026-03-15 10:19:05.561 DEBUG [parallel-4] o.s.s.w.s.a.DelegatingReactiveAuthorizationManager : Checking authorization on '/internal/actuator/prometheus' using org.springframework.security.config.web.server.ServerHttpSecurity$AuthorizeExchangeSpec$Access$$Lambda/0x000001ff9f919600@2b130c49
2026-03-15 10:19:05.561 DEBUG [parallel-4] o.s.s.w.s.a.AuthorizationWebFilter : Authorization successful
2026-03-15 10:19:05.562 DEBUG [parallel-4] o.s.s.w.s.c.WebSessionServerSecurityContextRepository : No SecurityContext found in WebSession: 'org.springframework.web.server.session.InMemoryWebSessionStore$InMemoryWebSession@189716df'
2026-03-15 10:19:05.610 DEBUG [boundedElastic-1] o.s.w.r.r.m.a.ResponseEntityResultHandler : [5ced8fa8-2] Found 'Content-Type:application/openmetrics-text;version=1.0.0;charset=utf-8' in response
2026-03-15 10:19:05.611 DEBUG [boundedElastic-1] o.s.w.r.r.m.a.ResponseEntityResultHandler : [5ced8fa8-2] 0..1 [byte[]]
2026-03-15 10:19:05.611 DEBUG [boundedElastic-1] org.springframework.web.HttpLogging : [5ced8fa8-2] Writing 41592 bytes
2026-03-15 10:19:05.611 DEBUG [boundedElastic-1] r.n.http.server.HttpServerOperations : [5ced8fa8-2, L:/127.0.0.1:9091 - R:/127.0.0.1:63494] Last HTTP response frame
2026-03-15 10:19:05.611 DEBUG [boundedElastic-1] r.n.http.server.HttpServerOperations : [5ced8fa8-2, L:/127.0.0.1:9091 - R:/127.0.0.1:63494] Headers are not sent before onComplete().
2026-03-15 10:19:05.612 DEBUG [boundedElastic-1] o.s.w.s.a.HttpWebHandlerAdapter : [5ced8fa8-2] Completed 200 OK
2026-03-15 10:19:05.612 DEBUG [reactor-http-nio-2] r.n.http.server.HttpServerOperations : [5ced8fa8-2, L:/127.0.0.1:9091 - R:/127.0.0.1:63494] Decreasing pending responses count: 0
2026-03-15 10:19:05.612 DEBUG [reactor-http-nio-2] r.n.http.server.HttpServerOperations : [5ced8fa8-2, L:/127.0.0.1:9091 - R:/127.0.0.1:63494] Last HTTP packet was sent, terminating the channel
2026-03-15 10:19:08.900 DEBUG [DiscoveryClient-CacheRefreshExecutor-%d] o.s.web.client.RestTemplate : HTTP GET http://localhost:8761/eureka/apps/delta
2026-03-15 10:19:08.900 DEBUG [DiscoveryClient-CacheRefreshExecutor-%d] o.s.web.client.RestTemplate : Accept=[application/json, application/*+json]
2026-03-15 10:19:08.919 DEBUG [DiscoveryClient-CacheRefreshExecutor-%d] o.s.web.client.RestTemplate : Response 200 OK
2026-03-15 10:19:08.920 DEBUG [DiscoveryClient-CacheRefreshExecutor-%d] o.s.web.client.RestTemplate : Reading to [org.springframework.cloud.netflix.eureka.http.EurekaApplications]
2026-03-15 10:19:08.925 DEBUG [DiscoveryClient-HeartbeatExecutor-%d] o.s.web.client.RestTemplate : HTTP PUT http://localhost:8761/eureka/apps/BANK-SERVICE/bank-service:9091?status=UP&lastDirtyTimestamp=1773548318901
2026-03-15 10:19:08.925 DEBUG [DiscoveryClient-HeartbeatExecutor-%d] o.s.web.client.RestTemplate : Accept=[application/json, application/*+json]
2026-03-15 10:19:08.934 DEBUG [DiscoveryClient-HeartbeatExecutor-%d] o.s.web.client.RestTemplate : Response 200 OK
2026-03-15 10:19:19.378 DEBUG [reactor-http-nio-2] r.n.http.server.HttpServerOperations : [5ced8fa8, L:/127.0.0.1:9091 - R:/127.0.0.1:63494] Increasing pending responses count: 1
2026-03-15 10:19:19.378 DEBUG [reactor-http-nio-2] r.netty.http.server.HttpServer : [5ced8fa8-3, L:/127.0.0.1:9091 - R:/127.0.0.1:63494] Handler is being applied: org.springframework.http.server.reactive.ReactorHttpHandlerAdapter@421eb890
2026-03-15 10:19:19.378 DEBUG [reactor-http-nio-2] o.s.w.s.a.HttpWebHandlerAdapter : [5ced8fa8-3] HTTP GET "/internal/actuator/prometheus"
2026-03-15 10:19:19.379 DEBUG [parallel-5] o.s.w.s.s.DefaultWebSessionManager : Created new WebSession.
2026-03-15 10:19:19.379 DEBUG [parallel-5] o.s.s.w.s.u.m.OrServerWebExchangeMatcher : Trying to match using PathMatcherServerWebExchangeMatcher{pattern='/logout', method=POST}
2026-03-15 10:19:19.379 DEBUG [parallel-5] o.s.s.w.s.u.m.PathPatternParserServerWebExchangeMatcher : Request 'GET /internal/actuator/prometheus' doesn't match 'POST /logout'
2026-03-15 10:19:19.379 DEBUG [parallel-5] o.s.s.w.s.u.m.OrServerWebExchangeMatcher : No matches found
2026-03-15 10:19:19.380 DEBUG [parallel-5] o.s.s.w.s.u.m.OrServerWebExchangeMatcher : Trying to match using PathMatcherServerWebExchangeMatcher{pattern='/internal/actuator/**', method=null}
2026-03-15 10:19:19.380 DEBUG [parallel-5] o.s.s.w.s.u.m.PathPatternParserServerWebExchangeMatcher : Checking match of request : '/internal/actuator/prometheus'; against '/internal/actuator/**'
2026-03-15 10:19:19.380 DEBUG [parallel-5] o.s.s.w.s.u.m.OrServerWebExchangeMatcher : matched
2026-03-15 10:19:19.380 DEBUG [parallel-5] o.s.s.w.s.a.DelegatingReactiveAuthorizationManager : Checking authorization on '/internal/actuator/prometheus' using org.springframework.security.config.web.server.ServerHttpSecurity$AuthorizeExchangeSpec$Access$$Lambda/0x000001ff9f919600@2b130c49
2026-03-15 10:19:19.380 DEBUG [parallel-5] o.s.s.w.s.a.AuthorizationWebFilter : Authorization successful
2026-03-15 10:19:19.381 DEBUG [parallel-5] o.s.s.w.s.c.WebSessionServerSecurityContextRepository : No SecurityContext found in WebSession: 'org.springframework.web.server.session.InMemoryWebSessionStore$InMemoryWebSession@6fd276b0'
2026-03-15 10:19:19.435 DEBUG [boundedElastic-1] o.s.w.r.r.m.a.ResponseEntityResultHandler : [5ced8fa8-3] Found 'Content-Type:application/openmetrics-text;version=1.0.0;charset=utf-8' in response
2026-03-15 10:19:19.435 DEBUG [boundedElastic-1] o.s.w.r.r.m.a.ResponseEntityResultHandler : [5ced8fa8-3] 0..1 [byte[]]
2026-03-15 10:19:19.435 DEBUG [boundedElastic-1] org.springframework.web.HttpLogging : [5ced8fa8-3] Writing 41594 bytes
2026-03-15 10:19:19.436 DEBUG [boundedElastic-1] r.n.http.server.HttpServerOperations : [5ced8fa8-3, L:/127.0.0.1:9091 - R:/127.0.0.1:63494] Last HTTP response frame
2026-03-15 10:19:19.436 DEBUG [boundedElastic-1] r.n.http.server.HttpServerOperations : [5ced8fa8-3, L:/127.0.0.1:9091 - R:/127.0.0.1:63494] Headers are not sent before onComplete().
2026-03-15 10:19:19.436 DEBUG [boundedElastic-1] o.s.w.s.a.HttpWebHandlerAdapter : [5ced8fa8-3] Completed 200 OK
2026-03-15 10:19:19.436 DEBUG [reactor-http-nio-2] r.n.http.server.HttpServerOperations : [5ced8fa8-3, L:/127.0.0.1:9091 - R:/127.0.0.1:63494] Decreasing pending responses count: 0
2026-03-15 10:19:19.436 DEBUG [reactor-http-nio-2] r.n.http.server.HttpServerOperations : [5ced8fa8-3, L:/127.0.0.1:9091 - R:/127.0.0.1:63494] Last HTTP packet was sent, terminating the channel
2026-03-15 10:19:23.945 DEBUG [DiscoveryClient-HeartbeatExecutor-%d] o.s.web.client.RestTemplate : HTTP PUT http://localhost:8761/eureka/apps/BANK-SERVICE/bank-service:9091?status=UP&lastDirtyTimestamp=1773548318901
2026-03-15 10:19:23.945 DEBUG [DiscoveryClient-HeartbeatExecutor-%d] o.s.web.client.RestTemplate : Accept=[application/json, application/*+json]
2026-03-15 10:19:23.961 DEBUG [DiscoveryClient-HeartbeatExecutor-%d] o.s.web.client.RestTemplate : Response 200 OK
2026-03-15 10:19:33.219 DEBUG [reactor-http-nio-2] r.n.http.server.HttpServerOperations : [5ced8fa8, L:/127.0.0.1:9091 - R:/127.0.0.1:63494] Increasing pending responses count: 1
2026-03-15 10:19:33.220 DEBUG [reactor-http-nio-2] r.netty.http.server.HttpServer : [5ced8fa8-4, L:/127.0.0.1:9091 - R:/127.0.0.1:63494] Handler is being applied: org.springframework.http.server.reactive.ReactorHttpHandlerAdapter@421eb890
2026-03-15 10:19:33.220 DEBUG [reactor-http-nio-2] o.s.w.s.a.HttpWebHandlerAdapter : [5ced8fa8-4] HTTP GET "/internal/actuator/prometheus"
2026-03-15 10:19:33.221 DEBUG [parallel-6] o.s.w.s.s.DefaultWebSessionManager : Created new WebSession.
2026-03-15 10:19:33.221 DEBUG [parallel-6] o.s.s.w.s.u.m.OrServerWebExchangeMatcher : Trying to match using PathMatcherServerWebExchangeMatcher{pattern='/logout', method=POST}
2026-03-15 10:19:33.221 DEBUG [parallel-6] o.s.s.w.s.u.m.PathPatternParserServerWebExchangeMatcher : Request 'GET /internal/actuator/prometheus' doesn't match 'POST /logout'
2026-03-15 10:19:33.221 DEBUG [parallel-6] o.s.s.w.s.u.m.OrServerWebExchangeMatcher : No matches found
2026-03-15 10:19:33.221 DEBUG [parallel-6] o.s.s.w.s.u.m.OrServerWebExchangeMatcher : Trying to match using PathMatcherServerWebExchangeMatcher{pattern='/internal/actuator/**', method=null}
2026-03-15 10:19:33.221 DEBUG [parallel-6] o.s.s.w.s.u.m.PathPatternParserServerWebExchangeMatcher : Checking match of request : '/internal/actuator/prometheus'; against '/internal/actuator/**'
2026-03-15 10:19:33.221 DEBUG [parallel-6] o.s.s.w.s.u.m.OrServerWebExchangeMatcher : matched
2026-03-15 10:19:33.221 DEBUG [parallel-6] o.s.s.w.s.a.DelegatingReactiveAuthorizationManager : Checking authorization on '/internal/actuator/prometheus' using org.springframework.security.config.web.server.ServerHttpSecurity$AuthorizeExchangeSpec$Access$$Lambda/0x000001ff9f919600@2b130c49
2026-03-15 10:19:33.221 DEBUG [parallel-6] o.s.s.w.s.a.AuthorizationWebFilter : Authorization successful
2026-03-15 10:19:33.222 DEBUG [parallel-6] o.s.s.w.s.c.WebSessionServerSecurityContextRepository : No SecurityContext found in WebSession: 'org.springframework.web.server.session.InMemoryWebSessionStore$InMemoryWebSession@48a294a4'
2026-03-15 10:19:33.262 DEBUG [boundedElastic-1] o.s.w.r.r.m.a.ResponseEntityResultHandler : [5ced8fa8-4] Found 'Content-Type:application/openmetrics-text;version=1.0.0;charset=utf-8' in response
2026-03-15 10:19:33.262 DEBUG [boundedElastic-1] o.s.w.r.r.m.a.ResponseEntityResultHandler : [5ced8fa8-4] 0..1 [byte[]]
2026-03-15 10:19:33.262 DEBUG [boundedElastic-1] org.springframework.web.HttpLogging : [5ced8fa8-4] Writing 41591 bytes
2026-03-15 10:19:33.263 DEBUG [boundedElastic-1] r.n.http.server.HttpServerOperations : [5ced8fa8-4, L:/127.0.0.1:9091 - R:/127.0.0.1:63494] Last HTTP response frame
2026-03-15 10:19:33.263 DEBUG [boundedElastic-1] r.n.http.server.HttpServerOperations : [5ced8fa8-4, L:/127.0.0.1:9091 - R:/127.0.0.1:63494] Headers are not sent before onComplete().
2026-03-15 10:19:33.263 DEBUG [boundedElastic-1] o.s.w.s.a.HttpWebHandlerAdapter : [5ced8fa8-4] Completed 200 OK
2026-03-15 10:19:33.263 DEBUG [reactor-http-nio-2] r.n.http.server.HttpServerOperations : [5ced8fa8-4, L:/127.0.0.1:9091 - R:/127.0.0.1:63494] Decreasing pending responses count: 0
2026-03-15 10:19:33.263 DEBUG [reactor-http-nio-2] r.n.http.server.HttpServerOperations : [5ced8fa8-4, L:/127.0.0.1:9091 - R:/127.0.0.1:63494] Last HTTP packet was sent, terminating the channel
2026-03-15 10:19:38.932 DEBUG [DiscoveryClient-CacheRefreshExecutor-%d] o.s.web.client.RestTemplate : HTTP GET http://localhost:8761/eureka/apps/delta
2026-03-15 10:19:38.932 DEBUG [DiscoveryClient-CacheRefreshExecutor-%d] o.s.web.client.RestTemplate : Accept=[application/json, application/*+json]
2026-03-15 10:19:38.949 DEBUG [DiscoveryClient-CacheRefreshExecutor-%d] o.s.web.client.RestTemplate : Response 200 OK
2026-03-15 10:19:38.949 DEBUG [DiscoveryClient-CacheRefreshExecutor-%d] o.s.web.client.RestTemplate : Reading to [org.springframework.cloud.netflix.eureka.http.EurekaApplications]
2026-03-15 10:19:38.963 DEBUG [DiscoveryClient-HeartbeatExecutor-%d] o.s.web.client.RestTemplate : HTTP PUT http://localhost:8761/eureka/apps/BANK-SERVICE/bank-service:9091?status=UP&lastDirtyTimestamp=1773548318901
2026-03-15 10:19:38.963 DEBUG [DiscoveryClient-HeartbeatExecutor-%d] o.s.web.client.RestTemplate : Accept=[application/json, application/*+json]
2026-03-15 10:19:38.979 DEBUG [DiscoveryClient-HeartbeatExecutor-%d] o.s.web.client.RestTemplate : Response 200 OK
