2026-03-11 11:39:44.235 INFO  [main] c.f.t.u.s.FundTransferUserServiceApplication : Starting FundTransferUserServiceApplication using Java 21.0.9 with PID 2940 (D:\Learning\FundTransfer\FundTransfer\FundTransferUserService\target\classes started by CRYSTAL TECHNOLOGY in D:\Learning\FundTransfer\FundTransfer)
2026-03-11 11:39:44.236 DEBUG [main] c.f.t.u.s.FundTransferUserServiceApplication : Running with Spring Boot v3.4.1, Spring v6.2.1
2026-03-11 11:39:44.237 INFO  [main] c.f.t.u.s.FundTransferUserServiceApplication : The following 1 profile is active: "dev"
2026-03-11 11:39:45.314 INFO  [main] o.s.d.r.c.RepositoryConfigurationDelegate : Multiple Spring Data modules found, entering strict repository configuration mode
2026-03-11 11:39:45.316 INFO  [main] o.s.d.r.c.RepositoryConfigurationDelegate : Bootstrapping Spring Data R2DBC repositories in DEFAULT mode.
2026-03-11 11:39:45.491 INFO  [main] o.s.d.r.c.RepositoryConfigurationDelegate : Finished Spring Data repository scanning in 169 ms. Found 2 R2DBC repository interfaces.
2026-03-11 11:39:45.508 INFO  [main] o.s.d.r.c.RepositoryConfigurationDelegate : Multiple Spring Data modules found, entering strict repository configuration mode
2026-03-11 11:39:45.509 INFO  [main] o.s.d.r.c.RepositoryConfigurationDelegate : Bootstrapping Spring Data Redis repositories in DEFAULT mode.
2026-03-11 11:39:45.541 INFO  [main] o.s.d.r.c.RepositoryConfigurationExtensionSupport : Spring Data Redis - Could not safely identify store assignment for repository candidate interface com.fund.transfer.user.service.data.auth.AuthRepository; If you want this repository to be a Redis repository, consider annotating your entities with one of these annotations: org.springframework.data.redis.core.RedisHash (preferred), or consider extending one of the following types with your repository: org.springframework.data.keyvalue.repository.KeyValueRepository
2026-03-11 11:39:45.542 INFO  [main] o.s.d.r.c.RepositoryConfigurationExtensionSupport : Spring Data Redis - Could not safely identify store assignment for repository candidate interface com.fund.transfer.user.service.data.user.UserRepository; If you want this repository to be a Redis repository, consider annotating your entities with one of these annotations: org.springframework.data.redis.core.RedisHash (preferred), or consider extending one of the following types with your repository: org.springframework.data.keyvalue.repository.KeyValueRepository
2026-03-11 11:39:45.542 INFO  [main] o.s.d.r.c.RepositoryConfigurationDelegate : Finished Spring Data repository scanning in 19 ms. Found 0 Redis repository interfaces.
2026-03-11 11:39:45.831 INFO  [main] o.s.cloud.context.scope.GenericScope : BeanFactory id=8df1705b-4e8d-36fd-8a8f-8bfa2d02782d
2026-03-11 11:39:46.684 INFO  [main] c.f.t.u.s.g.schema.SchemaInitializer : ╔══════════════════════════════════════════╗
2026-03-11 11:39:46.684 INFO  [main] c.f.t.u.s.g.schema.SchemaInitializer : ║   User Service Schema Initialization...  ║
2026-03-11 11:39:46.684 INFO  [main] c.f.t.u.s.g.schema.SchemaInitializer : ╚══════════════════════════════════════════╝
2026-03-11 11:39:46.684 INFO  [main] c.f.t.u.s.g.schema.SchemaInitializer : Checking schema 'user_service'...
2026-03-11 11:39:46.796 INFO  [main] c.f.t.u.s.g.schema.SchemaInitializer : Schema 'user_service' already exists — skipping
2026-03-11 11:39:46.850 DEBUG [main] io.r2dbc.postgresql.Extensions : Discovering Extensions using ServiceLoader
2026-03-11 11:39:46.851 DEBUG [main] io.r2dbc.postgresql.Extensions : Registering extension io.r2dbc.postgresql.codec.BuiltinDynamicCodecs
2026-03-11 11:39:47.401 INFO  [main] c.f.t.u.s.g.schema.LiquibaseConfig : Liquibase configured — schema: user_service, changelog: classpath:db/changelog/db.changelog-master.xml
2026-03-11 11:39:47.996 DEBUG [main] liquibase.executor : Changelog query completed.
2026-03-11 11:39:48.004 INFO  [main] liquibase.changelog : Reading from user_service.databasechangelog
2026-03-11 11:39:48.009 DEBUG [main] liquibase.executor : Changelog query completed.
2026-03-11 11:39:48.018 DEBUG [main] liquibase.executor : Changelog query completed.
2026-03-11 11:39:48.060 DEBUG [main] liquibase.changelog : Fast check found no un-run changesets
2026-03-11 11:39:48.060 INFO  [main] liquibase.ui : Database is up to date, no changesets to execute
2026-03-11 11:39:48.062 INFO  [main] liquibase.changelog : Reading from user_service.databasechangelog
2026-03-11 11:39:48.063 DEBUG [main] liquibase.executor : Changelog query completed.
2026-03-11 11:39:48.068 INFO  [main] liquibase.util : UPDATE SUMMARY
2026-03-11 11:39:48.068 INFO  [main] liquibase.util : Run:                          0
2026-03-11 11:39:48.068 INFO  [main] liquibase.util : Previously run:               8
2026-03-11 11:39:48.068 INFO  [main] liquibase.util : Filtered out:                 0
2026-03-11 11:39:48.068 INFO  [main] liquibase.util : -------------------------------
2026-03-11 11:39:48.068 INFO  [main] liquibase.util : Total change sets:            8
2026-03-11 11:39:48.068 INFO  [main] liquibase.util : Update summary generated
2026-03-11 11:39:48.069 INFO  [main] liquibase.command : Command execution complete
2026-03-11 11:39:48.248 DEBUG [main] o.s.w.r.r.m.a.RequestMappingHandlerMapping : 7 mappings in 'requestMappingHandlerMapping'
2026-03-11 11:39:48.280 DEBUG [main] o.s.w.r.r.m.a.ControllerMethodResolver : ControllerAdvice beans: 0 @ModelAttribute, 0 @InitBinder, 1 @ExceptionHandler
2026-03-11 11:39:48.299 DEBUG [main] o.s.w.s.a.HttpWebHandlerAdapter : enableLoggingRequestDetails='false': form data and headers will be masked to prevent unsafe logging of potentially sensitive data
2026-03-11 11:39:48.340 INFO  [main] o.s.c.n.e.c.DiscoveryClientOptionalArgsConfiguration : Eureka HTTP Client uses RestTemplate.
2026-03-11 11:39:48.619 WARN  [main] o.s.c.l.c.LoadBalancerCacheAutoConfiguration$LoadBalancerCaffeineWarnLogger : Spring Cloud LoadBalancer is currently working with the default cache. While this cache implementation is useful for development and tests, it's recommended to use Caffeine cache in production.You can switch to using Caffeine cache, by adding it and org.springframework.cache.caffeine.CaffeineCacheManager to the classpath.
2026-03-11 11:39:48.692 INFO  [main] o.s.c.n.eureka.InstanceInfoFactory : Setting initial instance status as: STARTING
2026-03-11 11:39:48.712 INFO  [main] c.netflix.discovery.DiscoveryClient : Initializing Eureka in region us-east-1
2026-03-11 11:39:48.715 INFO  [main] c.n.d.s.r.aws.ConfigClusterResolver : Resolving eureka endpoints via configuration
2026-03-11 11:39:48.722 INFO  [main] c.netflix.discovery.DiscoveryClient : Disable delta property : false
2026-03-11 11:39:48.722 INFO  [main] c.netflix.discovery.DiscoveryClient : Single vip registry refresh property : null
2026-03-11 11:39:48.722 INFO  [main] c.netflix.discovery.DiscoveryClient : Force full registry fetch : false
2026-03-11 11:39:48.722 INFO  [main] c.netflix.discovery.DiscoveryClient : Application is null : false
2026-03-11 11:39:48.722 INFO  [main] c.netflix.discovery.DiscoveryClient : Registered Applications size is zero : true
2026-03-11 11:39:48.723 INFO  [main] c.netflix.discovery.DiscoveryClient : Application version is -1: true
2026-03-11 11:39:48.723 INFO  [main] c.netflix.discovery.DiscoveryClient : Getting all instance registry info from the eureka server
2026-03-11 11:39:48.835 DEBUG [main] o.s.web.client.RestTemplate : HTTP GET http://localhost:8761/eureka/apps/
2026-03-11 11:39:48.935 DEBUG [main] o.s.web.client.RestTemplate : Accept=[application/json, application/*+json]
2026-03-11 11:39:49.100 DEBUG [main] o.s.web.client.RestTemplate : Response 200 OK
2026-03-11 11:39:49.102 DEBUG [main] o.s.web.client.RestTemplate : Reading to [org.springframework.cloud.netflix.eureka.http.EurekaApplications]
2026-03-11 11:39:49.121 INFO  [main] c.netflix.discovery.DiscoveryClient : The response status is 200
2026-03-11 11:39:49.122 INFO  [main] c.netflix.discovery.DiscoveryClient : Starting heartbeat executor: renew interval is: 15
2026-03-11 11:39:49.123 INFO  [main] c.n.discovery.InstanceInfoReplicator : InstanceInfoReplicator onDemand update allowed rate per min is 4
2026-03-11 11:39:49.124 INFO  [main] c.netflix.discovery.DiscoveryClient : Discovery Client initialized at timestamp 1773207589124 with initial instances count: 0
2026-03-11 11:39:49.127 INFO  [main] o.s.c.n.e.s.EurekaServiceRegistry : Registering application USER-SERVICE with eureka with status UP
2026-03-11 11:39:49.127 INFO  [main] c.netflix.discovery.DiscoveryClient : Saw local status change event StatusChangeEvent [timestamp=1773207589127, current=UP, previous=STARTING]
2026-03-11 11:39:49.128 INFO  [DiscoveryClient-InstanceInfoReplicator-%d] c.netflix.discovery.DiscoveryClient : DiscoveryClient_USER-SERVICE/user-service:9090: registering service...
2026-03-11 11:39:49.131 DEBUG [DiscoveryClient-InstanceInfoReplicator-%d] o.s.web.client.RestTemplate : HTTP POST http://localhost:8761/eureka/apps/USER-SERVICE
2026-03-11 11:39:49.133 DEBUG [DiscoveryClient-InstanceInfoReplicator-%d] o.s.web.client.RestTemplate : Accept=[application/json, application/*+json]
2026-03-11 11:39:49.147 DEBUG [DiscoveryClient-InstanceInfoReplicator-%d] o.s.web.client.RestTemplate : Writing [InstanceInfo [instanceId = user-service:9090, appName = USER-SERVICE, hostName = 192.168.1.136, status = UP, ipAddr = 192.168.1.136, port = 9090, securePort = 443, dataCenterInfo = com.netflix.appinfo.MyDataCenterInfo@59a6e31c] as "application/json"
2026-03-11 11:39:49.208 INFO  [main] o.s.b.w.e.netty.NettyWebServer : Netty started on port 9090 (http)
2026-03-11 11:39:49.209 INFO  [main] o.s.c.n.e.s.EurekaAutoServiceRegistration : Updating port to 9090
2026-03-11 11:39:49.223 INFO  [main] c.f.t.u.s.FundTransferUserServiceApplication : Started FundTransferUserServiceApplication in 5.428 seconds (process running for 6.147)
2026-03-11 11:39:49.242 DEBUG [DiscoveryClient-InstanceInfoReplicator-%d] o.s.web.client.RestTemplate : Response 204 NO_CONTENT
2026-03-11 11:39:49.243 INFO  [DiscoveryClient-InstanceInfoReplicator-%d] c.netflix.discovery.DiscoveryClient : DiscoveryClient_USER-SERVICE/user-service:9090 - registration status: 204
2026-03-11 11:40:04.135 DEBUG [DiscoveryClient-HeartbeatExecutor-%d] o.s.web.client.RestTemplate : HTTP PUT http://localhost:8761/eureka/apps/USER-SERVICE/user-service:9090?status=UP&lastDirtyTimestamp=1773207589127
2026-03-11 11:40:04.145 DEBUG [DiscoveryClient-HeartbeatExecutor-%d] o.s.web.client.RestTemplate : Accept=[application/json, application/*+json]
2026-03-11 11:40:04.163 DEBUG [DiscoveryClient-HeartbeatExecutor-%d] o.s.web.client.RestTemplate : Response 200 OK
2026-03-11 11:40:19.128 INFO  [DiscoveryClient-CacheRefreshExecutor-%d] c.netflix.discovery.DiscoveryClient : Disable delta property : false
2026-03-11 11:40:19.128 INFO  [DiscoveryClient-CacheRefreshExecutor-%d] c.netflix.discovery.DiscoveryClient : Single vip registry refresh property : null
2026-03-11 11:40:19.128 INFO  [DiscoveryClient-CacheRefreshExecutor-%d] c.netflix.discovery.DiscoveryClient : Force full registry fetch : false
2026-03-11 11:40:19.128 INFO  [DiscoveryClient-CacheRefreshExecutor-%d] c.netflix.discovery.DiscoveryClient : Application is null : false
2026-03-11 11:40:19.128 INFO  [DiscoveryClient-CacheRefreshExecutor-%d] c.netflix.discovery.DiscoveryClient : Registered Applications size is zero : true
2026-03-11 11:40:19.128 INFO  [DiscoveryClient-CacheRefreshExecutor-%d] c.netflix.discovery.DiscoveryClient : Application version is -1: false
2026-03-11 11:40:19.129 INFO  [DiscoveryClient-CacheRefreshExecutor-%d] c.netflix.discovery.DiscoveryClient : Getting all instance registry info from the eureka server
2026-03-11 11:40:19.129 DEBUG [DiscoveryClient-CacheRefreshExecutor-%d] o.s.web.client.RestTemplate : HTTP GET http://localhost:8761/eureka/apps/
2026-03-11 11:40:19.129 DEBUG [DiscoveryClient-CacheRefreshExecutor-%d] o.s.web.client.RestTemplate : Accept=[application/json, application/*+json]
2026-03-11 11:40:19.146 DEBUG [DiscoveryClient-CacheRefreshExecutor-%d] o.s.web.client.RestTemplate : Response 200 OK
2026-03-11 11:40:19.146 DEBUG [DiscoveryClient-CacheRefreshExecutor-%d] o.s.web.client.RestTemplate : Reading to [org.springframework.cloud.netflix.eureka.http.EurekaApplications]
2026-03-11 11:40:19.156 INFO  [DiscoveryClient-CacheRefreshExecutor-%d] c.netflix.discovery.DiscoveryClient : The response status is 200
2026-03-11 11:40:19.174 DEBUG [DiscoveryClient-HeartbeatExecutor-%d] o.s.web.client.RestTemplate : HTTP PUT http://localhost:8761/eureka/apps/USER-SERVICE/user-service:9090?status=UP&lastDirtyTimestamp=1773207589127
2026-03-11 11:40:19.174 DEBUG [DiscoveryClient-HeartbeatExecutor-%d] o.s.web.client.RestTemplate : Accept=[application/json, application/*+json]
2026-03-11 11:40:19.179 DEBUG [DiscoveryClient-HeartbeatExecutor-%d] o.s.web.client.RestTemplate : Response 200 OK
2026-03-11 11:40:34.190 DEBUG [DiscoveryClient-HeartbeatExecutor-%d] o.s.web.client.RestTemplate : HTTP PUT http://localhost:8761/eureka/apps/USER-SERVICE/user-service:9090?status=UP&lastDirtyTimestamp=1773207589127
2026-03-11 11:40:34.190 DEBUG [DiscoveryClient-HeartbeatExecutor-%d] o.s.web.client.RestTemplate : Accept=[application/json, application/*+json]
2026-03-11 11:40:34.208 DEBUG [DiscoveryClient-HeartbeatExecutor-%d] o.s.web.client.RestTemplate : Response 200 OK
2026-03-11 11:40:49.170 DEBUG [DiscoveryClient-CacheRefreshExecutor-%d] o.s.web.client.RestTemplate : HTTP GET http://localhost:8761/eureka/apps/delta
2026-03-11 11:40:49.170 DEBUG [DiscoveryClient-CacheRefreshExecutor-%d] o.s.web.client.RestTemplate : Accept=[application/json, application/*+json]
2026-03-11 11:40:49.187 DEBUG [DiscoveryClient-CacheRefreshExecutor-%d] o.s.web.client.RestTemplate : Response 200 OK
2026-03-11 11:40:49.187 DEBUG [DiscoveryClient-CacheRefreshExecutor-%d] o.s.web.client.RestTemplate : Reading to [org.springframework.cloud.netflix.eureka.http.EurekaApplications]
2026-03-11 11:40:49.216 DEBUG [DiscoveryClient-HeartbeatExecutor-%d] o.s.web.client.RestTemplate : HTTP PUT http://localhost:8761/eureka/apps/USER-SERVICE/user-service:9090?status=UP&lastDirtyTimestamp=1773207589127
2026-03-11 11:40:49.216 DEBUG [DiscoveryClient-HeartbeatExecutor-%d] o.s.web.client.RestTemplate : Accept=[application/json, application/*+json]
2026-03-11 11:40:49.233 DEBUG [DiscoveryClient-HeartbeatExecutor-%d] o.s.web.client.RestTemplate : Response 200 OK
2026-03-11 11:41:04.247 DEBUG [DiscoveryClient-HeartbeatExecutor-%d] o.s.web.client.RestTemplate : HTTP PUT http://localhost:8761/eureka/apps/USER-SERVICE/user-service:9090?status=UP&lastDirtyTimestamp=1773207589127
2026-03-11 11:41:04.247 DEBUG [DiscoveryClient-HeartbeatExecutor-%d] o.s.web.client.RestTemplate : Accept=[application/json, application/*+json]
2026-03-11 11:41:04.279 DEBUG [DiscoveryClient-HeartbeatExecutor-%d] o.s.web.client.RestTemplate : Response 200 OK
2026-03-11 11:41:19.195 DEBUG [DiscoveryClient-CacheRefreshExecutor-%d] o.s.web.client.RestTemplate : HTTP GET http://localhost:8761/eureka/apps/delta
2026-03-11 11:41:19.196 DEBUG [DiscoveryClient-CacheRefreshExecutor-%d] o.s.web.client.RestTemplate : Accept=[application/json, application/*+json]
2026-03-11 11:41:19.219 DEBUG [DiscoveryClient-CacheRefreshExecutor-%d] o.s.web.client.RestTemplate : Response 200 OK
2026-03-11 11:41:19.219 DEBUG [DiscoveryClient-CacheRefreshExecutor-%d] o.s.web.client.RestTemplate : Reading to [org.springframework.cloud.netflix.eureka.http.EurekaApplications]
2026-03-11 11:41:19.288 DEBUG [DiscoveryClient-HeartbeatExecutor-%d] o.s.web.client.RestTemplate : HTTP PUT http://localhost:8761/eureka/apps/USER-SERVICE/user-service:9090?status=UP&lastDirtyTimestamp=1773207589127
2026-03-11 11:41:19.289 DEBUG [DiscoveryClient-HeartbeatExecutor-%d] o.s.web.client.RestTemplate : Accept=[application/json, application/*+json]
2026-03-11 11:41:19.310 DEBUG [DiscoveryClient-HeartbeatExecutor-%d] o.s.web.client.RestTemplate : Response 200 OK
2026-03-11 11:41:34.322 DEBUG [DiscoveryClient-HeartbeatExecutor-%d] o.s.web.client.RestTemplate : HTTP PUT http://localhost:8761/eureka/apps/USER-SERVICE/user-service:9090?status=UP&lastDirtyTimestamp=1773207589127
2026-03-11 11:41:34.323 DEBUG [DiscoveryClient-HeartbeatExecutor-%d] o.s.web.client.RestTemplate : Accept=[application/json, application/*+json]
2026-03-11 11:41:34.345 DEBUG [DiscoveryClient-HeartbeatExecutor-%d] o.s.web.client.RestTemplate : Response 200 OK
2026-03-11 11:41:49.234 DEBUG [DiscoveryClient-CacheRefreshExecutor-%d] o.s.web.client.RestTemplate : HTTP GET http://localhost:8761/eureka/apps/delta
2026-03-11 11:41:49.235 DEBUG [DiscoveryClient-CacheRefreshExecutor-%d] o.s.web.client.RestTemplate : Accept=[application/json, application/*+json]
2026-03-11 11:41:49.251 DEBUG [DiscoveryClient-CacheRefreshExecutor-%d] o.s.web.client.RestTemplate : Response 200 OK
2026-03-11 11:41:49.252 DEBUG [DiscoveryClient-CacheRefreshExecutor-%d] o.s.web.client.RestTemplate : Reading to [org.springframework.cloud.netflix.eureka.http.EurekaApplications]
2026-03-11 11:41:49.359 DEBUG [DiscoveryClient-HeartbeatExecutor-%d] o.s.web.client.RestTemplate : HTTP PUT http://localhost:8761/eureka/apps/USER-SERVICE/user-service:9090?status=UP&lastDirtyTimestamp=1773207589127
2026-03-11 11:41:49.360 DEBUG [DiscoveryClient-HeartbeatExecutor-%d] o.s.web.client.RestTemplate : Accept=[application/json, application/*+json]
2026-03-11 11:41:49.376 DEBUG [DiscoveryClient-HeartbeatExecutor-%d] o.s.web.client.RestTemplate : Response 200 OK
2026-03-11 11:42:04.379 DEBUG [DiscoveryClient-HeartbeatExecutor-%d] o.s.web.client.RestTemplate : HTTP PUT http://localhost:8761/eureka/apps/USER-SERVICE/user-service:9090?status=UP&lastDirtyTimestamp=1773207589127
2026-03-11 11:42:04.379 DEBUG [DiscoveryClient-HeartbeatExecutor-%d] o.s.web.client.RestTemplate : Accept=[application/json, application/*+json]
2026-03-11 11:42:04.396 DEBUG [DiscoveryClient-HeartbeatExecutor-%d] o.s.web.client.RestTemplate : Response 200 OK
2026-03-11 11:42:19.216 DEBUG [reactor-http-nio-2] r.n.http.server.HttpServerOperations : [77673ae5, L:/192.168.1.136:9090 - R:/192.168.1.136:9565] New http connection, requesting read
2026-03-11 11:42:19.238 DEBUG [reactor-http-nio-2] r.n.http.server.HttpServerOperations : [77673ae5, L:/192.168.1.136:9090 - R:/192.168.1.136:9565] Increasing pending responses count: 1
2026-03-11 11:42:19.243 DEBUG [reactor-http-nio-2] r.netty.http.server.HttpServer : [77673ae5-1, L:/192.168.1.136:9090 - R:/192.168.1.136:9565] Handler is being applied: org.springframework.http.server.reactive.ReactorHttpHandlerAdapter@31feba67
2026-03-11 11:42:19.252 DEBUG [reactor-http-nio-2] o.s.w.s.a.HttpWebHandlerAdapter : [77673ae5-1] HTTP POST "/auth/login"
2026-03-11 11:42:19.255 DEBUG [DiscoveryClient-CacheRefreshExecutor-%d] o.s.web.client.RestTemplate : HTTP GET http://localhost:8761/eureka/apps/delta
2026-03-11 11:42:19.256 DEBUG [DiscoveryClient-CacheRefreshExecutor-%d] o.s.web.client.RestTemplate : Accept=[application/json, application/*+json]
2026-03-11 11:42:19.273 DEBUG [DiscoveryClient-CacheRefreshExecutor-%d] o.s.web.client.RestTemplate : Response 200 OK
2026-03-11 11:42:19.274 DEBUG [DiscoveryClient-CacheRefreshExecutor-%d] o.s.web.client.RestTemplate : Reading to [org.springframework.cloud.netflix.eureka.http.EurekaApplications]
2026-03-11 11:42:19.286 DEBUG [parallel-2] o.s.w.s.s.DefaultWebSessionManager : Created new WebSession.
2026-03-11 11:42:19.291 DEBUG [parallel-2] o.s.s.w.s.u.m.OrServerWebExchangeMatcher : Trying to match using PathMatcherServerWebExchangeMatcher{pattern='/logout', method=POST}
2026-03-11 11:42:19.292 DEBUG [parallel-2] o.s.s.w.s.u.m.PathPatternParserServerWebExchangeMatcher : Request 'POST /auth/login' doesn't match 'POST /logout'
2026-03-11 11:42:19.292 DEBUG [parallel-2] o.s.s.w.s.u.m.OrServerWebExchangeMatcher : No matches found
2026-03-11 11:42:19.295 DEBUG [parallel-2] o.s.s.w.s.a.DelegatingReactiveAuthorizationManager : Checking authorization on '/auth/login' using org.springframework.security.config.web.server.ServerHttpSecurity$AuthorizeExchangeSpec$Access$$Lambda/0x00000236988ecd18@771ddca2
2026-03-11 11:42:19.295 DEBUG [parallel-2] o.s.s.w.s.a.AuthorizationWebFilter : Authorization successful
2026-03-11 11:42:19.300 DEBUG [parallel-2] o.s.w.r.r.m.a.RequestMappingHandlerMapping : [77673ae5-1] Mapped to com.fund.transfer.user.service.ui.controller.AuthController#userLogin(LoginRequestModel)
2026-03-11 11:42:19.314 DEBUG [parallel-2] o.s.w.r.r.m.a.RequestBodyMethodArgumentResolver : [77673ae5-1] Content-Type:application/json
2026-03-11 11:42:19.318 DEBUG [parallel-2] o.s.w.r.r.m.a.RequestBodyMethodArgumentResolver : [77673ae5-1] 0..1 [com.fund.transfer.user.service.ui.model.request.auth.LoginRequestModel]
2026-03-11 11:42:19.336 DEBUG [reactor-http-nio-2] o.s.h.codec.json.Jackson2JsonDecoder : [77673ae5-1] Decoded [LoginRequestModel(userName=1=1 or 1=1)]
2026-03-11 11:42:19.409 DEBUG [reactor-http-nio-2] o.s.w.r.r.m.a.RequestMappingHandlerAdapter : [77673ae5-1] Using @ExceptionHandler com.fund.transfer.user.service.global.exception.GlobalExceptionHandler#handleValidationErrors(WebExchangeBindException)
2026-03-11 11:42:19.411 DEBUG [DiscoveryClient-HeartbeatExecutor-%d] o.s.web.client.RestTemplate : HTTP PUT http://localhost:8761/eureka/apps/USER-SERVICE/user-service:9090?status=UP&lastDirtyTimestamp=1773207589127
2026-03-11 11:42:19.412 DEBUG [DiscoveryClient-HeartbeatExecutor-%d] o.s.web.client.RestTemplate : Accept=[application/json, application/*+json]
2026-03-11 11:42:19.413 DEBUG [reactor-http-nio-2] o.s.w.r.r.m.a.ResponseEntityResultHandler : [77673ae5-1] Using 'application/json' given [*/*] and supported [application/json, application/*+json, application/x-ndjson, text/event-stream]
2026-03-11 11:42:19.413 DEBUG [reactor-http-nio-2] o.s.w.r.r.m.a.ResponseEntityResultHandler : [77673ae5-1] 0..1 [java.util.Map<java.lang.String, java.lang.Object>]
2026-03-11 11:42:19.417 DEBUG [reactor-http-nio-2] o.s.h.codec.json.Jackson2JsonEncoder : [77673ae5-1] Encoding [{success=false, code=VALIDATION_ERROR, errors={password=No whitespace allowed, userName=No whitespac (truncated)...]
2026-03-11 11:42:19.431 DEBUG [DiscoveryClient-HeartbeatExecutor-%d] o.s.web.client.RestTemplate : Response 200 OK
2026-03-11 11:42:19.444 DEBUG [reactor-http-nio-2] r.n.http.server.HttpServerOperations : [77673ae5-1, L:/192.168.1.136:9090 - R:/192.168.1.136:9565] Last HTTP response frame
2026-03-11 11:42:19.444 DEBUG [reactor-http-nio-2] r.n.http.server.HttpServerOperations : [77673ae5-1, L:/192.168.1.136:9090 - R:/192.168.1.136:9565] Headers are not sent before onComplete().
2026-03-11 11:42:19.448 DEBUG [reactor-http-nio-2] r.n.http.server.HttpServerOperations : [77673ae5-1, L:/192.168.1.136:9090 - R:/192.168.1.136:9565] Decreasing pending responses count: 0
2026-03-11 11:42:19.452 DEBUG [reactor-http-nio-2] r.n.http.server.HttpServerOperations : [77673ae5-1, L:/192.168.1.136:9090 - R:/192.168.1.136:9565] Last HTTP packet was sent, terminating the channel
2026-03-11 11:42:19.455 DEBUG [reactor-http-nio-2] o.s.w.s.a.HttpWebHandlerAdapter : [77673ae5-1] Completed 400 BAD_REQUEST
2026-03-11 11:42:34.439 DEBUG [DiscoveryClient-HeartbeatExecutor-%d] o.s.web.client.RestTemplate : HTTP PUT http://localhost:8761/eureka/apps/USER-SERVICE/user-service:9090?status=UP&lastDirtyTimestamp=1773207589127
2026-03-11 11:42:34.440 DEBUG [DiscoveryClient-HeartbeatExecutor-%d] o.s.web.client.RestTemplate : Accept=[application/json, application/*+json]
2026-03-11 11:42:34.456 DEBUG [DiscoveryClient-HeartbeatExecutor-%d] o.s.web.client.RestTemplate : Response 200 OK
2026-03-11 11:42:49.282 DEBUG [DiscoveryClient-CacheRefreshExecutor-%d] o.s.web.client.RestTemplate : HTTP GET http://localhost:8761/eureka/apps/delta
2026-03-11 11:42:49.282 DEBUG [DiscoveryClient-CacheRefreshExecutor-%d] o.s.web.client.RestTemplate : Accept=[application/json, application/*+json]
2026-03-11 11:42:49.298 DEBUG [DiscoveryClient-CacheRefreshExecutor-%d] o.s.web.client.RestTemplate : Response 200 OK
2026-03-11 11:42:49.299 DEBUG [DiscoveryClient-CacheRefreshExecutor-%d] o.s.web.client.RestTemplate : Reading to [org.springframework.cloud.netflix.eureka.http.EurekaApplications]
2026-03-11 11:42:49.467 DEBUG [DiscoveryClient-HeartbeatExecutor-%d] o.s.web.client.RestTemplate : HTTP PUT http://localhost:8761/eureka/apps/USER-SERVICE/user-service:9090?status=UP&lastDirtyTimestamp=1773207589127
2026-03-11 11:42:49.467 DEBUG [DiscoveryClient-HeartbeatExecutor-%d] o.s.web.client.RestTemplate : Accept=[application/json, application/*+json]
2026-03-11 11:42:49.484 DEBUG [DiscoveryClient-HeartbeatExecutor-%d] o.s.web.client.RestTemplate : Response 200 OK
2026-03-11 11:43:04.498 DEBUG [DiscoveryClient-HeartbeatExecutor-%d] o.s.web.client.RestTemplate : HTTP PUT http://localhost:8761/eureka/apps/USER-SERVICE/user-service:9090?status=UP&lastDirtyTimestamp=1773207589127
2026-03-11 11:43:04.499 DEBUG [DiscoveryClient-HeartbeatExecutor-%d] o.s.web.client.RestTemplate : Accept=[application/json, application/*+json]
2026-03-11 11:43:04.513 DEBUG [DiscoveryClient-HeartbeatExecutor-%d] o.s.web.client.RestTemplate : Response 200 OK
2026-03-11 11:43:19.301 DEBUG [DiscoveryClient-CacheRefreshExecutor-%d] o.s.web.client.RestTemplate : HTTP GET http://localhost:8761/eureka/apps/delta
2026-03-11 11:43:19.301 DEBUG [DiscoveryClient-CacheRefreshExecutor-%d] o.s.web.client.RestTemplate : Accept=[application/json, application/*+json]
2026-03-11 11:43:19.319 DEBUG [DiscoveryClient-CacheRefreshExecutor-%d] o.s.web.client.RestTemplate : Response 200 OK
2026-03-11 11:43:19.319 DEBUG [DiscoveryClient-CacheRefreshExecutor-%d] o.s.web.client.RestTemplate : Reading to [org.springframework.cloud.netflix.eureka.http.EurekaApplications]
2026-03-11 11:43:19.518 DEBUG [DiscoveryClient-HeartbeatExecutor-%d] o.s.web.client.RestTemplate : HTTP PUT http://localhost:8761/eureka/apps/USER-SERVICE/user-service:9090?status=UP&lastDirtyTimestamp=1773207589127
2026-03-11 11:43:19.518 DEBUG [DiscoveryClient-HeartbeatExecutor-%d] o.s.web.client.RestTemplate : Accept=[application/json, application/*+json]
2026-03-11 11:43:19.535 DEBUG [DiscoveryClient-HeartbeatExecutor-%d] o.s.web.client.RestTemplate : Response 200 OK
2026-03-11 11:43:29.997 DEBUG [reactor-http-nio-2] r.n.http.server.HttpServerOperations : [77673ae5, L:/192.168.1.136:9090 - R:/192.168.1.136:9565] Increasing pending responses count: 1
2026-03-11 11:43:29.998 DEBUG [reactor-http-nio-2] r.netty.http.server.HttpServer : [77673ae5-2, L:/192.168.1.136:9090 - R:/192.168.1.136:9565] Handler is being applied: org.springframework.http.server.reactive.ReactorHttpHandlerAdapter@31feba67
2026-03-11 11:43:29.998 DEBUG [reactor-http-nio-2] o.s.w.s.a.HttpWebHandlerAdapter : [77673ae5-2] HTTP POST "/auth/login"
2026-03-11 11:43:29.999 DEBUG [parallel-3] o.s.w.s.s.DefaultWebSessionManager : Created new WebSession.
2026-03-11 11:43:29.999 DEBUG [parallel-3] o.s.s.w.s.u.m.OrServerWebExchangeMatcher : Trying to match using PathMatcherServerWebExchangeMatcher{pattern='/logout', method=POST}
2026-03-11 11:43:29.999 DEBUG [parallel-3] o.s.s.w.s.u.m.PathPatternParserServerWebExchangeMatcher : Request 'POST /auth/login' doesn't match 'POST /logout'
2026-03-11 11:43:29.999 DEBUG [parallel-3] o.s.s.w.s.u.m.OrServerWebExchangeMatcher : No matches found
2026-03-11 11:43:29.999 DEBUG [parallel-3] o.s.s.w.s.a.DelegatingReactiveAuthorizationManager : Checking authorization on '/auth/login' using org.springframework.security.config.web.server.ServerHttpSecurity$AuthorizeExchangeSpec$Access$$Lambda/0x00000236988ecd18@771ddca2
2026-03-11 11:43:29.999 DEBUG [parallel-3] o.s.s.w.s.a.AuthorizationWebFilter : Authorization successful
2026-03-11 11:43:30.000 DEBUG [parallel-3] o.s.w.r.r.m.a.RequestMappingHandlerMapping : [77673ae5-2] Mapped to com.fund.transfer.user.service.ui.controller.AuthController#userLogin(LoginRequestModel)
2026-03-11 11:43:30.000 DEBUG [parallel-3] o.s.w.r.r.m.a.RequestBodyMethodArgumentResolver : [77673ae5-2] Content-Type:application/json
2026-03-11 11:43:30.000 DEBUG [parallel-3] o.s.w.r.r.m.a.RequestBodyMethodArgumentResolver : [77673ae5-2] 0..1 [com.fund.transfer.user.service.ui.model.request.auth.LoginRequestModel]
2026-03-11 11:43:30.001 DEBUG [reactor-http-nio-2] o.s.h.codec.json.Jackson2JsonDecoder : [77673ae5-2] Decoded [LoginRequestModel(userName=polas)]
2026-03-11 11:43:30.009 INFO  [reactor-http-nio-2] c.f.t.u.s.u.c.AuthController : Login attempt for userName: polas
2026-03-11 11:43:30.301 DEBUG [lettuce-nioEventLoop-5-1] o.s.d.r.core.NamedParameterExpander : Expanding SQL statement [SELECT * FROM logins WHERE user_name = :username AND password = :password] to [SELECT * FROM logins WHERE user_name = $1 AND password = $2]
2026-03-11 11:43:30.353 DEBUG [reactor-tcp-nio-1] i.r.p.client.ReactorNettyClient : [cid: 0x1] Request:  StartupMessage{, database='fund-transfer', username='fund-transfer'}
2026-03-11 11:43:30.358 DEBUG [reactor-tcp-nio-1] i.r.p.client.ReactorNettyClient : [cid: 0x1] Response: AuthenticationSASL{authenticationMechanisms=[SCRAM-SHA-256]}
2026-03-11 11:43:30.365 DEBUG [reactor-tcp-nio-1] i.r.p.client.ReactorNettyClient : [cid: 0x1] Request:  SASLInitialResponse{initialResponse=java.nio.HeapByteBuffer[pos=0 lim=45 cap=49], name='SCRAM-SHA-256'}
2026-03-11 11:43:30.366 DEBUG [reactor-tcp-nio-1] i.r.p.client.ReactorNettyClient : [cid: 0x1] Response: AuthenticationSASLContinue{data=java.nio.HeapByteBuffer[pos=0 lim=84 cap=84]}
2026-03-11 11:43:30.378 DEBUG [reactor-tcp-nio-1] i.r.p.client.ReactorNettyClient : [cid: 0x1] Request:  SASLResponse{data=java.nio.HeapByteBuffer[pos=0 lim=104 cap=114]}
2026-03-11 11:43:30.380 DEBUG [reactor-tcp-nio-1] i.r.p.client.ReactorNettyClient : [cid: 0x1] Response: AuthenticationSASLFinal{additionalData=java.nio.HeapByteBuffer[pos=0 lim=46 cap=46]}
2026-03-11 11:43:30.389 DEBUG [reactor-tcp-nio-1] i.r.p.client.ReactorNettyClient : [cid: 0x1] Response: AuthenticationOk{}
2026-03-11 11:43:30.390 DEBUG [reactor-tcp-nio-1] i.r.p.client.ReactorNettyClient : [cid: 0x1] Response: ParameterStatus{name='in_hot_standby', value='off'}
2026-03-11 11:43:30.390 DEBUG [reactor-tcp-nio-1] i.r.p.client.ReactorNettyClient : [cid: 0x1] Response: ParameterStatus{name='integer_datetimes', value='on'}
2026-03-11 11:43:30.390 DEBUG [reactor-tcp-nio-1] i.r.p.client.ReactorNettyClient : [cid: 0x1] Response: ParameterStatus{name='TimeZone', value='Asia/Dhaka'}
2026-03-11 11:43:30.390 DEBUG [reactor-tcp-nio-1] i.r.p.client.ReactorNettyClient : [cid: 0x1] Response: ParameterStatus{name='IntervalStyle', value='postgres'}
2026-03-11 11:43:30.390 DEBUG [reactor-tcp-nio-1] i.r.p.client.ReactorNettyClient : [cid: 0x1] Response: ParameterStatus{name='search_path', value='user_service'}
2026-03-11 11:43:30.390 DEBUG [reactor-tcp-nio-1] i.r.p.client.ReactorNettyClient : [cid: 0x1] Response: ParameterStatus{name='is_superuser', value='off'}
2026-03-11 11:43:30.390 DEBUG [reactor-tcp-nio-1] i.r.p.client.ReactorNettyClient : [cid: 0x1] Response: ParameterStatus{name='application_name', value='r2dbc-postgresql'}
2026-03-11 11:43:30.390 DEBUG [reactor-tcp-nio-1] i.r.p.client.ReactorNettyClient : [cid: 0x1] Response: ParameterStatus{name='default_transaction_read_only', value='off'}
2026-03-11 11:43:30.390 DEBUG [reactor-tcp-nio-1] i.r.p.client.ReactorNettyClient : [cid: 0x1] Response: ParameterStatus{name='scram_iterations', value='4096'}
2026-03-11 11:43:30.391 DEBUG [reactor-tcp-nio-1] i.r.p.client.ReactorNettyClient : [cid: 0x1] Response: ParameterStatus{name='DateStyle', value='ISO, MDY'}
2026-03-11 11:43:30.391 DEBUG [reactor-tcp-nio-1] i.r.p.client.ReactorNettyClient : [cid: 0x1] Response: ParameterStatus{name='standard_conforming_strings', value='on'}
2026-03-11 11:43:30.391 DEBUG [reactor-tcp-nio-1] i.r.p.client.ReactorNettyClient : [cid: 0x1] Response: ParameterStatus{name='session_authorization', value='fund-transfer'}
2026-03-11 11:43:30.391 DEBUG [reactor-tcp-nio-1] i.r.p.client.ReactorNettyClient : [cid: 0x1] Response: ParameterStatus{name='client_encoding', value='UTF8'}
2026-03-11 11:43:30.391 DEBUG [reactor-tcp-nio-1] i.r.p.client.ReactorNettyClient : [cid: 0x1] Response: ParameterStatus{name='server_version', value='18.0'}
2026-03-11 11:43:30.391 DEBUG [reactor-tcp-nio-1] i.r.p.client.ReactorNettyClient : [cid: 0x1] Response: ParameterStatus{name='server_encoding', value='UTF8'}
2026-03-11 11:43:30.391 DEBUG [reactor-tcp-nio-1] i.r.p.client.ReactorNettyClient : [cid: 0x1] Response: BackendKeyData{processId=13632, secretKey=1650013431}
2026-03-11 11:43:30.391 DEBUG [reactor-tcp-nio-1] i.r.p.client.ReactorNettyClient : [cid: 0x1][pid: 13632] Response: ReadyForQuery{transactionStatus=IDLE}
2026-03-11 11:43:30.438 DEBUG [reactor-tcp-nio-1] io.r2dbc.postgresql.QUERY : [cid: 0x1][pid: 13632] Executing query: SHOW TRANSACTION ISOLATION LEVEL
2026-03-11 11:43:30.438 DEBUG [reactor-tcp-nio-1] i.r.p.client.ReactorNettyClient : [cid: 0x1][pid: 13632] Request:  Query{query='SHOW TRANSACTION ISOLATION LEVEL'}
2026-03-11 11:43:30.440 DEBUG [reactor-tcp-nio-1] i.r.p.client.ReactorNettyClient : [cid: 0x1][pid: 13632] Response: RowDescription{fields=[Field{column=0, dataType=25, dataTypeModifier=-1, dataTypeSize=-1, format=FORMAT_TEXT, name='transaction_isolation', table=0}]}
2026-03-11 11:43:30.442 DEBUG [reactor-tcp-nio-1] i.r.p.client.ReactorNettyClient : [cid: 0x1][pid: 13632] Response: DataRow{columns=[PooledSlicedByteBuf(ridx: 0, widx: 14, cap: 14/14, unwrapped: PooledUnsafeDirectByteBuf(ridx: 72, widx: 88, cap: 1024))]}
2026-03-11 11:43:30.443 DEBUG [reactor-tcp-nio-1] i.r.p.client.ReactorNettyClient : [cid: 0x1][pid: 13632] Response: CommandComplete{command=SHOW, rowId=null, rows=null}
2026-03-11 11:43:30.443 DEBUG [reactor-tcp-nio-1] i.r.p.client.ReactorNettyClient : [cid: 0x1][pid: 13632] Response: ReadyForQuery{transactionStatus=IDLE}
2026-03-11 11:43:30.445 DEBUG [reactor-tcp-nio-1] io.r2dbc.postgresql.QUERY : [cid: 0x1][pid: 13632] Executing query: SELECT oid, * FROM pg_catalog.pg_type WHERE typname IN ('hstore','geometry','vector')
2026-03-11 11:43:30.445 DEBUG [reactor-tcp-nio-1] i.r.p.client.ReactorNettyClient : [cid: 0x1][pid: 13632] Request:  Query{query='SELECT oid, * FROM pg_catalog.pg_type WHERE typname IN ('hstore','geometry','vector')'}
2026-03-11 11:43:30.447 DEBUG [reactor-tcp-nio-1] i.r.p.client.ReactorNettyClient : [cid: 0x1][pid: 13632] Response: RowDescription{fields=[Field{column=1, dataType=26, dataTypeModifier=-1, dataTypeSize=4, format=FORMAT_TEXT, name='oid', table=1247}, Field{column=1, dataType=26, dataTypeModifier=-1, dataTypeSize=4, format=FORMAT_TEXT, name='oid', table=1247}, Field{column=2, dataType=19, dataTypeModifier=-1, dataTypeSize=64, format=FORMAT_TEXT, name='typname', table=1247}, Field{column=3, dataType=26, dataTypeModifier=-1, dataTypeSize=4, format=FORMAT_TEXT, name='typnamespace', table=1247}, Field{column=4, dataType=26, dataTypeModifier=-1, dataTypeSize=4, format=FORMAT_TEXT, name='typowner', table=1247}, Field{column=5, dataType=21, dataTypeModifier=-1, dataTypeSize=2, format=FORMAT_TEXT, name='typlen', table=1247}, Field{column=6, dataType=16, dataTypeModifier=-1, dataTypeSize=1, format=FORMAT_TEXT, name='typbyval', table=1247}, Field{column=7, dataType=18, dataTypeModifier=-1, dataTypeSize=1, format=FORMAT_TEXT, name='typtype', table=1247}, Field{column=8, dataType=18, dataTypeModifier=-1, dataTypeSize=1, format=FORMAT_TEXT, name='typcategory', table=1247}, Field{column=9, dataType=16, dataTypeModifier=-1, dataTypeSize=1, format=FORMAT_TEXT, name='typispreferred', table=1247}, Field{column=10, dataType=16, dataTypeModifier=-1, dataTypeSize=1, format=FORMAT_TEXT, name='typisdefined', table=1247}, Field{column=11, dataType=18, dataTypeModifier=-1, dataTypeSize=1, format=FORMAT_TEXT, name='typdelim', table=1247}, Field{column=12, dataType=26, dataTypeModifier=-1, dataTypeSize=4, format=FORMAT_TEXT, name='typrelid', table=1247}, Field{column=13, dataType=24, dataTypeModifier=-1, dataTypeSize=4, format=FORMAT_TEXT, name='typsubscript', table=1247}, Field{column=14, dataType=26, dataTypeModifier=-1, dataTypeSize=4, format=FORMAT_TEXT, name='typelem', table=1247}, Field{column=15, dataType=26, dataTypeModifier=-1, dataTypeSize=4, format=FORMAT_TEXT, name='typarray', table=1247}, Field{column=16, dataType=24, dataTypeModifier=-1, dataTypeSize=4, format=FORMAT_TEXT, name='typinput', table=1247}, Field{column=17, dataType=24, dataTypeModifier=-1, dataTypeSize=4, format=FORMAT_TEXT, name='typoutput', table=1247}, Field{column=18, dataType=24, dataTypeModifier=-1, dataTypeSize=4, format=FORMAT_TEXT, name='typreceive', table=1247}, Field{column=19, dataType=24, dataTypeModifier=-1, dataTypeSize=4, format=FORMAT_TEXT, name='typsend', table=1247}, Field{column=20, dataType=24, dataTypeModifier=-1, dataTypeSize=4, format=FORMAT_TEXT, name='typmodin', table=1247}, Field{column=21, dataType=24, dataTypeModifier=-1, dataTypeSize=4, format=FORMAT_TEXT, name='typmodout', table=1247}, Field{column=22, dataType=24, dataTypeModifier=-1, dataTypeSize=4, format=FORMAT_TEXT, name='typanalyze', table=1247}, Field{column=23, dataType=18, dataTypeModifier=-1, dataTypeSize=1, format=FORMAT_TEXT, name='typalign', table=1247}, Field{column=24, dataType=18, dataTypeModifier=-1, dataTypeSize=1, format=FORMAT_TEXT, name='typstorage', table=1247}, Field{column=25, dataType=16, dataTypeModifier=-1, dataTypeSize=1, format=FORMAT_TEXT, name='typnotnull', table=1247}, Field{column=26, dataType=26, dataTypeModifier=-1, dataTypeSize=4, format=FORMAT_TEXT, name='typbasetype', table=1247}, Field{column=27, dataType=23, dataTypeModifier=-1, dataTypeSize=4, format=FORMAT_TEXT, name='typtypmod', table=1247}, Field{column=28, dataType=23, dataTypeModifier=-1, dataTypeSize=4, format=FORMAT_TEXT, name='typndims', table=1247}, Field{column=29, dataType=26, dataTypeModifier=-1, dataTypeSize=4, format=FORMAT_TEXT, name='typcollation', table=1247}, Field{column=30, dataType=194, dataTypeModifier=-1, dataTypeSize=-1, format=FORMAT_TEXT, name='typdefaultbin', table=1247}, Field{column=31, dataType=25, dataTypeModifier=-1, dataTypeSize=-1, format=FORMAT_TEXT, name='typdefault', table=1247}, Field{column=32, dataType=1034, dataTypeModifier=-1, dataTypeSize=-1, format=FORMAT_TEXT, name='typacl', table=1247}]}
2026-03-11 11:43:30.447 DEBUG [reactor-tcp-nio-1] i.r.p.client.ReactorNettyClient : [cid: 0x1][pid: 13632] Response: CommandComplete{command=SELECT, rowId=null, rows=0}
2026-03-11 11:43:30.447 DEBUG [reactor-tcp-nio-1] i.r.p.client.ReactorNettyClient : [cid: 0x1][pid: 13632] Response: ReadyForQuery{transactionStatus=IDLE}
2026-03-11 11:43:30.451 DEBUG [reactor-tcp-nio-1] io.r2dbc.pool.ConnectionPool : Obtaining new connection from the pool
2026-03-11 11:43:30.452 DEBUG [reactor-tcp-nio-2] i.r.p.client.ReactorNettyClient : [cid: 0x2] Request:  StartupMessage{, database='fund-transfer', username='fund-transfer'}
2026-03-11 11:43:30.452 DEBUG [reactor-tcp-nio-1] io.r2dbc.postgresql.QUERY : [cid: 0x1][pid: 13632] Executing query: SELECT 1
2026-03-11 11:43:30.452 DEBUG [reactor-tcp-nio-1] i.r.p.client.ReactorNettyClient : [cid: 0x1][pid: 13632] Request:  Query{query='SELECT 1'}
2026-03-11 11:43:30.453 DEBUG [reactor-tcp-nio-1] i.r.p.client.ReactorNettyClient : [cid: 0x1][pid: 13632] Response: RowDescription{fields=[Field{column=0, dataType=23, dataTypeModifier=-1, dataTypeSize=4, format=FORMAT_TEXT, name='?column?', table=0}]}
2026-03-11 11:43:30.453 DEBUG [reactor-tcp-nio-1] i.r.p.client.ReactorNettyClient : [cid: 0x1][pid: 13632] Response: DataRow{columns=[PooledSlicedByteBuf(ridx: 0, widx: 1, cap: 1/1, unwrapped: PooledUnsafeDirectByteBuf(ridx: 46, widx: 66, cap: 1024))]}
2026-03-11 11:43:30.454 DEBUG [reactor-tcp-nio-1] i.r.p.client.ReactorNettyClient : [cid: 0x1][pid: 13632] Response: CommandComplete{command=SELECT, rowId=null, rows=1}
2026-03-11 11:43:30.454 DEBUG [reactor-tcp-nio-1] i.r.p.client.ReactorNettyClient : [cid: 0x1][pid: 13632] Response: ReadyForQuery{transactionStatus=IDLE}
2026-03-11 11:43:30.456 DEBUG [reactor-tcp-nio-1] o.s.r2dbc.core.DefaultDatabaseClient : Executing SQL statement [SELECT * FROM logins WHERE user_name = $1 AND password = $2]
2026-03-11 11:43:30.457 DEBUG [reactor-tcp-nio-1] io.r2dbc.postgresql.PARAM : [cid: 0x1][pid: 13632] Bind parameter [0] to: polas
2026-03-11 11:43:30.457 DEBUG [reactor-tcp-nio-1] io.r2dbc.postgresql.PARAM : [cid: 0x1][pid: 13632] Bind parameter [1] to: 123456
2026-03-11 11:43:30.467 DEBUG [reactor-tcp-nio-1] io.r2dbc.postgresql.QUERY : [cid: 0x1][pid: 13632] Executing query: SELECT * FROM logins WHERE user_name = $1 AND password = $2
2026-03-11 11:43:30.468 DEBUG [reactor-tcp-nio-1] i.r.p.client.ReactorNettyClient : [cid: 0x1][pid: 13632] Request:  [Parse{name='S_0', parameters=[1043, 1043], query='SELECT * FROM logins WHERE user_name = $1 AND password = $2'}, Bind{name='B_0', parameterFormats=[FORMAT_TEXT, FORMAT_TEXT], parameters=[CompositeByteBuf(ridx: 0, widx: 5, cap: 5, components=1), CompositeByteBuf(ridx: 0, widx: 6, cap: 6, components=1)], resultFormats=[], source='S_0'}, Describe{name='B_0', type=PORTAL}, Execute{name='B_0', rows=0}, Close{name='B_0', type=PORTAL}, Sync{}]
2026-03-11 11:43:30.469 DEBUG [reactor-tcp-nio-2] i.r.p.client.ReactorNettyClient : [cid: 0x2] Response: AuthenticationSASL{authenticationMechanisms=[SCRAM-SHA-256]}
2026-03-11 11:43:30.470 DEBUG [reactor-tcp-nio-2] i.r.p.client.ReactorNettyClient : [cid: 0x2] Request:  SASLInitialResponse{initialResponse=java.nio.HeapByteBuffer[pos=0 lim=45 cap=49], name='SCRAM-SHA-256'}
2026-03-11 11:43:30.470 DEBUG [reactor-tcp-nio-2] i.r.p.client.ReactorNettyClient : [cid: 0x2] Response: AuthenticationSASLContinue{data=java.nio.HeapByteBuffer[pos=0 lim=84 cap=84]}
2026-03-11 11:43:30.478 DEBUG [reactor-tcp-nio-1] i.r.p.client.ReactorNettyClient : [cid: 0x1][pid: 13632] Response: ParseComplete{}
2026-03-11 11:43:30.478 DEBUG [reactor-tcp-nio-1] i.r.p.client.ReactorNettyClient : [cid: 0x1][pid: 13632] Response: BindComplete{}
2026-03-11 11:43:30.479 DEBUG [reactor-tcp-nio-1] i.r.p.client.ReactorNettyClient : [cid: 0x1][pid: 13632] Response: RowDescription{fields=[Field{column=1, dataType=20, dataTypeModifier=-1, dataTypeSize=8, format=FORMAT_TEXT, name='id', table=113106}, Field{column=2, dataType=20, dataTypeModifier=-1, dataTypeSize=8, format=FORMAT_TEXT, name='user_id', table=113106}, Field{column=3, dataType=1043, dataTypeModifier=64, dataTypeSize=-1, format=FORMAT_TEXT, name='user_name', table=113106}, Field{column=4, dataType=1043, dataTypeModifier=259, dataTypeSize=-1, format=FORMAT_TEXT, name='password', table=113106}, Field{column=5, dataType=1043, dataTypeModifier=259, dataTypeSize=-1, format=FORMAT_TEXT, name='salt', table=113106}, Field{column=6, dataType=16, dataTypeModifier=-1, dataTypeSize=1, format=FORMAT_TEXT, name='is_pwd_reset', table=113106}, Field{column=7, dataType=16, dataTypeModifier=-1, dataTypeSize=1, format=FORMAT_TEXT, name='two_factor_enabled', table=113106}, Field{column=8, dataType=1114, dataTypeModifier=-1, dataTypeSize=8, format=FORMAT_TEXT, name='locked_until', table=113106}, Field{column=9, dataType=23, dataTypeModifier=-1, dataTypeSize=4, format=FORMAT_TEXT, name='login_attempts', table=113106}, Field{column=10, dataType=1114, dataTypeModifier=-1, dataTypeSize=8, format=FORMAT_TEXT, name='last_login_at', table=113106}, Field{column=11, dataType=1114, dataTypeModifier=-1, dataTypeSize=8, format=FORMAT_TEXT, name='login_time', table=113106}, Field{column=12, dataType=1114, dataTypeModifier=-1, dataTypeSize=8, format=FORMAT_TEXT, name='expire_at', table=113106}, Field{column=13, dataType=25, dataTypeModifier=-1, dataTypeSize=-1, format=FORMAT_TEXT, name='access_token', table=113106}, Field{column=14, dataType=25, dataTypeModifier=-1, dataTypeSize=-1, format=FORMAT_TEXT, name='refresh_token', table=113106}, Field{column=15, dataType=1043, dataTypeModifier=154, dataTypeSize=-1, format=FORMAT_TEXT, name='device', table=113106}, Field{column=16, dataType=1043, dataTypeModifier=84, dataTypeSize=-1, format=FORMAT_TEXT, name='ip_address', table=113106}, Field{column=17, dataType=25, dataTypeModifier=-1, dataTypeSize=-1, format=FORMAT_TEXT, name='location', table=113106}, Field{column=18, dataType=20, dataTypeModifier=-1, dataTypeSize=8, format=FORMAT_TEXT, name='created_by', table=113106}, Field{column=19, dataType=1114, dataTypeModifier=-1, dataTypeSize=8, format=FORMAT_TEXT, name='created_at', table=113106}, Field{column=20, dataType=20, dataTypeModifier=-1, dataTypeSize=8, format=FORMAT_TEXT, name='updated_by', table=113106}, Field{column=21, dataType=1114, dataTypeModifier=-1, dataTypeSize=8, format=FORMAT_TEXT, name='updated_at', table=113106}]}
2026-03-11 11:43:30.479 DEBUG [reactor-tcp-nio-1] i.r.p.client.ReactorNettyClient : [cid: 0x1][pid: 13632] Response: DataRow{columns=[PooledSlicedByteBuf(ridx: 0, widx: 1, cap: 1/1, unwrapped: PooledUnsafeDirectByteBuf(ridx: 833, widx: 858, cap: 1024)), PooledSlicedByteBuf(ridx: 0, widx: 1, cap: 1/1, unwrapped: PooledUnsafeDirectByteBuf(ridx: 833, widx: 858, cap: 1024)), PooledSlicedByteBuf(ridx: 0, widx: 5, cap: 5/5, unwrapped: PooledUnsafeDirectByteBuf(ridx: 833, widx: 858, cap: 1024)), PooledSlicedByteBuf(ridx: 0, widx: 6, cap: 6/6, unwrapped: PooledUnsafeDirectByteBuf(ridx: 833, widx: 858, cap: 1024)), null, PooledSlicedByteBuf(ridx: 0, widx: 1, cap: 1/1, unwrapped: PooledUnsafeDirectByteBuf(ridx: 833, widx: 858, cap: 1024)), PooledSlicedByteBuf(ridx: 0, widx: 1, cap: 1/1, unwrapped: PooledUnsafeDirectByteBuf(ridx: 833, widx: 858, cap: 1024)), null, PooledSlicedByteBuf(ridx: 0, widx: 1, cap: 1/1, unwrapped: PooledUnsafeDirectByteBuf(ridx: 833, widx: 858, cap: 1024)), PooledSlicedByteBuf(ridx: 0, widx: 26, cap: 26/26, unwrapped: PooledUnsafeDirectByteBuf(ridx: 833, widx: 858, cap: 1024)), PooledSlicedByteBuf(ridx: 0, widx: 26, cap: 26/26, unwrapped: PooledUnsafeDirectByteBuf(ridx: 833, widx: 858, cap: 1024)), null, PooledSlicedByteBuf(ridx: 0, widx: 0, cap: 0/0, unwrapped: PooledUnsafeDirectByteBuf(ridx: 833, widx: 858, cap: 1024)), PooledSlicedByteBuf(ridx: 0, widx: 0, cap: 0/0, unwrapped: PooledUnsafeDirectByteBuf(ridx: 833, widx: 858, cap: 1024)), PooledSlicedByteBuf(ridx: 0, widx: 7, cap: 7/7, unwrapped: PooledUnsafeDirectByteBuf(ridx: 833, widx: 858, cap: 1024)), PooledSlicedByteBuf(ridx: 0, widx: 9, cap: 9/9, unwrapped: PooledUnsafeDirectByteBuf(ridx: 833, widx: 858, cap: 1024)), PooledSlicedByteBuf(ridx: 0, widx: 9, cap: 9/9, unwrapped: PooledUnsafeDirectByteBuf(ridx: 833, widx: 858, cap: 1024)), null, PooledSlicedByteBuf(ridx: 0, widx: 26, cap: 26/26, unwrapped: PooledUnsafeDirectByteBuf(ridx: 833, widx: 858, cap: 1024)), null, null]}
2026-03-11 11:43:30.480 DEBUG [reactor-tcp-nio-2] i.r.p.client.ReactorNettyClient : [cid: 0x2] Request:  SASLResponse{data=java.nio.HeapByteBuffer[pos=0 lim=104 cap=114]}
2026-03-11 11:43:30.482 DEBUG [reactor-tcp-nio-2] i.r.p.client.ReactorNettyClient : [cid: 0x2] Response: AuthenticationSASLFinal{additionalData=java.nio.HeapByteBuffer[pos=0 lim=46 cap=46]}
2026-03-11 11:43:30.482 DEBUG [reactor-tcp-nio-2] i.r.p.client.ReactorNettyClient : [cid: 0x2] Response: AuthenticationOk{}
2026-03-11 11:43:30.482 DEBUG [reactor-tcp-nio-2] i.r.p.client.ReactorNettyClient : [cid: 0x2] Response: ParameterStatus{name='in_hot_standby', value='off'}
2026-03-11 11:43:30.482 DEBUG [reactor-tcp-nio-2] i.r.p.client.ReactorNettyClient : [cid: 0x2] Response: ParameterStatus{name='integer_datetimes', value='on'}
2026-03-11 11:43:30.482 DEBUG [reactor-tcp-nio-2] i.r.p.client.ReactorNettyClient : [cid: 0x2] Response: ParameterStatus{name='TimeZone', value='Asia/Dhaka'}
2026-03-11 11:43:30.482 DEBUG [reactor-tcp-nio-2] i.r.p.client.ReactorNettyClient : [cid: 0x2] Response: ParameterStatus{name='IntervalStyle', value='postgres'}
2026-03-11 11:43:30.482 DEBUG [reactor-tcp-nio-2] i.r.p.client.ReactorNettyClient : [cid: 0x2] Response: ParameterStatus{name='search_path', value='user_service'}
2026-03-11 11:43:30.482 DEBUG [reactor-tcp-nio-2] i.r.p.client.ReactorNettyClient : [cid: 0x2] Response: ParameterStatus{name='is_superuser', value='off'}
2026-03-11 11:43:30.482 DEBUG [reactor-tcp-nio-2] i.r.p.client.ReactorNettyClient : [cid: 0x2] Response: ParameterStatus{name='application_name', value='r2dbc-postgresql'}
2026-03-11 11:43:30.482 DEBUG [reactor-tcp-nio-2] i.r.p.client.ReactorNettyClient : [cid: 0x2] Response: ParameterStatus{name='default_transaction_read_only', value='off'}
2026-03-11 11:43:30.483 DEBUG [reactor-tcp-nio-2] i.r.p.client.ReactorNettyClient : [cid: 0x2] Response: ParameterStatus{name='scram_iterations', value='4096'}
2026-03-11 11:43:30.483 DEBUG [reactor-tcp-nio-2] i.r.p.client.ReactorNettyClient : [cid: 0x2] Response: ParameterStatus{name='DateStyle', value='ISO, MDY'}
2026-03-11 11:43:30.483 DEBUG [reactor-tcp-nio-2] i.r.p.client.ReactorNettyClient : [cid: 0x2] Response: ParameterStatus{name='standard_conforming_strings', value='on'}
2026-03-11 11:43:30.483 DEBUG [reactor-tcp-nio-2] i.r.p.client.ReactorNettyClient : [cid: 0x2] Response: ParameterStatus{name='session_authorization', value='fund-transfer'}
2026-03-11 11:43:30.483 DEBUG [reactor-tcp-nio-2] i.r.p.client.ReactorNettyClient : [cid: 0x2] Response: ParameterStatus{name='client_encoding', value='UTF8'}
2026-03-11 11:43:30.483 DEBUG [reactor-tcp-nio-2] i.r.p.client.ReactorNettyClient : [cid: 0x2] Response: ParameterStatus{name='server_version', value='18.0'}
2026-03-11 11:43:30.483 DEBUG [reactor-tcp-nio-2] i.r.p.client.ReactorNettyClient : [cid: 0x2] Response: ParameterStatus{name='server_encoding', value='UTF8'}
2026-03-11 11:43:30.483 DEBUG [reactor-tcp-nio-2] i.r.p.client.ReactorNettyClient : [cid: 0x2] Response: BackendKeyData{processId=5772, secretKey=-2062540774}
2026-03-11 11:43:30.484 DEBUG [reactor-tcp-nio-2] i.r.p.client.ReactorNettyClient : [cid: 0x2][pid: 5772] Response: ReadyForQuery{transactionStatus=IDLE}
2026-03-11 11:43:30.485 DEBUG [reactor-tcp-nio-2] io.r2dbc.postgresql.QUERY : [cid: 0x2][pid: 5772] Executing query: SHOW TRANSACTION ISOLATION LEVEL
2026-03-11 11:43:30.485 DEBUG [reactor-tcp-nio-2] i.r.p.client.ReactorNettyClient : [cid: 0x2][pid: 5772] Request:  Query{query='SHOW TRANSACTION ISOLATION LEVEL'}
2026-03-11 11:43:30.486 DEBUG [reactor-tcp-nio-2] i.r.p.client.ReactorNettyClient : [cid: 0x2][pid: 5772] Response: RowDescription{fields=[Field{column=0, dataType=25, dataTypeModifier=-1, dataTypeSize=-1, format=FORMAT_TEXT, name='transaction_isolation', table=0}]}
2026-03-11 11:43:30.486 DEBUG [reactor-tcp-nio-2] i.r.p.client.ReactorNettyClient : [cid: 0x2][pid: 5772] Response: DataRow{columns=[PooledSlicedByteBuf(ridx: 0, widx: 14, cap: 14/14, unwrapped: PooledUnsafeDirectByteBuf(ridx: 72, widx: 88, cap: 1024))]}
2026-03-11 11:43:30.486 DEBUG [reactor-tcp-nio-2] i.r.p.client.ReactorNettyClient : [cid: 0x2][pid: 5772] Response: CommandComplete{command=SHOW, rowId=null, rows=null}
2026-03-11 11:43:30.486 DEBUG [reactor-tcp-nio-2] i.r.p.client.ReactorNettyClient : [cid: 0x2][pid: 5772] Response: ReadyForQuery{transactionStatus=IDLE}
2026-03-11 11:43:30.486 DEBUG [reactor-tcp-nio-2] io.r2dbc.postgresql.QUERY : [cid: 0x2][pid: 5772] Executing query: SELECT oid, * FROM pg_catalog.pg_type WHERE typname IN ('hstore','geometry','vector')
2026-03-11 11:43:30.486 DEBUG [reactor-tcp-nio-2] i.r.p.client.ReactorNettyClient : [cid: 0x2][pid: 5772] Request:  Query{query='SELECT oid, * FROM pg_catalog.pg_type WHERE typname IN ('hstore','geometry','vector')'}
2026-03-11 11:43:30.488 DEBUG [reactor-tcp-nio-2] i.r.p.client.ReactorNettyClient : [cid: 0x2][pid: 5772] Response: RowDescription{fields=[Field{column=1, dataType=26, dataTypeModifier=-1, dataTypeSize=4, format=FORMAT_TEXT, name='oid', table=1247}, Field{column=1, dataType=26, dataTypeModifier=-1, dataTypeSize=4, format=FORMAT_TEXT, name='oid', table=1247}, Field{column=2, dataType=19, dataTypeModifier=-1, dataTypeSize=64, format=FORMAT_TEXT, name='typname', table=1247}, Field{column=3, dataType=26, dataTypeModifier=-1, dataTypeSize=4, format=FORMAT_TEXT, name='typnamespace', table=1247}, Field{column=4, dataType=26, dataTypeModifier=-1, dataTypeSize=4, format=FORMAT_TEXT, name='typowner', table=1247}, Field{column=5, dataType=21, dataTypeModifier=-1, dataTypeSize=2, format=FORMAT_TEXT, name='typlen', table=1247}, Field{column=6, dataType=16, dataTypeModifier=-1, dataTypeSize=1, format=FORMAT_TEXT, name='typbyval', table=1247}, Field{column=7, dataType=18, dataTypeModifier=-1, dataTypeSize=1, format=FORMAT_TEXT, name='typtype', table=1247}, Field{column=8, dataType=18, dataTypeModifier=-1, dataTypeSize=1, format=FORMAT_TEXT, name='typcategory', table=1247}, Field{column=9, dataType=16, dataTypeModifier=-1, dataTypeSize=1, format=FORMAT_TEXT, name='typispreferred', table=1247}, Field{column=10, dataType=16, dataTypeModifier=-1, dataTypeSize=1, format=FORMAT_TEXT, name='typisdefined', table=1247}, Field{column=11, dataType=18, dataTypeModifier=-1, dataTypeSize=1, format=FORMAT_TEXT, name='typdelim', table=1247}, Field{column=12, dataType=26, dataTypeModifier=-1, dataTypeSize=4, format=FORMAT_TEXT, name='typrelid', table=1247}, Field{column=13, dataType=24, dataTypeModifier=-1, dataTypeSize=4, format=FORMAT_TEXT, name='typsubscript', table=1247}, Field{column=14, dataType=26, dataTypeModifier=-1, dataTypeSize=4, format=FORMAT_TEXT, name='typelem', table=1247}, Field{column=15, dataType=26, dataTypeModifier=-1, dataTypeSize=4, format=FORMAT_TEXT, name='typarray', table=1247}, Field{column=16, dataType=24, dataTypeModifier=-1, dataTypeSize=4, format=FORMAT_TEXT, name='typinput', table=1247}, Field{column=17, dataType=24, dataTypeModifier=-1, dataTypeSize=4, format=FORMAT_TEXT, name='typoutput', table=1247}, Field{column=18, dataType=24, dataTypeModifier=-1, dataTypeSize=4, format=FORMAT_TEXT, name='typreceive', table=1247}, Field{column=19, dataType=24, dataTypeModifier=-1, dataTypeSize=4, format=FORMAT_TEXT, name='typsend', table=1247}, Field{column=20, dataType=24, dataTypeModifier=-1, dataTypeSize=4, format=FORMAT_TEXT, name='typmodin', table=1247}, Field{column=21, dataType=24, dataTypeModifier=-1, dataTypeSize=4, format=FORMAT_TEXT, name='typmodout', table=1247}, Field{column=22, dataType=24, dataTypeModifier=-1, dataTypeSize=4, format=FORMAT_TEXT, name='typanalyze', table=1247}, Field{column=23, dataType=18, dataTypeModifier=-1, dataTypeSize=1, format=FORMAT_TEXT, name='typalign', table=1247}, Field{column=24, dataType=18, dataTypeModifier=-1, dataTypeSize=1, format=FORMAT_TEXT, name='typstorage', table=1247}, Field{column=25, dataType=16, dataTypeModifier=-1, dataTypeSize=1, format=FORMAT_TEXT, name='typnotnull', table=1247}, Field{column=26, dataType=26, dataTypeModifier=-1, dataTypeSize=4, format=FORMAT_TEXT, name='typbasetype', table=1247}, Field{column=27, dataType=23, dataTypeModifier=-1, dataTypeSize=4, format=FORMAT_TEXT, name='typtypmod', table=1247}, Field{column=28, dataType=23, dataTypeModifier=-1, dataTypeSize=4, format=FORMAT_TEXT, name='typndims', table=1247}, Field{column=29, dataType=26, dataTypeModifier=-1, dataTypeSize=4, format=FORMAT_TEXT, name='typcollation', table=1247}, Field{column=30, dataType=194, dataTypeModifier=-1, dataTypeSize=-1, format=FORMAT_TEXT, name='typdefaultbin', table=1247}, Field{column=31, dataType=25, dataTypeModifier=-1, dataTypeSize=-1, format=FORMAT_TEXT, name='typdefault', table=1247}, Field{column=32, dataType=1034, dataTypeModifier=-1, dataTypeSize=-1, format=FORMAT_TEXT, name='typacl', table=1247}]}
2026-03-11 11:43:30.488 DEBUG [reactor-tcp-nio-2] i.r.p.client.ReactorNettyClient : [cid: 0x2][pid: 5772] Response: CommandComplete{command=SELECT, rowId=null, rows=0}
2026-03-11 11:43:30.488 DEBUG [reactor-tcp-nio-2] i.r.p.client.ReactorNettyClient : [cid: 0x2][pid: 5772] Response: ReadyForQuery{transactionStatus=IDLE}
2026-03-11 11:43:30.489 DEBUG [reactor-tcp-nio-3] i.r.p.client.ReactorNettyClient : [cid: 0x3] Request:  StartupMessage{, database='fund-transfer', username='fund-transfer'}
2026-03-11 11:43:30.497 DEBUG [reactor-tcp-nio-1] i.r.p.client.ReactorNettyClient : [cid: 0x1][pid: 13632] Response: CommandComplete{command=SELECT, rowId=null, rows=1}
2026-03-11 11:43:30.498 DEBUG [reactor-tcp-nio-1] i.r.p.client.ReactorNettyClient : [cid: 0x1][pid: 13632] Response: CloseComplete{}
2026-03-11 11:43:30.498 DEBUG [reactor-tcp-nio-1] i.r.p.client.ReactorNettyClient : [cid: 0x1][pid: 13632] Response: ReadyForQuery{transactionStatus=IDLE}
2026-03-11 11:43:30.500 DEBUG [reactor-tcp-nio-1] io.r2dbc.pool.PooledConnection : Releasing connection
2026-03-11 11:43:30.507 DEBUG [reactor-tcp-nio-3] i.r.p.client.ReactorNettyClient : [cid: 0x3] Response: AuthenticationSASL{authenticationMechanisms=[SCRAM-SHA-256]}
2026-03-11 11:43:30.508 DEBUG [reactor-tcp-nio-3] i.r.p.client.ReactorNettyClient : [cid: 0x3] Request:  SASLInitialResponse{initialResponse=java.nio.HeapByteBuffer[pos=0 lim=45 cap=49], name='SCRAM-SHA-256'}
2026-03-11 11:43:30.508 DEBUG [reactor-tcp-nio-3] i.r.p.client.ReactorNettyClient : [cid: 0x3] Response: AuthenticationSASLContinue{data=java.nio.HeapByteBuffer[pos=0 lim=84 cap=84]}
2026-03-11 11:43:30.518 DEBUG [reactor-tcp-nio-3] i.r.p.client.ReactorNettyClient : [cid: 0x3] Request:  SASLResponse{data=java.nio.HeapByteBuffer[pos=0 lim=104 cap=114]}
2026-03-11 11:43:30.519 DEBUG [reactor-tcp-nio-3] i.r.p.client.ReactorNettyClient : [cid: 0x3] Response: AuthenticationSASLFinal{additionalData=java.nio.HeapByteBuffer[pos=0 lim=46 cap=46]}
2026-03-11 11:43:30.520 DEBUG [reactor-tcp-nio-3] i.r.p.client.ReactorNettyClient : [cid: 0x3] Response: AuthenticationOk{}
2026-03-11 11:43:30.520 DEBUG [reactor-tcp-nio-3] i.r.p.client.ReactorNettyClient : [cid: 0x3] Response: ParameterStatus{name='in_hot_standby', value='off'}
2026-03-11 11:43:30.520 DEBUG [reactor-tcp-nio-3] i.r.p.client.ReactorNettyClient : [cid: 0x3] Response: ParameterStatus{name='integer_datetimes', value='on'}
2026-03-11 11:43:30.520 DEBUG [reactor-tcp-nio-3] i.r.p.client.ReactorNettyClient : [cid: 0x3] Response: ParameterStatus{name='TimeZone', value='Asia/Dhaka'}
2026-03-11 11:43:30.520 DEBUG [reactor-tcp-nio-3] i.r.p.client.ReactorNettyClient : [cid: 0x3] Response: ParameterStatus{name='IntervalStyle', value='postgres'}
2026-03-11 11:43:30.520 DEBUG [reactor-tcp-nio-3] i.r.p.client.ReactorNettyClient : [cid: 0x3] Response: ParameterStatus{name='search_path', value='user_service'}
2026-03-11 11:43:30.520 DEBUG [reactor-tcp-nio-3] i.r.p.client.ReactorNettyClient : [cid: 0x3] Response: ParameterStatus{name='is_superuser', value='off'}
2026-03-11 11:43:30.520 DEBUG [reactor-tcp-nio-3] i.r.p.client.ReactorNettyClient : [cid: 0x3] Response: ParameterStatus{name='application_name', value='r2dbc-postgresql'}
2026-03-11 11:43:30.520 DEBUG [reactor-tcp-nio-3] i.r.p.client.ReactorNettyClient : [cid: 0x3] Response: ParameterStatus{name='default_transaction_read_only', value='off'}
2026-03-11 11:43:30.520 DEBUG [reactor-tcp-nio-3] i.r.p.client.ReactorNettyClient : [cid: 0x3] Response: ParameterStatus{name='scram_iterations', value='4096'}
2026-03-11 11:43:30.520 DEBUG [reactor-tcp-nio-3] i.r.p.client.ReactorNettyClient : [cid: 0x3] Response: ParameterStatus{name='DateStyle', value='ISO, MDY'}
2026-03-11 11:43:30.520 DEBUG [reactor-tcp-nio-3] i.r.p.client.ReactorNettyClient : [cid: 0x3] Response: ParameterStatus{name='standard_conforming_strings', value='on'}
2026-03-11 11:43:30.520 DEBUG [reactor-tcp-nio-3] i.r.p.client.ReactorNettyClient : [cid: 0x3] Response: ParameterStatus{name='session_authorization', value='fund-transfer'}
2026-03-11 11:43:30.521 DEBUG [reactor-tcp-nio-3] i.r.p.client.ReactorNettyClient : [cid: 0x3] Response: ParameterStatus{name='client_encoding', value='UTF8'}
2026-03-11 11:43:30.521 DEBUG [reactor-tcp-nio-3] i.r.p.client.ReactorNettyClient : [cid: 0x3] Response: ParameterStatus{name='server_version', value='18.0'}
2026-03-11 11:43:30.521 DEBUG [reactor-tcp-nio-3] i.r.p.client.ReactorNettyClient : [cid: 0x3] Response: ParameterStatus{name='server_encoding', value='UTF8'}
2026-03-11 11:43:30.521 DEBUG [reactor-tcp-nio-3] i.r.p.client.ReactorNettyClient : [cid: 0x3] Response: BackendKeyData{processId=15696, secretKey=91697889}
2026-03-11 11:43:30.521 DEBUG [reactor-tcp-nio-3] i.r.p.client.ReactorNettyClient : [cid: 0x3][pid: 15696] Response: ReadyForQuery{transactionStatus=IDLE}
2026-03-11 11:43:30.523 DEBUG [reactor-tcp-nio-3] io.r2dbc.postgresql.QUERY : [cid: 0x3][pid: 15696] Executing query: SHOW TRANSACTION ISOLATION LEVEL
2026-03-11 11:43:30.523 DEBUG [reactor-tcp-nio-3] i.r.p.client.ReactorNettyClient : [cid: 0x3][pid: 15696] Request:  Query{query='SHOW TRANSACTION ISOLATION LEVEL'}
2026-03-11 11:43:30.523 DEBUG [reactor-tcp-nio-3] i.r.p.client.ReactorNettyClient : [cid: 0x3][pid: 15696] Response: RowDescription{fields=[Field{column=0, dataType=25, dataTypeModifier=-1, dataTypeSize=-1, format=FORMAT_TEXT, name='transaction_isolation', table=0}]}
2026-03-11 11:43:30.523 DEBUG [reactor-tcp-nio-3] i.r.p.client.ReactorNettyClient : [cid: 0x3][pid: 15696] Response: DataRow{columns=[SimpleLeakAwareByteBuf(PooledSlicedByteBuf(ridx: 0, widx: 14, cap: 14/14, unwrapped: PooledUnsafeDirectByteBuf(ridx: 72, widx: 88, cap: 1024)))]}
2026-03-11 11:43:30.523 DEBUG [reactor-tcp-nio-3] i.r.p.client.ReactorNettyClient : [cid: 0x3][pid: 15696] Response: CommandComplete{command=SHOW, rowId=null, rows=null}
2026-03-11 11:43:30.523 DEBUG [reactor-tcp-nio-3] i.r.p.client.ReactorNettyClient : [cid: 0x3][pid: 15696] Response: ReadyForQuery{transactionStatus=IDLE}
2026-03-11 11:43:30.524 DEBUG [reactor-tcp-nio-3] io.r2dbc.postgresql.QUERY : [cid: 0x3][pid: 15696] Executing query: SELECT oid, * FROM pg_catalog.pg_type WHERE typname IN ('hstore','geometry','vector')
2026-03-11 11:43:30.524 DEBUG [reactor-tcp-nio-3] i.r.p.client.ReactorNettyClient : [cid: 0x3][pid: 15696] Request:  Query{query='SELECT oid, * FROM pg_catalog.pg_type WHERE typname IN ('hstore','geometry','vector')'}
2026-03-11 11:43:30.526 DEBUG [reactor-tcp-nio-3] i.r.p.client.ReactorNettyClient : [cid: 0x3][pid: 15696] Response: RowDescription{fields=[Field{column=1, dataType=26, dataTypeModifier=-1, dataTypeSize=4, format=FORMAT_TEXT, name='oid', table=1247}, Field{column=1, dataType=26, dataTypeModifier=-1, dataTypeSize=4, format=FORMAT_TEXT, name='oid', table=1247}, Field{column=2, dataType=19, dataTypeModifier=-1, dataTypeSize=64, format=FORMAT_TEXT, name='typname', table=1247}, Field{column=3, dataType=26, dataTypeModifier=-1, dataTypeSize=4, format=FORMAT_TEXT, name='typnamespace', table=1247}, Field{column=4, dataType=26, dataTypeModifier=-1, dataTypeSize=4, format=FORMAT_TEXT, name='typowner', table=1247}, Field{column=5, dataType=21, dataTypeModifier=-1, dataTypeSize=2, format=FORMAT_TEXT, name='typlen', table=1247}, Field{column=6, dataType=16, dataTypeModifier=-1, dataTypeSize=1, format=FORMAT_TEXT, name='typbyval', table=1247}, Field{column=7, dataType=18, dataTypeModifier=-1, dataTypeSize=1, format=FORMAT_TEXT, name='typtype', table=1247}, Field{column=8, dataType=18, dataTypeModifier=-1, dataTypeSize=1, format=FORMAT_TEXT, name='typcategory', table=1247}, Field{column=9, dataType=16, dataTypeModifier=-1, dataTypeSize=1, format=FORMAT_TEXT, name='typispreferred', table=1247}, Field{column=10, dataType=16, dataTypeModifier=-1, dataTypeSize=1, format=FORMAT_TEXT, name='typisdefined', table=1247}, Field{column=11, dataType=18, dataTypeModifier=-1, dataTypeSize=1, format=FORMAT_TEXT, name='typdelim', table=1247}, Field{column=12, dataType=26, dataTypeModifier=-1, dataTypeSize=4, format=FORMAT_TEXT, name='typrelid', table=1247}, Field{column=13, dataType=24, dataTypeModifier=-1, dataTypeSize=4, format=FORMAT_TEXT, name='typsubscript', table=1247}, Field{column=14, dataType=26, dataTypeModifier=-1, dataTypeSize=4, format=FORMAT_TEXT, name='typelem', table=1247}, Field{column=15, dataType=26, dataTypeModifier=-1, dataTypeSize=4, format=FORMAT_TEXT, name='typarray', table=1247}, Field{column=16, dataType=24, dataTypeModifier=-1, dataTypeSize=4, format=FORMAT_TEXT, name='typinput', table=1247}, Field{column=17, dataType=24, dataTypeModifier=-1, dataTypeSize=4, format=FORMAT_TEXT, name='typoutput', table=1247}, Field{column=18, dataType=24, dataTypeModifier=-1, dataTypeSize=4, format=FORMAT_TEXT, name='typreceive', table=1247}, Field{column=19, dataType=24, dataTypeModifier=-1, dataTypeSize=4, format=FORMAT_TEXT, name='typsend', table=1247}, Field{column=20, dataType=24, dataTypeModifier=-1, dataTypeSize=4, format=FORMAT_TEXT, name='typmodin', table=1247}, Field{column=21, dataType=24, dataTypeModifier=-1, dataTypeSize=4, format=FORMAT_TEXT, name='typmodout', table=1247}, Field{column=22, dataType=24, dataTypeModifier=-1, dataTypeSize=4, format=FORMAT_TEXT, name='typanalyze', table=1247}, Field{column=23, dataType=18, dataTypeModifier=-1, dataTypeSize=1, format=FORMAT_TEXT, name='typalign', table=1247}, Field{column=24, dataType=18, dataTypeModifier=-1, dataTypeSize=1, format=FORMAT_TEXT, name='typstorage', table=1247}, Field{column=25, dataType=16, dataTypeModifier=-1, dataTypeSize=1, format=FORMAT_TEXT, name='typnotnull', table=1247}, Field{column=26, dataType=26, dataTypeModifier=-1, dataTypeSize=4, format=FORMAT_TEXT, name='typbasetype', table=1247}, Field{column=27, dataType=23, dataTypeModifier=-1, dataTypeSize=4, format=FORMAT_TEXT, name='typtypmod', table=1247}, Field{column=28, dataType=23, dataTypeModifier=-1, dataTypeSize=4, format=FORMAT_TEXT, name='typndims', table=1247}, Field{column=29, dataType=26, dataTypeModifier=-1, dataTypeSize=4, format=FORMAT_TEXT, name='typcollation', table=1247}, Field{column=30, dataType=194, dataTypeModifier=-1, dataTypeSize=-1, format=FORMAT_TEXT, name='typdefaultbin', table=1247}, Field{column=31, dataType=25, dataTypeModifier=-1, dataTypeSize=-1, format=FORMAT_TEXT, name='typdefault', table=1247}, Field{column=32, dataType=1034, dataTypeModifier=-1, dataTypeSize=-1, format=FORMAT_TEXT, name='typacl', table=1247}]}
2026-03-11 11:43:30.526 DEBUG [reactor-tcp-nio-3] i.r.p.client.ReactorNettyClient : [cid: 0x3][pid: 15696] Response: CommandComplete{command=SELECT, rowId=null, rows=0}
2026-03-11 11:43:30.526 DEBUG [reactor-tcp-nio-3] i.r.p.client.ReactorNettyClient : [cid: 0x3][pid: 15696] Response: ReadyForQuery{transactionStatus=IDLE}
2026-03-11 11:43:30.527 DEBUG [reactor-tcp-nio-4] i.r.p.client.ReactorNettyClient : [cid: 0x4] Request:  StartupMessage{, database='fund-transfer', username='fund-transfer'}
2026-03-11 11:43:30.545 DEBUG [reactor-tcp-nio-4] i.r.p.client.ReactorNettyClient : [cid: 0x4] Response: AuthenticationSASL{authenticationMechanisms=[SCRAM-SHA-256]}
2026-03-11 11:43:30.546 DEBUG [reactor-tcp-nio-4] i.r.p.client.ReactorNettyClient : [cid: 0x4] Request:  SASLInitialResponse{initialResponse=java.nio.HeapByteBuffer[pos=0 lim=45 cap=49], name='SCRAM-SHA-256'}
2026-03-11 11:43:30.546 DEBUG [reactor-tcp-nio-4] i.r.p.client.ReactorNettyClient : [cid: 0x4] Response: AuthenticationSASLContinue{data=java.nio.HeapByteBuffer[pos=0 lim=84 cap=84]}
2026-03-11 11:43:30.556 DEBUG [reactor-tcp-nio-4] i.r.p.client.ReactorNettyClient : [cid: 0x4] Request:  SASLResponse{data=java.nio.HeapByteBuffer[pos=0 lim=104 cap=114]}
2026-03-11 11:43:30.558 DEBUG [reactor-tcp-nio-4] i.r.p.client.ReactorNettyClient : [cid: 0x4] Response: AuthenticationSASLFinal{additionalData=java.nio.HeapByteBuffer[pos=0 lim=46 cap=46]}
2026-03-11 11:43:30.558 DEBUG [reactor-tcp-nio-4] i.r.p.client.ReactorNettyClient : [cid: 0x4] Response: AuthenticationOk{}
2026-03-11 11:43:30.558 DEBUG [reactor-tcp-nio-4] i.r.p.client.ReactorNettyClient : [cid: 0x4] Response: ParameterStatus{name='in_hot_standby', value='off'}
2026-03-11 11:43:30.558 DEBUG [reactor-tcp-nio-4] i.r.p.client.ReactorNettyClient : [cid: 0x4] Response: ParameterStatus{name='integer_datetimes', value='on'}
2026-03-11 11:43:30.558 DEBUG [reactor-tcp-nio-4] i.r.p.client.ReactorNettyClient : [cid: 0x4] Response: ParameterStatus{name='TimeZone', value='Asia/Dhaka'}
2026-03-11 11:43:30.559 DEBUG [reactor-tcp-nio-4] i.r.p.client.ReactorNettyClient : [cid: 0x4] Response: ParameterStatus{name='IntervalStyle', value='postgres'}
2026-03-11 11:43:30.559 DEBUG [reactor-tcp-nio-4] i.r.p.client.ReactorNettyClient : [cid: 0x4] Response: ParameterStatus{name='search_path', value='user_service'}
2026-03-11 11:43:30.559 DEBUG [reactor-tcp-nio-4] i.r.p.client.ReactorNettyClient : [cid: 0x4] Response: ParameterStatus{name='is_superuser', value='off'}
2026-03-11 11:43:30.559 DEBUG [reactor-tcp-nio-4] i.r.p.client.ReactorNettyClient : [cid: 0x4] Response: ParameterStatus{name='application_name', value='r2dbc-postgresql'}
2026-03-11 11:43:30.559 DEBUG [reactor-tcp-nio-4] i.r.p.client.ReactorNettyClient : [cid: 0x4] Response: ParameterStatus{name='default_transaction_read_only', value='off'}
2026-03-11 11:43:30.559 DEBUG [reactor-tcp-nio-4] i.r.p.client.ReactorNettyClient : [cid: 0x4] Response: ParameterStatus{name='scram_iterations', value='4096'}
2026-03-11 11:43:30.559 DEBUG [reactor-tcp-nio-4] i.r.p.client.ReactorNettyClient : [cid: 0x4] Response: ParameterStatus{name='DateStyle', value='ISO, MDY'}
2026-03-11 11:43:30.559 DEBUG [reactor-tcp-nio-4] i.r.p.client.ReactorNettyClient : [cid: 0x4] Response: ParameterStatus{name='standard_conforming_strings', value='on'}
2026-03-11 11:43:30.559 DEBUG [reactor-tcp-nio-4] i.r.p.client.ReactorNettyClient : [cid: 0x4] Response: ParameterStatus{name='session_authorization', value='fund-transfer'}
2026-03-11 11:43:30.559 DEBUG [reactor-tcp-nio-4] i.r.p.client.ReactorNettyClient : [cid: 0x4] Response: ParameterStatus{name='client_encoding', value='UTF8'}
2026-03-11 11:43:30.559 DEBUG [reactor-tcp-nio-4] i.r.p.client.ReactorNettyClient : [cid: 0x4] Response: ParameterStatus{name='server_version', value='18.0'}
2026-03-11 11:43:30.559 DEBUG [reactor-tcp-nio-4] i.r.p.client.ReactorNettyClient : [cid: 0x4] Response: ParameterStatus{name='server_encoding', value='UTF8'}
2026-03-11 11:43:30.559 DEBUG [reactor-tcp-nio-4] i.r.p.client.ReactorNettyClient : [cid: 0x4] Response: BackendKeyData{processId=24324, secretKey=-476657315}
2026-03-11 11:43:30.560 DEBUG [reactor-tcp-nio-4] i.r.p.client.ReactorNettyClient : [cid: 0x4][pid: 24324] Response: ReadyForQuery{transactionStatus=IDLE}
2026-03-11 11:43:30.561 DEBUG [reactor-tcp-nio-4] io.r2dbc.postgresql.QUERY : [cid: 0x4][pid: 24324] Executing query: SHOW TRANSACTION ISOLATION LEVEL
2026-03-11 11:43:30.561 DEBUG [reactor-tcp-nio-4] i.r.p.client.ReactorNettyClient : [cid: 0x4][pid: 24324] Request:  Query{query='SHOW TRANSACTION ISOLATION LEVEL'}
2026-03-11 11:43:30.561 DEBUG [reactor-tcp-nio-4] i.r.p.client.ReactorNettyClient : [cid: 0x4][pid: 24324] Response: RowDescription{fields=[Field{column=0, dataType=25, dataTypeModifier=-1, dataTypeSize=-1, format=FORMAT_TEXT, name='transaction_isolation', table=0}]}
2026-03-11 11:43:30.562 DEBUG [reactor-tcp-nio-4] i.r.p.client.ReactorNettyClient : [cid: 0x4][pid: 24324] Response: DataRow{columns=[PooledSlicedByteBuf(ridx: 0, widx: 14, cap: 14/14, unwrapped: PooledUnsafeDirectByteBuf(ridx: 72, widx: 88, cap: 1024))]}
2026-03-11 11:43:30.562 DEBUG [reactor-tcp-nio-4] i.r.p.client.ReactorNettyClient : [cid: 0x4][pid: 24324] Response: CommandComplete{command=SHOW, rowId=null, rows=null}
2026-03-11 11:43:30.562 DEBUG [reactor-tcp-nio-4] i.r.p.client.ReactorNettyClient : [cid: 0x4][pid: 24324] Response: ReadyForQuery{transactionStatus=IDLE}
2026-03-11 11:43:30.562 DEBUG [reactor-tcp-nio-4] io.r2dbc.postgresql.QUERY : [cid: 0x4][pid: 24324] Executing query: SELECT oid, * FROM pg_catalog.pg_type WHERE typname IN ('hstore','geometry','vector')
2026-03-11 11:43:30.562 DEBUG [reactor-tcp-nio-4] i.r.p.client.ReactorNettyClient : [cid: 0x4][pid: 24324] Request:  Query{query='SELECT oid, * FROM pg_catalog.pg_type WHERE typname IN ('hstore','geometry','vector')'}
2026-03-11 11:43:30.564 DEBUG [reactor-tcp-nio-4] i.r.p.client.ReactorNettyClient : [cid: 0x4][pid: 24324] Response: RowDescription{fields=[Field{column=1, dataType=26, dataTypeModifier=-1, dataTypeSize=4, format=FORMAT_TEXT, name='oid', table=1247}, Field{column=1, dataType=26, dataTypeModifier=-1, dataTypeSize=4, format=FORMAT_TEXT, name='oid', table=1247}, Field{column=2, dataType=19, dataTypeModifier=-1, dataTypeSize=64, format=FORMAT_TEXT, name='typname', table=1247}, Field{column=3, dataType=26, dataTypeModifier=-1, dataTypeSize=4, format=FORMAT_TEXT, name='typnamespace', table=1247}, Field{column=4, dataType=26, dataTypeModifier=-1, dataTypeSize=4, format=FORMAT_TEXT, name='typowner', table=1247}, Field{column=5, dataType=21, dataTypeModifier=-1, dataTypeSize=2, format=FORMAT_TEXT, name='typlen', table=1247}, Field{column=6, dataType=16, dataTypeModifier=-1, dataTypeSize=1, format=FORMAT_TEXT, name='typbyval', table=1247}, Field{column=7, dataType=18, dataTypeModifier=-1, dataTypeSize=1, format=FORMAT_TEXT, name='typtype', table=1247}, Field{column=8, dataType=18, dataTypeModifier=-1, dataTypeSize=1, format=FORMAT_TEXT, name='typcategory', table=1247}, Field{column=9, dataType=16, dataTypeModifier=-1, dataTypeSize=1, format=FORMAT_TEXT, name='typispreferred', table=1247}, Field{column=10, dataType=16, dataTypeModifier=-1, dataTypeSize=1, format=FORMAT_TEXT, name='typisdefined', table=1247}, Field{column=11, dataType=18, dataTypeModifier=-1, dataTypeSize=1, format=FORMAT_TEXT, name='typdelim', table=1247}, Field{column=12, dataType=26, dataTypeModifier=-1, dataTypeSize=4, format=FORMAT_TEXT, name='typrelid', table=1247}, Field{column=13, dataType=24, dataTypeModifier=-1, dataTypeSize=4, format=FORMAT_TEXT, name='typsubscript', table=1247}, Field{column=14, dataType=26, dataTypeModifier=-1, dataTypeSize=4, format=FORMAT_TEXT, name='typelem', table=1247}, Field{column=15, dataType=26, dataTypeModifier=-1, dataTypeSize=4, format=FORMAT_TEXT, name='typarray', table=1247}, Field{column=16, dataType=24, dataTypeModifier=-1, dataTypeSize=4, format=FORMAT_TEXT, name='typinput', table=1247}, Field{column=17, dataType=24, dataTypeModifier=-1, dataTypeSize=4, format=FORMAT_TEXT, name='typoutput', table=1247}, Field{column=18, dataType=24, dataTypeModifier=-1, dataTypeSize=4, format=FORMAT_TEXT, name='typreceive', table=1247}, Field{column=19, dataType=24, dataTypeModifier=-1, dataTypeSize=4, format=FORMAT_TEXT, name='typsend', table=1247}, Field{column=20, dataType=24, dataTypeModifier=-1, dataTypeSize=4, format=FORMAT_TEXT, name='typmodin', table=1247}, Field{column=21, dataType=24, dataTypeModifier=-1, dataTypeSize=4, format=FORMAT_TEXT, name='typmodout', table=1247}, Field{column=22, dataType=24, dataTypeModifier=-1, dataTypeSize=4, format=FORMAT_TEXT, name='typanalyze', table=1247}, Field{column=23, dataType=18, dataTypeModifier=-1, dataTypeSize=1, format=FORMAT_TEXT, name='typalign', table=1247}, Field{column=24, dataType=18, dataTypeModifier=-1, dataTypeSize=1, format=FORMAT_TEXT, name='typstorage', table=1247}, Field{column=25, dataType=16, dataTypeModifier=-1, dataTypeSize=1, format=FORMAT_TEXT, name='typnotnull', table=1247}, Field{column=26, dataType=26, dataTypeModifier=-1, dataTypeSize=4, format=FORMAT_TEXT, name='typbasetype', table=1247}, Field{column=27, dataType=23, dataTypeModifier=-1, dataTypeSize=4, format=FORMAT_TEXT, name='typtypmod', table=1247}, Field{column=28, dataType=23, dataTypeModifier=-1, dataTypeSize=4, format=FORMAT_TEXT, name='typndims', table=1247}, Field{column=29, dataType=26, dataTypeModifier=-1, dataTypeSize=4, format=FORMAT_TEXT, name='typcollation', table=1247}, Field{column=30, dataType=194, dataTypeModifier=-1, dataTypeSize=-1, format=FORMAT_TEXT, name='typdefaultbin', table=1247}, Field{column=31, dataType=25, dataTypeModifier=-1, dataTypeSize=-1, format=FORMAT_TEXT, name='typdefault', table=1247}, Field{column=32, dataType=1034, dataTypeModifier=-1, dataTypeSize=-1, format=FORMAT_TEXT, name='typacl', table=1247}]}
2026-03-11 11:43:30.564 DEBUG [reactor-tcp-nio-4] i.r.p.client.ReactorNettyClient : [cid: 0x4][pid: 24324] Response: CommandComplete{command=SELECT, rowId=null, rows=0}
2026-03-11 11:43:30.564 DEBUG [reactor-tcp-nio-4] i.r.p.client.ReactorNettyClient : [cid: 0x4][pid: 24324] Response: ReadyForQuery{transactionStatus=IDLE}
2026-03-11 11:43:30.566 DEBUG [reactor-tcp-nio-5] i.r.p.client.ReactorNettyClient : [cid: 0x5] Request:  StartupMessage{, database='fund-transfer', username='fund-transfer'}
2026-03-11 11:43:30.575 DEBUG [reactor-tcp-nio-1] o.s.d.r.core.NamedParameterExpander : Expanding SQL statement [ INSERT INTO login_logs(user_id, access_token) VALUES (:userId, :accessToken)] to [ INSERT INTO login_logs(user_id, access_token) VALUES ($1, $2)]
2026-03-11 11:43:30.577 DEBUG [reactor-tcp-nio-4] io.r2dbc.pool.ConnectionPool : Obtaining new connection from the pool
2026-03-11 11:43:30.577 DEBUG [reactor-tcp-nio-4] io.r2dbc.postgresql.QUERY : [cid: 0x4][pid: 24324] Executing query: SELECT 1
2026-03-11 11:43:30.577 DEBUG [reactor-tcp-nio-4] i.r.p.client.ReactorNettyClient : [cid: 0x4][pid: 24324] Request:  Query{query='SELECT 1'}
2026-03-11 11:43:30.577 DEBUG [reactor-tcp-nio-4] i.r.p.client.ReactorNettyClient : [cid: 0x4][pid: 24324] Response: RowDescription{fields=[Field{column=0, dataType=23, dataTypeModifier=-1, dataTypeSize=4, format=FORMAT_TEXT, name='?column?', table=0}]}
2026-03-11 11:43:30.578 DEBUG [reactor-tcp-nio-4] i.r.p.client.ReactorNettyClient : [cid: 0x4][pid: 24324] Response: DataRow{columns=[PooledSlicedByteBuf(ridx: 0, widx: 1, cap: 1/1, unwrapped: PooledUnsafeDirectByteBuf(ridx: 46, widx: 66, cap: 1024))]}
2026-03-11 11:43:30.578 DEBUG [reactor-tcp-nio-4] i.r.p.client.ReactorNettyClient : [cid: 0x4][pid: 24324] Response: CommandComplete{command=SELECT, rowId=null, rows=1}
2026-03-11 11:43:30.578 DEBUG [reactor-tcp-nio-4] i.r.p.client.ReactorNettyClient : [cid: 0x4][pid: 24324] Response: ReadyForQuery{transactionStatus=IDLE}
2026-03-11 11:43:30.578 DEBUG [reactor-tcp-nio-4] o.s.r2dbc.core.DefaultDatabaseClient : Executing SQL statement [ INSERT INTO login_logs(user_id, access_token) VALUES ($1, $2)]
2026-03-11 11:43:30.578 DEBUG [reactor-tcp-nio-4] io.r2dbc.postgresql.PARAM : [cid: 0x4][pid: 24324] Bind parameter [0] to: 2
2026-03-11 11:43:30.578 DEBUG [reactor-tcp-nio-4] io.r2dbc.postgresql.PARAM : [cid: 0x4][pid: 24324] Bind parameter [1] to: eyJhbGciOiJIUzM4NCJ9.eyJyb2xlIjoiQURNSU4iLCJ1c2VySWQiOjIsInN1YiI6InBvbGFzIiwiaWF0IjoxNzczMjA3ODEwLCJleHAiOjE3NzMyOTQyMTB9.0R71DAks1VEhxwqKWSJZmd81KNBQ21cRmrcLknyet9Fa6TFvzCzOvg8Oms6mHxFJ
2026-03-11 11:43:30.580 DEBUG [reactor-tcp-nio-4] io.r2dbc.postgresql.QUERY : [cid: 0x4][pid: 24324] Executing query:  INSERT INTO login_logs(user_id, access_token) VALUES ($1, $2)
2026-03-11 11:43:30.580 DEBUG [reactor-tcp-nio-4] i.r.p.client.ReactorNettyClient : [cid: 0x4][pid: 24324] Request:  [Parse{name='S_0', parameters=[20, 1043], query=' INSERT INTO login_logs(user_id, access_token) VALUES ($1, $2)'}, Bind{name='B_1', parameterFormats=[FORMAT_BINARY, FORMAT_TEXT], parameters=[CompositeByteBuf(ridx: 0, widx: 8, cap: 8, components=1), CompositeByteBuf(ridx: 0, widx: 186, cap: 186, components=1)], resultFormats=[], source='S_0'}, Describe{name='B_1', type=PORTAL}, Execute{name='B_1', rows=0}, Close{name='B_1', type=PORTAL}, Sync{}]
2026-03-11 11:43:30.585 DEBUG [reactor-tcp-nio-5] i.r.p.client.ReactorNettyClient : [cid: 0x5] Response: AuthenticationSASL{authenticationMechanisms=[SCRAM-SHA-256]}
2026-03-11 11:43:30.585 DEBUG [reactor-tcp-nio-5] i.r.p.client.ReactorNettyClient : [cid: 0x5] Request:  SASLInitialResponse{initialResponse=java.nio.HeapByteBuffer[pos=0 lim=45 cap=49], name='SCRAM-SHA-256'}
2026-03-11 11:43:30.585 DEBUG [reactor-tcp-nio-5] i.r.p.client.ReactorNettyClient : [cid: 0x5] Response: AuthenticationSASLContinue{data=java.nio.HeapByteBuffer[pos=0 lim=84 cap=84]}
2026-03-11 11:43:30.595 DEBUG [reactor-tcp-nio-5] i.r.p.client.ReactorNettyClient : [cid: 0x5] Request:  SASLResponse{data=java.nio.HeapByteBuffer[pos=0 lim=104 cap=114]}
2026-03-11 11:43:30.595 DEBUG [reactor-tcp-nio-4] i.r.p.client.ReactorNettyClient : [cid: 0x4][pid: 24324] Response: ParseComplete{}
2026-03-11 11:43:30.595 DEBUG [reactor-tcp-nio-4] i.r.p.client.ReactorNettyClient : [cid: 0x4][pid: 24324] Response: BindComplete{}
2026-03-11 11:43:30.595 DEBUG [reactor-tcp-nio-4] i.r.p.client.ReactorNettyClient : [cid: 0x4][pid: 24324] Response: NoData{}
2026-03-11 11:43:30.595 DEBUG [reactor-tcp-nio-4] i.r.p.client.ReactorNettyClient : [cid: 0x4][pid: 24324] Response: CommandComplete{command=INSERT, rowId=0, rows=1}
2026-03-11 11:43:30.595 DEBUG [reactor-tcp-nio-4] i.r.p.client.ReactorNettyClient : [cid: 0x4][pid: 24324] Response: CloseComplete{}
2026-03-11 11:43:30.595 DEBUG [reactor-tcp-nio-4] i.r.p.client.ReactorNettyClient : [cid: 0x4][pid: 24324] Response: ReadyForQuery{transactionStatus=IDLE}
2026-03-11 11:43:30.596 DEBUG [reactor-tcp-nio-4] io.r2dbc.pool.PooledConnection : Releasing connection
2026-03-11 11:43:30.596 DEBUG [reactor-tcp-nio-5] i.r.p.client.ReactorNettyClient : [cid: 0x5] Response: AuthenticationSASLFinal{additionalData=java.nio.HeapByteBuffer[pos=0 lim=46 cap=46]}
2026-03-11 11:43:30.596 DEBUG [reactor-tcp-nio-5] i.r.p.client.ReactorNettyClient : [cid: 0x5] Response: AuthenticationOk{}
2026-03-11 11:43:30.596 DEBUG [reactor-tcp-nio-5] i.r.p.client.ReactorNettyClient : [cid: 0x5] Response: ParameterStatus{name='in_hot_standby', value='off'}
2026-03-11 11:43:30.596 DEBUG [reactor-tcp-nio-5] i.r.p.client.ReactorNettyClient : [cid: 0x5] Response: ParameterStatus{name='integer_datetimes', value='on'}
2026-03-11 11:43:30.597 DEBUG [reactor-tcp-nio-5] i.r.p.client.ReactorNettyClient : [cid: 0x5] Response: ParameterStatus{name='TimeZone', value='Asia/Dhaka'}
2026-03-11 11:43:30.597 DEBUG [reactor-tcp-nio-5] i.r.p.client.ReactorNettyClient : [cid: 0x5] Response: ParameterStatus{name='IntervalStyle', value='postgres'}
2026-03-11 11:43:30.597 DEBUG [reactor-tcp-nio-5] i.r.p.client.ReactorNettyClient : [cid: 0x5] Response: ParameterStatus{name='search_path', value='user_service'}
2026-03-11 11:43:30.597 DEBUG [reactor-tcp-nio-5] i.r.p.client.ReactorNettyClient : [cid: 0x5] Response: ParameterStatus{name='is_superuser', value='off'}
2026-03-11 11:43:30.597 DEBUG [reactor-tcp-nio-5] i.r.p.client.ReactorNettyClient : [cid: 0x5] Response: ParameterStatus{name='application_name', value='r2dbc-postgresql'}
2026-03-11 11:43:30.597 DEBUG [reactor-tcp-nio-5] i.r.p.client.ReactorNettyClient : [cid: 0x5] Response: ParameterStatus{name='default_transaction_read_only', value='off'}
2026-03-11 11:43:30.597 DEBUG [reactor-tcp-nio-5] i.r.p.client.ReactorNettyClient : [cid: 0x5] Response: ParameterStatus{name='scram_iterations', value='4096'}
2026-03-11 11:43:30.597 DEBUG [reactor-tcp-nio-5] i.r.p.client.ReactorNettyClient : [cid: 0x5] Response: ParameterStatus{name='DateStyle', value='ISO, MDY'}
2026-03-11 11:43:30.597 DEBUG [reactor-tcp-nio-5] i.r.p.client.ReactorNettyClient : [cid: 0x5] Response: ParameterStatus{name='standard_conforming_strings', value='on'}
2026-03-11 11:43:30.597 DEBUG [reactor-tcp-nio-5] i.r.p.client.ReactorNettyClient : [cid: 0x5] Response: ParameterStatus{name='session_authorization', value='fund-transfer'}
2026-03-11 11:43:30.597 DEBUG [reactor-tcp-nio-5] i.r.p.client.ReactorNettyClient : [cid: 0x5] Response: ParameterStatus{name='client_encoding', value='UTF8'}
2026-03-11 11:43:30.597 DEBUG [reactor-tcp-nio-5] i.r.p.client.ReactorNettyClient : [cid: 0x5] Response: ParameterStatus{name='server_version', value='18.0'}
2026-03-11 11:43:30.597 DEBUG [reactor-tcp-nio-5] i.r.p.client.ReactorNettyClient : [cid: 0x5] Response: ParameterStatus{name='server_encoding', value='UTF8'}
2026-03-11 11:43:30.597 DEBUG [reactor-tcp-nio-5] i.r.p.client.ReactorNettyClient : [cid: 0x5] Response: BackendKeyData{processId=21760, secretKey=-1057243131}
2026-03-11 11:43:30.597 DEBUG [reactor-tcp-nio-5] i.r.p.client.ReactorNettyClient : [cid: 0x5][pid: 21760] Response: ReadyForQuery{transactionStatus=IDLE}
2026-03-11 11:43:30.599 DEBUG [reactor-tcp-nio-5] io.r2dbc.postgresql.QUERY : [cid: 0x5][pid: 21760] Executing query: SHOW TRANSACTION ISOLATION LEVEL
2026-03-11 11:43:30.599 DEBUG [reactor-tcp-nio-5] i.r.p.client.ReactorNettyClient : [cid: 0x5][pid: 21760] Request:  Query{query='SHOW TRANSACTION ISOLATION LEVEL'}
2026-03-11 11:43:30.599 DEBUG [reactor-tcp-nio-5] i.r.p.client.ReactorNettyClient : [cid: 0x5][pid: 21760] Response: RowDescription{fields=[Field{column=0, dataType=25, dataTypeModifier=-1, dataTypeSize=-1, format=FORMAT_TEXT, name='transaction_isolation', table=0}]}
2026-03-11 11:43:30.600 DEBUG [reactor-tcp-nio-5] i.r.p.client.ReactorNettyClient : [cid: 0x5][pid: 21760] Response: DataRow{columns=[PooledSlicedByteBuf(ridx: 0, widx: 14, cap: 14/14, unwrapped: PooledUnsafeDirectByteBuf(ridx: 72, widx: 88, cap: 1024))]}
2026-03-11 11:43:30.600 DEBUG [reactor-tcp-nio-5] i.r.p.client.ReactorNettyClient : [cid: 0x5][pid: 21760] Response: CommandComplete{command=SHOW, rowId=null, rows=null}
2026-03-11 11:43:30.600 DEBUG [reactor-tcp-nio-5] i.r.p.client.ReactorNettyClient : [cid: 0x5][pid: 21760] Response: ReadyForQuery{transactionStatus=IDLE}
2026-03-11 11:43:30.600 DEBUG [reactor-tcp-nio-5] io.r2dbc.postgresql.QUERY : [cid: 0x5][pid: 21760] Executing query: SELECT oid, * FROM pg_catalog.pg_type WHERE typname IN ('hstore','geometry','vector')
2026-03-11 11:43:30.600 DEBUG [reactor-tcp-nio-5] i.r.p.client.ReactorNettyClient : [cid: 0x5][pid: 21760] Request:  Query{query='SELECT oid, * FROM pg_catalog.pg_type WHERE typname IN ('hstore','geometry','vector')'}
2026-03-11 11:43:30.602 DEBUG [reactor-tcp-nio-5] i.r.p.client.ReactorNettyClient : [cid: 0x5][pid: 21760] Response: RowDescription{fields=[Field{column=1, dataType=26, dataTypeModifier=-1, dataTypeSize=4, format=FORMAT_TEXT, name='oid', table=1247}, Field{column=1, dataType=26, dataTypeModifier=-1, dataTypeSize=4, format=FORMAT_TEXT, name='oid', table=1247}, Field{column=2, dataType=19, dataTypeModifier=-1, dataTypeSize=64, format=FORMAT_TEXT, name='typname', table=1247}, Field{column=3, dataType=26, dataTypeModifier=-1, dataTypeSize=4, format=FORMAT_TEXT, name='typnamespace', table=1247}, Field{column=4, dataType=26, dataTypeModifier=-1, dataTypeSize=4, format=FORMAT_TEXT, name='typowner', table=1247}, Field{column=5, dataType=21, dataTypeModifier=-1, dataTypeSize=2, format=FORMAT_TEXT, name='typlen', table=1247}, Field{column=6, dataType=16, dataTypeModifier=-1, dataTypeSize=1, format=FORMAT_TEXT, name='typbyval', table=1247}, Field{column=7, dataType=18, dataTypeModifier=-1, dataTypeSize=1, format=FORMAT_TEXT, name='typtype', table=1247}, Field{column=8, dataType=18, dataTypeModifier=-1, dataTypeSize=1, format=FORMAT_TEXT, name='typcategory', table=1247}, Field{column=9, dataType=16, dataTypeModifier=-1, dataTypeSize=1, format=FORMAT_TEXT, name='typispreferred', table=1247}, Field{column=10, dataType=16, dataTypeModifier=-1, dataTypeSize=1, format=FORMAT_TEXT, name='typisdefined', table=1247}, Field{column=11, dataType=18, dataTypeModifier=-1, dataTypeSize=1, format=FORMAT_TEXT, name='typdelim', table=1247}, Field{column=12, dataType=26, dataTypeModifier=-1, dataTypeSize=4, format=FORMAT_TEXT, name='typrelid', table=1247}, Field{column=13, dataType=24, dataTypeModifier=-1, dataTypeSize=4, format=FORMAT_TEXT, name='typsubscript', table=1247}, Field{column=14, dataType=26, dataTypeModifier=-1, dataTypeSize=4, format=FORMAT_TEXT, name='typelem', table=1247}, Field{column=15, dataType=26, dataTypeModifier=-1, dataTypeSize=4, format=FORMAT_TEXT, name='typarray', table=1247}, Field{column=16, dataType=24, dataTypeModifier=-1, dataTypeSize=4, format=FORMAT_TEXT, name='typinput', table=1247}, Field{column=17, dataType=24, dataTypeModifier=-1, dataTypeSize=4, format=FORMAT_TEXT, name='typoutput', table=1247}, Field{column=18, dataType=24, dataTypeModifier=-1, dataTypeSize=4, format=FORMAT_TEXT, name='typreceive', table=1247}, Field{column=19, dataType=24, dataTypeModifier=-1, dataTypeSize=4, format=FORMAT_TEXT, name='typsend', table=1247}, Field{column=20, dataType=24, dataTypeModifier=-1, dataTypeSize=4, format=FORMAT_TEXT, name='typmodin', table=1247}, Field{column=21, dataType=24, dataTypeModifier=-1, dataTypeSize=4, format=FORMAT_TEXT, name='typmodout', table=1247}, Field{column=22, dataType=24, dataTypeModifier=-1, dataTypeSize=4, format=FORMAT_TEXT, name='typanalyze', table=1247}, Field{column=23, dataType=18, dataTypeModifier=-1, dataTypeSize=1, format=FORMAT_TEXT, name='typalign', table=1247}, Field{column=24, dataType=18, dataTypeModifier=-1, dataTypeSize=1, format=FORMAT_TEXT, name='typstorage', table=1247}, Field{column=25, dataType=16, dataTypeModifier=-1, dataTypeSize=1, format=FORMAT_TEXT, name='typnotnull', table=1247}, Field{column=26, dataType=26, dataTypeModifier=-1, dataTypeSize=4, format=FORMAT_TEXT, name='typbasetype', table=1247}, Field{column=27, dataType=23, dataTypeModifier=-1, dataTypeSize=4, format=FORMAT_TEXT, name='typtypmod', table=1247}, Field{column=28, dataType=23, dataTypeModifier=-1, dataTypeSize=4, format=FORMAT_TEXT, name='typndims', table=1247}, Field{column=29, dataType=26, dataTypeModifier=-1, dataTypeSize=4, format=FORMAT_TEXT, name='typcollation', table=1247}, Field{column=30, dataType=194, dataTypeModifier=-1, dataTypeSize=-1, format=FORMAT_TEXT, name='typdefaultbin', table=1247}, Field{column=31, dataType=25, dataTypeModifier=-1, dataTypeSize=-1, format=FORMAT_TEXT, name='typdefault', table=1247}, Field{column=32, dataType=1034, dataTypeModifier=-1, dataTypeSize=-1, format=FORMAT_TEXT, name='typacl', table=1247}]}
2026-03-11 11:43:30.603 DEBUG [reactor-tcp-nio-5] i.r.p.client.ReactorNettyClient : [cid: 0x5][pid: 21760] Response: CommandComplete{command=SELECT, rowId=null, rows=0}
2026-03-11 11:43:30.603 DEBUG [reactor-tcp-nio-5] i.r.p.client.ReactorNettyClient : [cid: 0x5][pid: 21760] Response: ReadyForQuery{transactionStatus=IDLE}
2026-03-11 11:43:30.608 DEBUG [lettuce-nioEventLoop-5-1] c.f.t.u.s.g.f.o.ResponseSanitizer : Sanitizing LoginResponseModel for role: 'null'
2026-03-11 11:43:30.608 DEBUG [lettuce-nioEventLoop-5-1] c.f.t.u.s.g.f.o.ResponseSanitizer : Field 'message' — role: 'null', canSee: false
2026-03-11 11:43:30.608 DEBUG [lettuce-nioEventLoop-5-1] c.f.t.u.s.g.f.o.ResponseSanitizer : Field 'token' — role: 'null', canSee: false
2026-03-11 11:43:30.609 DEBUG [lettuce-nioEventLoop-5-1] o.s.w.r.r.m.a.ResponseEntityResultHandler : [77673ae5-2] Using 'application/json' given [*/*] and supported [application/json, application/*+json, application/x-ndjson, text/event-stream]
2026-03-11 11:43:30.609 DEBUG [lettuce-nioEventLoop-5-1] o.s.w.r.r.m.a.ResponseEntityResultHandler : [77673ae5-2] 0..1 [com.fund.transfer.user.service.ui.model.response.auth.LoginResponseModel]
2026-03-11 11:43:30.612 DEBUG [lettuce-nioEventLoop-5-1] o.s.h.codec.json.Jackson2JsonEncoder : [77673ae5-2] Encoding [LoginResponseModel(success=true, message=Login Successful, token=eyJhbGciOiJIUzM4NCJ9.eyJyb2xlIjoiQU (truncated)...]
2026-03-11 11:43:30.612 DEBUG [lettuce-nioEventLoop-5-1] r.n.http.server.HttpServerOperations : [77673ae5-2, L:/192.168.1.136:9090 - R:/192.168.1.136:9565] Last HTTP response frame
2026-03-11 11:43:30.612 DEBUG [lettuce-nioEventLoop-5-1] r.n.http.server.HttpServerOperations : [77673ae5-2, L:/192.168.1.136:9090 - R:/192.168.1.136:9565] Headers are not sent before onComplete().
2026-03-11 11:43:30.612 DEBUG [lettuce-nioEventLoop-5-1] o.s.w.s.a.HttpWebHandlerAdapter : [77673ae5-2] Completed 200 OK
2026-03-11 11:43:30.613 DEBUG [reactor-http-nio-2] r.n.http.server.HttpServerOperations : [77673ae5-2, L:/192.168.1.136:9090 - R:/192.168.1.136:9565] Decreasing pending responses count: 0
2026-03-11 11:43:30.613 DEBUG [reactor-http-nio-2] r.n.http.server.HttpServerOperations : [77673ae5-2, L:/192.168.1.136:9090 - R:/192.168.1.136:9565] Last HTTP packet was sent, terminating the channel
2026-03-11 11:43:34.549 DEBUG [DiscoveryClient-HeartbeatExecutor-%d] o.s.web.client.RestTemplate : HTTP PUT http://localhost:8761/eureka/apps/USER-SERVICE/user-service:9090?status=UP&lastDirtyTimestamp=1773207589127
2026-03-11 11:43:34.550 DEBUG [DiscoveryClient-HeartbeatExecutor-%d] o.s.web.client.RestTemplate : Accept=[application/json, application/*+json]
2026-03-11 11:43:34.569 DEBUG [DiscoveryClient-HeartbeatExecutor-%d] o.s.web.client.RestTemplate : Response 200 OK
2026-03-11 11:43:49.336 DEBUG [DiscoveryClient-CacheRefreshExecutor-%d] o.s.web.client.RestTemplate : HTTP GET http://localhost:8761/eureka/apps/delta
2026-03-11 11:43:49.336 DEBUG [DiscoveryClient-CacheRefreshExecutor-%d] o.s.web.client.RestTemplate : Accept=[application/json, application/*+json]
2026-03-11 11:43:49.357 DEBUG [DiscoveryClient-CacheRefreshExecutor-%d] o.s.web.client.RestTemplate : Response 200 OK
2026-03-11 11:43:49.357 DEBUG [DiscoveryClient-CacheRefreshExecutor-%d] o.s.web.client.RestTemplate : Reading to [org.springframework.cloud.netflix.eureka.http.EurekaApplications]
2026-03-11 11:43:49.583 DEBUG [DiscoveryClient-HeartbeatExecutor-%d] o.s.web.client.RestTemplate : HTTP PUT http://localhost:8761/eureka/apps/USER-SERVICE/user-service:9090?status=UP&lastDirtyTimestamp=1773207589127
2026-03-11 11:43:49.583 DEBUG [DiscoveryClient-HeartbeatExecutor-%d] o.s.web.client.RestTemplate : Accept=[application/json, application/*+json]
2026-03-11 11:43:49.601 DEBUG [DiscoveryClient-HeartbeatExecutor-%d] o.s.web.client.RestTemplate : Response 200 OK
2026-03-11 11:44:04.609 DEBUG [DiscoveryClient-HeartbeatExecutor-%d] o.s.web.client.RestTemplate : HTTP PUT http://localhost:8761/eureka/apps/USER-SERVICE/user-service:9090?status=UP&lastDirtyTimestamp=1773207589127
2026-03-11 11:44:04.609 DEBUG [DiscoveryClient-HeartbeatExecutor-%d] o.s.web.client.RestTemplate : Accept=[application/json, application/*+json]
2026-03-11 11:44:04.625 DEBUG [DiscoveryClient-HeartbeatExecutor-%d] o.s.web.client.RestTemplate : Response 200 OK
2026-03-11 11:44:19.369 DEBUG [DiscoveryClient-CacheRefreshExecutor-%d] o.s.web.client.RestTemplate : HTTP GET http://localhost:8761/eureka/apps/delta
2026-03-11 11:44:19.369 DEBUG [DiscoveryClient-CacheRefreshExecutor-%d] o.s.web.client.RestTemplate : Accept=[application/json, application/*+json]
2026-03-11 11:44:19.386 DEBUG [DiscoveryClient-CacheRefreshExecutor-%d] o.s.web.client.RestTemplate : Response 200 OK
2026-03-11 11:44:19.387 DEBUG [DiscoveryClient-CacheRefreshExecutor-%d] o.s.web.client.RestTemplate : Reading to [org.springframework.cloud.netflix.eureka.http.EurekaApplications]
2026-03-11 11:44:19.633 DEBUG [DiscoveryClient-HeartbeatExecutor-%d] o.s.web.client.RestTemplate : HTTP PUT http://localhost:8761/eureka/apps/USER-SERVICE/user-service:9090?status=UP&lastDirtyTimestamp=1773207589127
2026-03-11 11:44:19.633 DEBUG [DiscoveryClient-HeartbeatExecutor-%d] o.s.web.client.RestTemplate : Accept=[application/json, application/*+json]
2026-03-11 11:44:19.650 DEBUG [DiscoveryClient-HeartbeatExecutor-%d] o.s.web.client.RestTemplate : Response 200 OK
2026-03-11 11:44:34.662 DEBUG [DiscoveryClient-HeartbeatExecutor-%d] o.s.web.client.RestTemplate : HTTP PUT http://localhost:8761/eureka/apps/USER-SERVICE/user-service:9090?status=UP&lastDirtyTimestamp=1773207589127
2026-03-11 11:44:34.662 DEBUG [DiscoveryClient-HeartbeatExecutor-%d] o.s.web.client.RestTemplate : Accept=[application/json, application/*+json]
2026-03-11 11:44:34.679 DEBUG [DiscoveryClient-HeartbeatExecutor-%d] o.s.web.client.RestTemplate : Response 200 OK
2026-03-11 11:44:48.734 INFO  [AsyncResolver-bootstrap-executor-%d] c.n.d.s.r.aws.ConfigClusterResolver : Resolving eureka endpoints via configuration
2026-03-11 11:44:49.398 DEBUG [DiscoveryClient-CacheRefreshExecutor-%d] o.s.web.client.RestTemplate : HTTP GET http://localhost:8761/eureka/apps/delta
2026-03-11 11:44:49.398 DEBUG [DiscoveryClient-CacheRefreshExecutor-%d] o.s.web.client.RestTemplate : Accept=[application/json, application/*+json]
2026-03-11 11:44:49.414 DEBUG [DiscoveryClient-CacheRefreshExecutor-%d] o.s.web.client.RestTemplate : Response 200 OK
2026-03-11 11:44:49.414 DEBUG [DiscoveryClient-CacheRefreshExecutor-%d] o.s.web.client.RestTemplate : Reading to [org.springframework.cloud.netflix.eureka.http.EurekaApplications]
2026-03-11 11:44:49.691 DEBUG [DiscoveryClient-HeartbeatExecutor-%d] o.s.web.client.RestTemplate : HTTP PUT http://localhost:8761/eureka/apps/USER-SERVICE/user-service:9090?status=UP&lastDirtyTimestamp=1773207589127
2026-03-11 11:44:49.692 DEBUG [DiscoveryClient-HeartbeatExecutor-%d] o.s.web.client.RestTemplate : Accept=[application/json, application/*+json]
2026-03-11 11:44:49.711 DEBUG [DiscoveryClient-HeartbeatExecutor-%d] o.s.web.client.RestTemplate : Response 200 OK
2026-03-11 11:44:59.018 DEBUG [reactor-http-nio-2] r.n.http.server.HttpServerOperations : [77673ae5, L:/192.168.1.136:9090 - R:/192.168.1.136:9565] Increasing pending responses count: 1
2026-03-11 11:44:59.018 DEBUG [reactor-http-nio-2] r.netty.http.server.HttpServer : [77673ae5-3, L:/192.168.1.136:9090 - R:/192.168.1.136:9565] Handler is being applied: org.springframework.http.server.reactive.ReactorHttpHandlerAdapter@31feba67
2026-03-11 11:44:59.018 DEBUG [reactor-http-nio-2] o.s.w.s.a.HttpWebHandlerAdapter : [77673ae5-3] HTTP POST "/user"
2026-03-11 11:44:59.019 DEBUG [parallel-6] o.s.w.s.s.DefaultWebSessionManager : Created new WebSession.
2026-03-11 11:44:59.019 DEBUG [parallel-6] o.s.s.w.s.u.m.OrServerWebExchangeMatcher : Trying to match using PathMatcherServerWebExchangeMatcher{pattern='/logout', method=POST}
2026-03-11 11:44:59.019 DEBUG [parallel-6] o.s.s.w.s.u.m.PathPatternParserServerWebExchangeMatcher : Request 'POST /user' doesn't match 'POST /logout'
2026-03-11 11:44:59.019 DEBUG [parallel-6] o.s.s.w.s.u.m.OrServerWebExchangeMatcher : No matches found
2026-03-11 11:44:59.019 DEBUG [parallel-6] o.s.s.w.s.a.DelegatingReactiveAuthorizationManager : Checking authorization on '/user' using org.springframework.security.config.web.server.ServerHttpSecurity$AuthorizeExchangeSpec$Access$$Lambda/0x00000236988ecd18@771ddca2
2026-03-11 11:44:59.020 DEBUG [parallel-6] o.s.s.w.s.a.AuthorizationWebFilter : Authorization successful
2026-03-11 11:44:59.020 DEBUG [parallel-6] o.s.w.r.r.m.a.RequestMappingHandlerMapping : [77673ae5-3] Mapped to com.fund.transfer.user.service.ui.controller.UserController#saveUser(String, String, UserRequestModel)
2026-03-11 11:44:59.023 DEBUG [parallel-6] o.s.w.r.r.m.a.RequestBodyMethodArgumentResolver : [77673ae5-3] Content-Type:application/json
2026-03-11 11:44:59.029 DEBUG [parallel-6] o.s.w.r.r.m.a.RequestBodyMethodArgumentResolver : [77673ae5-3] 0..1 [com.fund.transfer.user.service.ui.model.request.user.UserRequestModel]
2026-03-11 11:44:59.035 DEBUG [reactor-http-nio-2] o.s.h.codec.json.Jackson2JsonDecoder : [77673ae5-3] Decoded [com.fund.transfer.user.service.ui.model.request.user.UserRequestModel@7f1b1849]
2026-03-11 11:44:59.063 INFO  [reactor-http-nio-2] c.f.t.u.s.u.c.UserController : Save user request received
2026-03-11 11:44:59.084 DEBUG [reactor-http-nio-2] o.s.w.r.r.m.a.RequestMappingHandlerAdapter : [77673ae5-3] Using @ExceptionHandler com.fund.transfer.user.service.global.exception.GlobalExceptionHandler#handleGeneric(Exception)
2026-03-11 11:44:59.086 DEBUG [reactor-http-nio-2] o.s.w.r.r.m.a.ResponseEntityResultHandler : [77673ae5-3] Using 'application/json' given [*/*] and supported [application/json, application/*+json, application/x-ndjson, text/event-stream]
2026-03-11 11:44:59.087 DEBUG [reactor-http-nio-2] o.s.w.r.r.m.a.ResponseEntityResultHandler : [77673ae5-3] 0..1 [java.util.Map<java.lang.String, java.lang.Object>]
2026-03-11 11:44:59.087 DEBUG [reactor-http-nio-2] o.s.h.codec.json.Jackson2JsonEncoder : [77673ae5-3] Encoding [{exceptionType=NoUniqueBeanDefinitionException, code=INTERNAL_ERROR, success=false, stackTrace=org.s (truncated)...]
2026-03-11 11:44:59.088 DEBUG [reactor-http-nio-2] r.n.http.server.HttpServerOperations : [77673ae5-3, L:/192.168.1.136:9090 - R:/192.168.1.136:9565] Last HTTP response frame
2026-03-11 11:44:59.088 DEBUG [reactor-http-nio-2] r.n.http.server.HttpServerOperations : [77673ae5-3, L:/192.168.1.136:9090 - R:/192.168.1.136:9565] Headers are not sent before onComplete().
2026-03-11 11:44:59.088 DEBUG [reactor-http-nio-2] r.n.http.server.HttpServerOperations : [77673ae5-3, L:/192.168.1.136:9090 - R:/192.168.1.136:9565] Decreasing pending responses count: 0
2026-03-11 11:44:59.088 DEBUG [reactor-http-nio-2] r.n.http.server.HttpServerOperations : [77673ae5-3, L:/192.168.1.136:9090 - R:/192.168.1.136:9565] Last HTTP packet was sent, terminating the channel
2026-03-11 11:44:59.089 DEBUG [reactor-http-nio-2] o.s.w.s.a.HttpWebHandlerAdapter : [77673ae5-3] Completed 500 INTERNAL_SERVER_ERROR
2026-03-11 11:45:04.714 DEBUG [DiscoveryClient-HeartbeatExecutor-%d] o.s.web.client.RestTemplate : HTTP PUT http://localhost:8761/eureka/apps/USER-SERVICE/user-service:9090?status=UP&lastDirtyTimestamp=1773207589127
2026-03-11 11:45:04.715 DEBUG [DiscoveryClient-HeartbeatExecutor-%d] o.s.web.client.RestTemplate : Accept=[application/json, application/*+json]
2026-03-11 11:45:04.734 DEBUG [DiscoveryClient-HeartbeatExecutor-%d] o.s.web.client.RestTemplate : Response 200 OK
2026-03-11 11:45:19.418 DEBUG [DiscoveryClient-CacheRefreshExecutor-%d] o.s.web.client.RestTemplate : HTTP GET http://localhost:8761/eureka/apps/delta
2026-03-11 11:45:19.418 DEBUG [DiscoveryClient-CacheRefreshExecutor-%d] o.s.web.client.RestTemplate : Accept=[application/json, application/*+json]
2026-03-11 11:45:19.439 DEBUG [DiscoveryClient-CacheRefreshExecutor-%d] o.s.web.client.RestTemplate : Response 200 OK
2026-03-11 11:45:19.439 DEBUG [DiscoveryClient-CacheRefreshExecutor-%d] o.s.web.client.RestTemplate : Reading to [org.springframework.cloud.netflix.eureka.http.EurekaApplications]
2026-03-11 11:45:19.742 DEBUG [DiscoveryClient-HeartbeatExecutor-%d] o.s.web.client.RestTemplate : HTTP PUT http://localhost:8761/eureka/apps/USER-SERVICE/user-service:9090?status=UP&lastDirtyTimestamp=1773207589127
2026-03-11 11:45:19.742 DEBUG [DiscoveryClient-HeartbeatExecutor-%d] o.s.web.client.RestTemplate : Accept=[application/json, application/*+json]
2026-03-11 11:45:19.762 DEBUG [DiscoveryClient-HeartbeatExecutor-%d] o.s.web.client.RestTemplate : Response 200 OK
2026-03-11 11:45:34.774 DEBUG [DiscoveryClient-HeartbeatExecutor-%d] o.s.web.client.RestTemplate : HTTP PUT http://localhost:8761/eureka/apps/USER-SERVICE/user-service:9090?status=UP&lastDirtyTimestamp=1773207589127
2026-03-11 11:45:34.774 DEBUG [DiscoveryClient-HeartbeatExecutor-%d] o.s.web.client.RestTemplate : Accept=[application/json, application/*+json]
2026-03-11 11:45:34.779 DEBUG [DiscoveryClient-HeartbeatExecutor-%d] o.s.web.client.RestTemplate : Response 200 OK
2026-03-11 11:45:49.443 DEBUG [DiscoveryClient-CacheRefreshExecutor-%d] o.s.web.client.RestTemplate : HTTP GET http://localhost:8761/eureka/apps/delta
2026-03-11 11:45:49.443 DEBUG [DiscoveryClient-CacheRefreshExecutor-%d] o.s.web.client.RestTemplate : Accept=[application/json, application/*+json]
2026-03-11 11:45:49.452 DEBUG [DiscoveryClient-CacheRefreshExecutor-%d] o.s.web.client.RestTemplate : Response 200 OK
2026-03-11 11:45:49.452 DEBUG [DiscoveryClient-CacheRefreshExecutor-%d] o.s.web.client.RestTemplate : Reading to [org.springframework.cloud.netflix.eureka.http.EurekaApplications]
2026-03-11 11:45:49.790 DEBUG [DiscoveryClient-HeartbeatExecutor-%d] o.s.web.client.RestTemplate : HTTP PUT http://localhost:8761/eureka/apps/USER-SERVICE/user-service:9090?status=UP&lastDirtyTimestamp=1773207589127
2026-03-11 11:45:49.791 DEBUG [DiscoveryClient-HeartbeatExecutor-%d] o.s.web.client.RestTemplate : Accept=[application/json, application/*+json]
2026-03-11 11:45:49.807 DEBUG [DiscoveryClient-HeartbeatExecutor-%d] o.s.web.client.RestTemplate : Response 200 OK
2026-03-11 11:46:04.823 DEBUG [DiscoveryClient-HeartbeatExecutor-%d] o.s.web.client.RestTemplate : HTTP PUT http://localhost:8761/eureka/apps/USER-SERVICE/user-service:9090?status=UP&lastDirtyTimestamp=1773207589127
2026-03-11 11:46:04.824 DEBUG [DiscoveryClient-HeartbeatExecutor-%d] o.s.web.client.RestTemplate : Accept=[application/json, application/*+json]
2026-03-11 11:46:04.842 DEBUG [DiscoveryClient-HeartbeatExecutor-%d] o.s.web.client.RestTemplate : Response 200 OK
2026-03-11 11:46:19.460 DEBUG [DiscoveryClient-CacheRefreshExecutor-%d] o.s.web.client.RestTemplate : HTTP GET http://localhost:8761/eureka/apps/delta
2026-03-11 11:46:19.460 DEBUG [DiscoveryClient-CacheRefreshExecutor-%d] o.s.web.client.RestTemplate : Accept=[application/json, application/*+json]
2026-03-11 11:46:19.477 DEBUG [DiscoveryClient-CacheRefreshExecutor-%d] o.s.web.client.RestTemplate : Response 200 OK
2026-03-11 11:46:19.478 DEBUG [DiscoveryClient-CacheRefreshExecutor-%d] o.s.web.client.RestTemplate : Reading to [org.springframework.cloud.netflix.eureka.http.EurekaApplications]
2026-03-11 11:46:19.849 DEBUG [DiscoveryClient-HeartbeatExecutor-%d] o.s.web.client.RestTemplate : HTTP PUT http://localhost:8761/eureka/apps/USER-SERVICE/user-service:9090?status=UP&lastDirtyTimestamp=1773207589127
2026-03-11 11:46:19.849 DEBUG [DiscoveryClient-HeartbeatExecutor-%d] o.s.web.client.RestTemplate : Accept=[application/json, application/*+json]
2026-03-11 11:46:19.865 DEBUG [DiscoveryClient-HeartbeatExecutor-%d] o.s.web.client.RestTemplate : Response 200 OK
2026-03-11 11:46:34.870 DEBUG [DiscoveryClient-HeartbeatExecutor-%d] o.s.web.client.RestTemplate : HTTP PUT http://localhost:8761/eureka/apps/USER-SERVICE/user-service:9090?status=UP&lastDirtyTimestamp=1773207589127
2026-03-11 11:46:34.871 DEBUG [DiscoveryClient-HeartbeatExecutor-%d] o.s.web.client.RestTemplate : Accept=[application/json, application/*+json]
2026-03-11 11:46:34.888 DEBUG [DiscoveryClient-HeartbeatExecutor-%d] o.s.web.client.RestTemplate : Response 200 OK
2026-03-11 11:46:49.479 DEBUG [DiscoveryClient-CacheRefreshExecutor-%d] o.s.web.client.RestTemplate : HTTP GET http://localhost:8761/eureka/apps/delta
2026-03-11 11:46:49.480 DEBUG [DiscoveryClient-CacheRefreshExecutor-%d] o.s.web.client.RestTemplate : Accept=[application/json, application/*+json]
2026-03-11 11:46:49.497 DEBUG [DiscoveryClient-CacheRefreshExecutor-%d] o.s.web.client.RestTemplate : Response 200 OK
2026-03-11 11:46:49.497 DEBUG [DiscoveryClient-CacheRefreshExecutor-%d] o.s.web.client.RestTemplate : Reading to [org.springframework.cloud.netflix.eureka.http.EurekaApplications]
2026-03-11 11:46:49.897 DEBUG [DiscoveryClient-HeartbeatExecutor-%d] o.s.web.client.RestTemplate : HTTP PUT http://localhost:8761/eureka/apps/USER-SERVICE/user-service:9090?status=UP&lastDirtyTimestamp=1773207589127
2026-03-11 11:46:49.897 DEBUG [DiscoveryClient-HeartbeatExecutor-%d] o.s.web.client.RestTemplate : Accept=[application/json, application/*+json]
2026-03-11 11:46:49.917 DEBUG [DiscoveryClient-HeartbeatExecutor-%d] o.s.web.client.RestTemplate : Response 200 OK
2026-03-11 11:47:04.924 DEBUG [DiscoveryClient-HeartbeatExecutor-%d] o.s.web.client.RestTemplate : HTTP PUT http://localhost:8761/eureka/apps/USER-SERVICE/user-service:9090?status=UP&lastDirtyTimestamp=1773207589127
2026-03-11 11:47:04.924 DEBUG [DiscoveryClient-HeartbeatExecutor-%d] o.s.web.client.RestTemplate : Accept=[application/json, application/*+json]
2026-03-11 11:47:04.944 DEBUG [DiscoveryClient-HeartbeatExecutor-%d] o.s.web.client.RestTemplate : Response 200 OK
2026-03-11 11:47:19.501 DEBUG [DiscoveryClient-CacheRefreshExecutor-%d] o.s.web.client.RestTemplate : HTTP GET http://localhost:8761/eureka/apps/delta
2026-03-11 11:47:19.501 DEBUG [DiscoveryClient-CacheRefreshExecutor-%d] o.s.web.client.RestTemplate : Accept=[application/json, application/*+json]
2026-03-11 11:47:19.518 DEBUG [DiscoveryClient-CacheRefreshExecutor-%d] o.s.web.client.RestTemplate : Response 200 OK
2026-03-11 11:47:19.518 DEBUG [DiscoveryClient-CacheRefreshExecutor-%d] o.s.web.client.RestTemplate : Reading to [org.springframework.cloud.netflix.eureka.http.EurekaApplications]
2026-03-11 11:47:19.954 DEBUG [DiscoveryClient-HeartbeatExecutor-%d] o.s.web.client.RestTemplate : HTTP PUT http://localhost:8761/eureka/apps/USER-SERVICE/user-service:9090?status=UP&lastDirtyTimestamp=1773207589127
2026-03-11 11:47:19.954 DEBUG [DiscoveryClient-HeartbeatExecutor-%d] o.s.web.client.RestTemplate : Accept=[application/json, application/*+json]
2026-03-11 11:47:19.974 DEBUG [DiscoveryClient-HeartbeatExecutor-%d] o.s.web.client.RestTemplate : Response 200 OK
2026-03-11 11:47:34.980 DEBUG [DiscoveryClient-HeartbeatExecutor-%d] o.s.web.client.RestTemplate : HTTP PUT http://localhost:8761/eureka/apps/USER-SERVICE/user-service:9090?status=UP&lastDirtyTimestamp=1773207589127
2026-03-11 11:47:34.981 DEBUG [DiscoveryClient-HeartbeatExecutor-%d] o.s.web.client.RestTemplate : Accept=[application/json, application/*+json]
2026-03-11 11:47:34.995 DEBUG [DiscoveryClient-HeartbeatExecutor-%d] o.s.web.client.RestTemplate : Response 200 OK
2026-03-11 11:47:49.519 DEBUG [DiscoveryClient-CacheRefreshExecutor-%d] o.s.web.client.RestTemplate : HTTP GET http://localhost:8761/eureka/apps/delta
2026-03-11 11:47:49.519 DEBUG [DiscoveryClient-CacheRefreshExecutor-%d] o.s.web.client.RestTemplate : Accept=[application/json, application/*+json]
2026-03-11 11:47:49.526 DEBUG [DiscoveryClient-CacheRefreshExecutor-%d] o.s.web.client.RestTemplate : Response 200 OK
2026-03-11 11:47:49.526 DEBUG [DiscoveryClient-CacheRefreshExecutor-%d] o.s.web.client.RestTemplate : Reading to [org.springframework.cloud.netflix.eureka.http.EurekaApplications]
2026-03-11 11:47:50.005 DEBUG [DiscoveryClient-HeartbeatExecutor-%d] o.s.web.client.RestTemplate : HTTP PUT http://localhost:8761/eureka/apps/USER-SERVICE/user-service:9090?status=UP&lastDirtyTimestamp=1773207589127
2026-03-11 11:47:50.005 DEBUG [DiscoveryClient-HeartbeatExecutor-%d] o.s.web.client.RestTemplate : Accept=[application/json, application/*+json]
2026-03-11 11:47:50.023 DEBUG [DiscoveryClient-HeartbeatExecutor-%d] o.s.web.client.RestTemplate : Response 200 OK
2026-03-11 11:47:50.107 INFO  [SpringApplicationShutdownHook] o.s.c.n.e.s.EurekaServiceRegistry : Unregistering application USER-SERVICE with eureka with status DOWN
2026-03-11 11:47:50.107 INFO  [SpringApplicationShutdownHook] c.netflix.discovery.DiscoveryClient : Saw local status change event StatusChangeEvent [timestamp=1773208070107, current=DOWN, previous=UP]
2026-03-11 11:47:50.107 INFO  [DiscoveryClient-InstanceInfoReplicator-%d] c.netflix.discovery.DiscoveryClient : DiscoveryClient_USER-SERVICE/user-service:9090: registering service...
2026-03-11 11:47:50.107 DEBUG [DiscoveryClient-InstanceInfoReplicator-%d] o.s.web.client.RestTemplate : HTTP POST http://localhost:8761/eureka/apps/USER-SERVICE
2026-03-11 11:47:50.107 DEBUG [DiscoveryClient-InstanceInfoReplicator-%d] o.s.web.client.RestTemplate : Accept=[application/json, application/*+json]
2026-03-11 11:47:50.107 DEBUG [DiscoveryClient-InstanceInfoReplicator-%d] o.s.web.client.RestTemplate : Writing [InstanceInfo [instanceId = user-service:9090, appName = USER-SERVICE, hostName = 192.168.1.136, status = DOWN, ipAddr = 192.168.1.136, port = 9090, securePort = 443, dataCenterInfo = com.netflix.appinfo.MyDataCenterInfo@59a6e31c] as "application/json"
2026-03-11 11:47:50.109 INFO  [SpringApplicationShutdownHook] o.s.b.w.e.netty.GracefulShutdown : Commencing graceful shutdown. Waiting for active requests to complete
2026-03-11 11:47:50.111 DEBUG [DiscoveryClient-InstanceInfoReplicator-%d] o.s.web.client.RestTemplate : Response 204 NO_CONTENT
2026-03-11 11:47:50.111 INFO  [DiscoveryClient-InstanceInfoReplicator-%d] c.netflix.discovery.DiscoveryClient : DiscoveryClient_USER-SERVICE/user-service:9090 - registration status: 204
2026-03-11 11:47:50.111 INFO  [netty-shutdown] o.s.b.w.e.netty.GracefulShutdown : Graceful shutdown complete
2026-03-11 11:47:52.193 DEBUG [SpringApplicationShutdownHook] i.r.p.client.ReactorNettyClient : [cid: 0x2][pid: 5772] Request:  Terminate{}
2026-03-11 11:47:52.194 DEBUG [SpringApplicationShutdownHook] i.r.p.client.ReactorNettyClient : [cid: 0x1][pid: 13632] Request:  Terminate{}
2026-03-11 11:47:52.194 DEBUG [SpringApplicationShutdownHook] i.r.p.client.ReactorNettyClient : [cid: 0x3][pid: 15696] Request:  Terminate{}
2026-03-11 11:47:52.194 DEBUG [SpringApplicationShutdownHook] i.r.p.client.ReactorNettyClient : [cid: 0x4][pid: 24324] Request:  Terminate{}
2026-03-11 11:47:52.194 DEBUG [SpringApplicationShutdownHook] i.r.p.client.ReactorNettyClient : [cid: 0x5][pid: 21760] Request:  Terminate{}
2026-03-11 11:47:52.200 INFO  [SpringApplicationShutdownHook] c.netflix.discovery.DiscoveryClient : Shutting down DiscoveryClient ...
2026-03-11 11:47:55.206 INFO  [SpringApplicationShutdownHook] c.netflix.discovery.DiscoveryClient : Unregistering ...
2026-03-11 11:47:55.207 DEBUG [SpringApplicationShutdownHook] o.s.web.client.RestTemplate : HTTP DELETE http://localhost:8761/eureka/apps/USER-SERVICE/user-service:9090
2026-03-11 11:47:55.207 DEBUG [SpringApplicationShutdownHook] o.s.web.client.RestTemplate : Accept=[application/json, application/*+json]
2026-03-11 11:47:55.227 DEBUG [SpringApplicationShutdownHook] o.s.web.client.RestTemplate : Response 200 OK
2026-03-11 11:47:55.228 INFO  [SpringApplicationShutdownHook] c.netflix.discovery.DiscoveryClient : DiscoveryClient_USER-SERVICE/user-service:9090 - deregister  status: 200
2026-03-11 11:47:55.228 INFO  [SpringApplicationShutdownHook] c.netflix.discovery.DiscoveryClient : Completed shut down of DiscoveryClient
2026-03-11 11:47:58.223 INFO  [main] c.f.t.u.s.FundTransferUserServiceApplication : Starting FundTransferUserServiceApplication using Java 21.0.9 with PID 12864 (D:\Learning\FundTransfer\FundTransfer\FundTransferUserService\target\classes started by CRYSTAL TECHNOLOGY in D:\Learning\FundTransfer\FundTransfer)
2026-03-11 11:47:58.224 DEBUG [main] c.f.t.u.s.FundTransferUserServiceApplication : Running with Spring Boot v3.4.1, Spring v6.2.1
2026-03-11 11:47:58.225 INFO  [main] c.f.t.u.s.FundTransferUserServiceApplication : The following 1 profile is active: "dev"
2026-03-11 11:47:58.756 INFO  [main] o.s.d.r.c.RepositoryConfigurationDelegate : Multiple Spring Data modules found, entering strict repository configuration mode
2026-03-11 11:47:58.756 INFO  [main] o.s.d.r.c.RepositoryConfigurationDelegate : Bootstrapping Spring Data R2DBC repositories in DEFAULT mode.
2026-03-11 11:47:58.876 INFO  [main] o.s.d.r.c.RepositoryConfigurationDelegate : Finished Spring Data repository scanning in 115 ms. Found 2 R2DBC repository interfaces.
2026-03-11 11:47:58.884 INFO  [main] o.s.d.r.c.RepositoryConfigurationDelegate : Multiple Spring Data modules found, entering strict repository configuration mode
2026-03-11 11:47:58.885 INFO  [main] o.s.d.r.c.RepositoryConfigurationDelegate : Bootstrapping Spring Data Redis repositories in DEFAULT mode.
2026-03-11 11:47:58.900 INFO  [main] o.s.d.r.c.RepositoryConfigurationExtensionSupport : Spring Data Redis - Could not safely identify store assignment for repository candidate interface com.fund.transfer.user.service.data.auth.AuthRepository; If you want this repository to be a Redis repository, consider annotating your entities with one of these annotations: org.springframework.data.redis.core.RedisHash (preferred), or consider extending one of the following types with your repository: org.springframework.data.keyvalue.repository.KeyValueRepository
2026-03-11 11:47:58.900 INFO  [main] o.s.d.r.c.RepositoryConfigurationExtensionSupport : Spring Data Redis - Could not safely identify store assignment for repository candidate interface com.fund.transfer.user.service.data.user.UserRepository; If you want this repository to be a Redis repository, consider annotating your entities with one of these annotations: org.springframework.data.redis.core.RedisHash (preferred), or consider extending one of the following types with your repository: org.springframework.data.keyvalue.repository.KeyValueRepository
2026-03-11 11:47:58.900 INFO  [main] o.s.d.r.c.RepositoryConfigurationDelegate : Finished Spring Data repository scanning in 9 ms. Found 0 Redis repository interfaces.
2026-03-11 11:47:59.084 INFO  [main] o.s.cloud.context.scope.GenericScope : BeanFactory id=c023f944-2396-3365-be7f-70817fec3db2
2026-03-11 11:47:59.625 INFO  [main] c.f.t.u.s.g.schema.SchemaInitializer : ╔══════════════════════════════════════════╗
2026-03-11 11:47:59.625 INFO  [main] c.f.t.u.s.g.schema.SchemaInitializer : ║   User Service Schema Initialization...  ║
2026-03-11 11:47:59.625 INFO  [main] c.f.t.u.s.g.schema.SchemaInitializer : ╚══════════════════════════════════════════╝
2026-03-11 11:47:59.625 INFO  [main] c.f.t.u.s.g.schema.SchemaInitializer : Checking schema 'user_service'...
2026-03-11 11:47:59.720 INFO  [main] c.f.t.u.s.g.schema.SchemaInitializer : Schema 'user_service' already exists — skipping
2026-03-11 11:47:59.754 DEBUG [main] io.r2dbc.postgresql.Extensions : Discovering Extensions using ServiceLoader
2026-03-11 11:47:59.754 DEBUG [main] io.r2dbc.postgresql.Extensions : Registering extension io.r2dbc.postgresql.codec.BuiltinDynamicCodecs
2026-03-11 11:48:00.254 INFO  [main] c.f.t.u.s.g.schema.LiquibaseConfig : Liquibase configured — schema: user_service, changelog: classpath:db/changelog/db.changelog-master.xml
2026-03-11 11:48:00.730 DEBUG [main] liquibase.executor : Changelog query completed.
2026-03-11 11:48:00.734 INFO  [main] liquibase.changelog : Reading from user_service.databasechangelog
2026-03-11 11:48:00.736 DEBUG [main] liquibase.executor : Changelog query completed.
2026-03-11 11:48:00.742 DEBUG [main] liquibase.executor : Changelog query completed.
2026-03-11 11:48:00.775 DEBUG [main] liquibase.changelog : Fast check found no un-run changesets
2026-03-11 11:48:00.776 INFO  [main] liquibase.ui : Database is up to date, no changesets to execute
2026-03-11 11:48:00.777 INFO  [main] liquibase.changelog : Reading from user_service.databasechangelog
2026-03-11 11:48:00.778 DEBUG [main] liquibase.executor : Changelog query completed.
2026-03-11 11:48:00.782 INFO  [main] liquibase.util : UPDATE SUMMARY
2026-03-11 11:48:00.782 INFO  [main] liquibase.util : Run:                          0
2026-03-11 11:48:00.782 INFO  [main] liquibase.util : Previously run:               8
2026-03-11 11:48:00.782 INFO  [main] liquibase.util : Filtered out:                 0
2026-03-11 11:48:00.782 INFO  [main] liquibase.util : -------------------------------
2026-03-11 11:48:00.782 INFO  [main] liquibase.util : Total change sets:            8
2026-03-11 11:48:00.783 INFO  [main] liquibase.util : Update summary generated
2026-03-11 11:48:00.783 INFO  [main] liquibase.command : Command execution complete
2026-03-11 11:48:00.941 DEBUG [main] o.s.w.r.r.m.a.RequestMappingHandlerMapping : 7 mappings in 'requestMappingHandlerMapping'
2026-03-11 11:48:00.974 DEBUG [main] o.s.w.r.r.m.a.ControllerMethodResolver : ControllerAdvice beans: 0 @ModelAttribute, 0 @InitBinder, 1 @ExceptionHandler
2026-03-11 11:48:00.995 DEBUG [main] o.s.w.s.a.HttpWebHandlerAdapter : enableLoggingRequestDetails='false': form data and headers will be masked to prevent unsafe logging of potentially sensitive data
2026-03-11 11:48:01.041 INFO  [main] o.s.c.n.e.c.DiscoveryClientOptionalArgsConfiguration : Eureka HTTP Client uses RestTemplate.
2026-03-11 11:48:01.239 WARN  [main] o.s.c.l.c.LoadBalancerCacheAutoConfiguration$LoadBalancerCaffeineWarnLogger : Spring Cloud LoadBalancer is currently working with the default cache. While this cache implementation is useful for development and tests, it's recommended to use Caffeine cache in production.You can switch to using Caffeine cache, by adding it and org.springframework.cache.caffeine.CaffeineCacheManager to the classpath.
2026-03-11 11:48:01.287 INFO  [main] o.s.c.n.eureka.InstanceInfoFactory : Setting initial instance status as: STARTING
2026-03-11 11:48:01.302 INFO  [main] c.netflix.discovery.DiscoveryClient : Initializing Eureka in region us-east-1
2026-03-11 11:48:01.305 INFO  [main] c.n.d.s.r.aws.ConfigClusterResolver : Resolving eureka endpoints via configuration
2026-03-11 11:48:01.311 INFO  [main] c.netflix.discovery.DiscoveryClient : Disable delta property : false
2026-03-11 11:48:01.311 INFO  [main] c.netflix.discovery.DiscoveryClient : Single vip registry refresh property : null
2026-03-11 11:48:01.311 INFO  [main] c.netflix.discovery.DiscoveryClient : Force full registry fetch : false
2026-03-11 11:48:01.311 INFO  [main] c.netflix.discovery.DiscoveryClient : Application is null : false
2026-03-11 11:48:01.311 INFO  [main] c.netflix.discovery.DiscoveryClient : Registered Applications size is zero : true
2026-03-11 11:48:01.311 INFO  [main] c.netflix.discovery.DiscoveryClient : Application version is -1: true
2026-03-11 11:48:01.311 INFO  [main] c.netflix.discovery.DiscoveryClient : Getting all instance registry info from the eureka server
2026-03-11 11:48:01.375 DEBUG [main] o.s.web.client.RestTemplate : HTTP GET http://localhost:8761/eureka/apps/
2026-03-11 11:48:01.441 DEBUG [main] o.s.web.client.RestTemplate : Accept=[application/json, application/*+json]
2026-03-11 11:48:01.477 DEBUG [main] o.s.web.client.RestTemplate : Response 200 OK
2026-03-11 11:48:01.478 DEBUG [main] o.s.web.client.RestTemplate : Reading to [org.springframework.cloud.netflix.eureka.http.EurekaApplications]
2026-03-11 11:48:01.504 INFO  [main] c.netflix.discovery.DiscoveryClient : The response status is 200
2026-03-11 11:48:01.506 INFO  [main] c.netflix.discovery.DiscoveryClient : Starting heartbeat executor: renew interval is: 15
2026-03-11 11:48:01.507 INFO  [main] c.n.discovery.InstanceInfoReplicator : InstanceInfoReplicator onDemand update allowed rate per min is 4
2026-03-11 11:48:01.508 INFO  [main] c.netflix.discovery.DiscoveryClient : Discovery Client initialized at timestamp 1773208081507 with initial instances count: 1
2026-03-11 11:48:01.510 INFO  [main] o.s.c.n.e.s.EurekaServiceRegistry : Registering application USER-SERVICE with eureka with status UP
2026-03-11 11:48:01.511 INFO  [main] c.netflix.discovery.DiscoveryClient : Saw local status change event StatusChangeEvent [timestamp=1773208081511, current=UP, previous=STARTING]
2026-03-11 11:48:01.512 INFO  [DiscoveryClient-InstanceInfoReplicator-%d] c.netflix.discovery.DiscoveryClient : DiscoveryClient_USER-SERVICE/user-service:9090: registering service...
2026-03-11 11:48:01.515 DEBUG [DiscoveryClient-InstanceInfoReplicator-%d] o.s.web.client.RestTemplate : HTTP POST http://localhost:8761/eureka/apps/USER-SERVICE
2026-03-11 11:48:01.516 DEBUG [DiscoveryClient-InstanceInfoReplicator-%d] o.s.web.client.RestTemplate : Accept=[application/json, application/*+json]
2026-03-11 11:48:01.528 DEBUG [DiscoveryClient-InstanceInfoReplicator-%d] o.s.web.client.RestTemplate : Writing [InstanceInfo [instanceId = user-service:9090, appName = USER-SERVICE, hostName = 192.168.1.136, status = UP, ipAddr = 192.168.1.136, port = 9090, securePort = 443, dataCenterInfo = com.netflix.appinfo.MyDataCenterInfo@318e571e] as "application/json"
2026-03-11 11:48:01.548 DEBUG [DiscoveryClient-InstanceInfoReplicator-%d] o.s.web.client.RestTemplate : Response 204 NO_CONTENT
2026-03-11 11:48:01.548 INFO  [DiscoveryClient-InstanceInfoReplicator-%d] c.netflix.discovery.DiscoveryClient : DiscoveryClient_USER-SERVICE/user-service:9090 - registration status: 204
2026-03-11 11:48:01.571 INFO  [main] o.s.b.w.e.netty.NettyWebServer : Netty started on port 9090 (http)
2026-03-11 11:48:01.571 INFO  [main] o.s.c.n.e.s.EurekaAutoServiceRegistration : Updating port to 9090
2026-03-11 11:48:01.581 INFO  [main] c.f.t.u.s.FundTransferUserServiceApplication : Started FundTransferUserServiceApplication in 3.655 seconds (process running for 4.229)
2026-03-11 11:48:10.731 DEBUG [reactor-http-nio-2] r.n.http.server.HttpServerOperations : [6ffc0572, L:/192.168.1.136:9090 - R:/192.168.1.136:9854] New http connection, requesting read
2026-03-11 11:48:10.757 DEBUG [reactor-http-nio-2] r.n.http.server.HttpServerOperations : [6ffc0572, L:/192.168.1.136:9090 - R:/192.168.1.136:9854] Increasing pending responses count: 1
2026-03-11 11:48:10.762 DEBUG [reactor-http-nio-2] r.netty.http.server.HttpServer : [6ffc0572-1, L:/192.168.1.136:9090 - R:/192.168.1.136:9854] Handler is being applied: org.springframework.http.server.reactive.ReactorHttpHandlerAdapter@30f309ae
2026-03-11 11:48:10.770 DEBUG [reactor-http-nio-2] o.s.w.s.a.HttpWebHandlerAdapter : [6ffc0572-1] HTTP POST "/user"
2026-03-11 11:48:10.800 DEBUG [parallel-2] o.s.w.s.s.DefaultWebSessionManager : Created new WebSession.
2026-03-11 11:48:10.807 DEBUG [parallel-2] o.s.s.w.s.u.m.OrServerWebExchangeMatcher : Trying to match using PathMatcherServerWebExchangeMatcher{pattern='/logout', method=POST}
2026-03-11 11:48:10.810 DEBUG [parallel-2] o.s.s.w.s.u.m.PathPatternParserServerWebExchangeMatcher : Request 'POST /user' doesn't match 'POST /logout'
2026-03-11 11:48:10.811 DEBUG [parallel-2] o.s.s.w.s.u.m.OrServerWebExchangeMatcher : No matches found
2026-03-11 11:48:10.815 DEBUG [parallel-2] o.s.s.w.s.a.DelegatingReactiveAuthorizationManager : Checking authorization on '/user' using org.springframework.security.config.web.server.ServerHttpSecurity$AuthorizeExchangeSpec$Access$$Lambda/0x000001d2588ef5a8@64b35119
2026-03-11 11:48:10.815 DEBUG [parallel-2] o.s.s.w.s.a.AuthorizationWebFilter : Authorization successful
2026-03-11 11:48:10.823 DEBUG [parallel-2] o.s.w.r.r.m.a.RequestMappingHandlerMapping : [6ffc0572-1] Mapped to com.fund.transfer.user.service.ui.controller.UserController#saveUser(String, String, UserRequestModel)
2026-03-11 11:48:10.851 DEBUG [parallel-2] o.s.w.r.r.m.a.RequestBodyMethodArgumentResolver : [6ffc0572-1] Content-Type:application/json
2026-03-11 11:48:10.863 DEBUG [parallel-2] o.s.w.r.r.m.a.RequestBodyMethodArgumentResolver : [6ffc0572-1] 0..1 [com.fund.transfer.user.service.ui.model.request.user.UserRequestModel]
2026-03-11 11:48:10.914 DEBUG [reactor-http-nio-2] o.s.h.codec.json.Jackson2JsonDecoder : [6ffc0572-1] Decoded [com.fund.transfer.user.service.ui.model.request.user.UserRequestModel@1b256885]
2026-03-11 11:48:10.986 INFO  [reactor-http-nio-2] c.f.t.u.s.u.c.UserController : Save user request received
2026-03-11 11:48:11.038 DEBUG [reactor-http-nio-2] o.s.r.c.R2dbcTransactionManager : Creating new transaction with name [com.fund.transfer.user.service.service.user.UserServiceImpl.saveUser]: PROPAGATION_REQUIRED,ISOLATION_DEFAULT
2026-03-11 11:48:11.097 DEBUG [reactor-tcp-nio-1] i.r.p.client.ReactorNettyClient : [cid: 0x1] Request:  StartupMessage{, database='fund-transfer', username='fund-transfer'}
2026-03-11 11:48:11.200 DEBUG [reactor-tcp-nio-1] i.r.p.client.ReactorNettyClient : [cid: 0x1] Response: AuthenticationSASL{authenticationMechanisms=[SCRAM-SHA-256]}
2026-03-11 11:48:11.211 DEBUG [reactor-tcp-nio-1] i.r.p.client.ReactorNettyClient : [cid: 0x1] Request:  SASLInitialResponse{initialResponse=java.nio.HeapByteBuffer[pos=0 lim=45 cap=49], name='SCRAM-SHA-256'}
2026-03-11 11:48:11.212 DEBUG [reactor-tcp-nio-1] i.r.p.client.ReactorNettyClient : [cid: 0x1] Response: AuthenticationSASLContinue{data=java.nio.HeapByteBuffer[pos=0 lim=84 cap=84]}
2026-03-11 11:48:11.225 DEBUG [reactor-tcp-nio-1] i.r.p.client.ReactorNettyClient : [cid: 0x1] Request:  SASLResponse{data=java.nio.HeapByteBuffer[pos=0 lim=104 cap=114]}
2026-03-11 11:48:11.229 DEBUG [reactor-tcp-nio-1] i.r.p.client.ReactorNettyClient : [cid: 0x1] Response: AuthenticationSASLFinal{additionalData=java.nio.HeapByteBuffer[pos=0 lim=46 cap=46]}
2026-03-11 11:48:11.229 DEBUG [reactor-tcp-nio-1] i.r.p.client.ReactorNettyClient : [cid: 0x1] Response: AuthenticationOk{}
2026-03-11 11:48:11.229 DEBUG [reactor-tcp-nio-1] i.r.p.client.ReactorNettyClient : [cid: 0x1] Response: ParameterStatus{name='in_hot_standby', value='off'}
2026-03-11 11:48:11.230 DEBUG [reactor-tcp-nio-1] i.r.p.client.ReactorNettyClient : [cid: 0x1] Response: ParameterStatus{name='integer_datetimes', value='on'}
2026-03-11 11:48:11.230 DEBUG [reactor-tcp-nio-1] i.r.p.client.ReactorNettyClient : [cid: 0x1] Response: ParameterStatus{name='TimeZone', value='Asia/Dhaka'}
2026-03-11 11:48:11.230 DEBUG [reactor-tcp-nio-1] i.r.p.client.ReactorNettyClient : [cid: 0x1] Response: ParameterStatus{name='IntervalStyle', value='postgres'}
2026-03-11 11:48:11.230 DEBUG [reactor-tcp-nio-1] i.r.p.client.ReactorNettyClient : [cid: 0x1] Response: ParameterStatus{name='search_path', value='user_service'}
2026-03-11 11:48:11.230 DEBUG [reactor-tcp-nio-1] i.r.p.client.ReactorNettyClient : [cid: 0x1] Response: ParameterStatus{name='is_superuser', value='off'}
2026-03-11 11:48:11.230 DEBUG [reactor-tcp-nio-1] i.r.p.client.ReactorNettyClient : [cid: 0x1] Response: ParameterStatus{name='application_name', value='r2dbc-postgresql'}
2026-03-11 11:48:11.230 DEBUG [reactor-tcp-nio-1] i.r.p.client.ReactorNettyClient : [cid: 0x1] Response: ParameterStatus{name='default_transaction_read_only', value='off'}
2026-03-11 11:48:11.230 DEBUG [reactor-tcp-nio-1] i.r.p.client.ReactorNettyClient : [cid: 0x1] Response: ParameterStatus{name='scram_iterations', value='4096'}
2026-03-11 11:48:11.231 DEBUG [reactor-tcp-nio-1] i.r.p.client.ReactorNettyClient : [cid: 0x1] Response: ParameterStatus{name='DateStyle', value='ISO, MDY'}
2026-03-11 11:48:11.231 DEBUG [reactor-tcp-nio-1] i.r.p.client.ReactorNettyClient : [cid: 0x1] Response: ParameterStatus{name='standard_conforming_strings', value='on'}
2026-03-11 11:48:11.231 DEBUG [reactor-tcp-nio-1] i.r.p.client.ReactorNettyClient : [cid: 0x1] Response: ParameterStatus{name='session_authorization', value='fund-transfer'}
2026-03-11 11:48:11.231 DEBUG [reactor-tcp-nio-1] i.r.p.client.ReactorNettyClient : [cid: 0x1] Response: ParameterStatus{name='client_encoding', value='UTF8'}
2026-03-11 11:48:11.231 DEBUG [reactor-tcp-nio-1] i.r.p.client.ReactorNettyClient : [cid: 0x1] Response: ParameterStatus{name='server_version', value='18.0'}
2026-03-11 11:48:11.231 DEBUG [reactor-tcp-nio-1] i.r.p.client.ReactorNettyClient : [cid: 0x1] Response: ParameterStatus{name='server_encoding', value='UTF8'}
2026-03-11 11:48:11.231 DEBUG [reactor-tcp-nio-1] i.r.p.client.ReactorNettyClient : [cid: 0x1] Response: BackendKeyData{processId=15668, secretKey=1805020546}
2026-03-11 11:48:11.231 DEBUG [reactor-tcp-nio-1] i.r.p.client.ReactorNettyClient : [cid: 0x1][pid: 15668] Response: ReadyForQuery{transactionStatus=IDLE}
2026-03-11 11:48:11.267 DEBUG [reactor-tcp-nio-1] io.r2dbc.postgresql.QUERY : [cid: 0x1][pid: 15668] Executing query: SHOW TRANSACTION ISOLATION LEVEL
2026-03-11 11:48:11.267 DEBUG [reactor-tcp-nio-1] i.r.p.client.ReactorNettyClient : [cid: 0x1][pid: 15668] Request:  Query{query='SHOW TRANSACTION ISOLATION LEVEL'}
2026-03-11 11:48:11.269 DEBUG [reactor-tcp-nio-1] i.r.p.client.ReactorNettyClient : [cid: 0x1][pid: 15668] Response: RowDescription{fields=[Field{column=0, dataType=25, dataTypeModifier=-1, dataTypeSize=-1, format=FORMAT_TEXT, name='transaction_isolation', table=0}]}
2026-03-11 11:48:11.272 DEBUG [reactor-tcp-nio-1] i.r.p.client.ReactorNettyClient : [cid: 0x1][pid: 15668] Response: DataRow{columns=[PooledSlicedByteBuf(ridx: 0, widx: 14, cap: 14/14, unwrapped: PooledUnsafeDirectByteBuf(ridx: 72, widx: 88, cap: 1024))]}
2026-03-11 11:48:11.273 DEBUG [reactor-tcp-nio-1] i.r.p.client.ReactorNettyClient : [cid: 0x1][pid: 15668] Response: CommandComplete{command=SHOW, rowId=null, rows=null}
2026-03-11 11:48:11.273 DEBUG [reactor-tcp-nio-1] i.r.p.client.ReactorNettyClient : [cid: 0x1][pid: 15668] Response: ReadyForQuery{transactionStatus=IDLE}
2026-03-11 11:48:11.275 DEBUG [reactor-tcp-nio-1] io.r2dbc.postgresql.QUERY : [cid: 0x1][pid: 15668] Executing query: SELECT oid, * FROM pg_catalog.pg_type WHERE typname IN ('hstore','geometry','vector')
2026-03-11 11:48:11.275 DEBUG [reactor-tcp-nio-1] i.r.p.client.ReactorNettyClient : [cid: 0x1][pid: 15668] Request:  Query{query='SELECT oid, * FROM pg_catalog.pg_type WHERE typname IN ('hstore','geometry','vector')'}
2026-03-11 11:48:11.278 DEBUG [reactor-tcp-nio-1] i.r.p.client.ReactorNettyClient : [cid: 0x1][pid: 15668] Response: RowDescription{fields=[Field{column=1, dataType=26, dataTypeModifier=-1, dataTypeSize=4, format=FORMAT_TEXT, name='oid', table=1247}, Field{column=1, dataType=26, dataTypeModifier=-1, dataTypeSize=4, format=FORMAT_TEXT, name='oid', table=1247}, Field{column=2, dataType=19, dataTypeModifier=-1, dataTypeSize=64, format=FORMAT_TEXT, name='typname', table=1247}, Field{column=3, dataType=26, dataTypeModifier=-1, dataTypeSize=4, format=FORMAT_TEXT, name='typnamespace', table=1247}, Field{column=4, dataType=26, dataTypeModifier=-1, dataTypeSize=4, format=FORMAT_TEXT, name='typowner', table=1247}, Field{column=5, dataType=21, dataTypeModifier=-1, dataTypeSize=2, format=FORMAT_TEXT, name='typlen', table=1247}, Field{column=6, dataType=16, dataTypeModifier=-1, dataTypeSize=1, format=FORMAT_TEXT, name='typbyval', table=1247}, Field{column=7, dataType=18, dataTypeModifier=-1, dataTypeSize=1, format=FORMAT_TEXT, name='typtype', table=1247}, Field{column=8, dataType=18, dataTypeModifier=-1, dataTypeSize=1, format=FORMAT_TEXT, name='typcategory', table=1247}, Field{column=9, dataType=16, dataTypeModifier=-1, dataTypeSize=1, format=FORMAT_TEXT, name='typispreferred', table=1247}, Field{column=10, dataType=16, dataTypeModifier=-1, dataTypeSize=1, format=FORMAT_TEXT, name='typisdefined', table=1247}, Field{column=11, dataType=18, dataTypeModifier=-1, dataTypeSize=1, format=FORMAT_TEXT, name='typdelim', table=1247}, Field{column=12, dataType=26, dataTypeModifier=-1, dataTypeSize=4, format=FORMAT_TEXT, name='typrelid', table=1247}, Field{column=13, dataType=24, dataTypeModifier=-1, dataTypeSize=4, format=FORMAT_TEXT, name='typsubscript', table=1247}, Field{column=14, dataType=26, dataTypeModifier=-1, dataTypeSize=4, format=FORMAT_TEXT, name='typelem', table=1247}, Field{column=15, dataType=26, dataTypeModifier=-1, dataTypeSize=4, format=FORMAT_TEXT, name='typarray', table=1247}, Field{column=16, dataType=24, dataTypeModifier=-1, dataTypeSize=4, format=FORMAT_TEXT, name='typinput', table=1247}, Field{column=17, dataType=24, dataTypeModifier=-1, dataTypeSize=4, format=FORMAT_TEXT, name='typoutput', table=1247}, Field{column=18, dataType=24, dataTypeModifier=-1, dataTypeSize=4, format=FORMAT_TEXT, name='typreceive', table=1247}, Field{column=19, dataType=24, dataTypeModifier=-1, dataTypeSize=4, format=FORMAT_TEXT, name='typsend', table=1247}, Field{column=20, dataType=24, dataTypeModifier=-1, dataTypeSize=4, format=FORMAT_TEXT, name='typmodin', table=1247}, Field{column=21, dataType=24, dataTypeModifier=-1, dataTypeSize=4, format=FORMAT_TEXT, name='typmodout', table=1247}, Field{column=22, dataType=24, dataTypeModifier=-1, dataTypeSize=4, format=FORMAT_TEXT, name='typanalyze', table=1247}, Field{column=23, dataType=18, dataTypeModifier=-1, dataTypeSize=1, format=FORMAT_TEXT, name='typalign', table=1247}, Field{column=24, dataType=18, dataTypeModifier=-1, dataTypeSize=1, format=FORMAT_TEXT, name='typstorage', table=1247}, Field{column=25, dataType=16, dataTypeModifier=-1, dataTypeSize=1, format=FORMAT_TEXT, name='typnotnull', table=1247}, Field{column=26, dataType=26, dataTypeModifier=-1, dataTypeSize=4, format=FORMAT_TEXT, name='typbasetype', table=1247}, Field{column=27, dataType=23, dataTypeModifier=-1, dataTypeSize=4, format=FORMAT_TEXT, name='typtypmod', table=1247}, Field{column=28, dataType=23, dataTypeModifier=-1, dataTypeSize=4, format=FORMAT_TEXT, name='typndims', table=1247}, Field{column=29, dataType=26, dataTypeModifier=-1, dataTypeSize=4, format=FORMAT_TEXT, name='typcollation', table=1247}, Field{column=30, dataType=194, dataTypeModifier=-1, dataTypeSize=-1, format=FORMAT_TEXT, name='typdefaultbin', table=1247}, Field{column=31, dataType=25, dataTypeModifier=-1, dataTypeSize=-1, format=FORMAT_TEXT, name='typdefault', table=1247}, Field{column=32, dataType=1034, dataTypeModifier=-1, dataTypeSize=-1, format=FORMAT_TEXT, name='typacl', table=1247}]}
2026-03-11 11:48:11.278 DEBUG [reactor-tcp-nio-1] i.r.p.client.ReactorNettyClient : [cid: 0x1][pid: 15668] Response: CommandComplete{command=SELECT, rowId=null, rows=0}
2026-03-11 11:48:11.278 DEBUG [reactor-tcp-nio-1] i.r.p.client.ReactorNettyClient : [cid: 0x1][pid: 15668] Response: ReadyForQuery{transactionStatus=IDLE}
2026-03-11 11:48:11.281 DEBUG [reactor-tcp-nio-1] io.r2dbc.pool.ConnectionPool : Obtaining new connection from the pool
2026-03-11 11:48:11.283 DEBUG [reactor-tcp-nio-2] i.r.p.client.ReactorNettyClient : [cid: 0x2] Request:  StartupMessage{, database='fund-transfer', username='fund-transfer'}
2026-03-11 11:48:11.283 DEBUG [reactor-tcp-nio-1] io.r2dbc.postgresql.QUERY : [cid: 0x1][pid: 15668] Executing query: SELECT 1
2026-03-11 11:48:11.283 DEBUG [reactor-tcp-nio-1] i.r.p.client.ReactorNettyClient : [cid: 0x1][pid: 15668] Request:  Query{query='SELECT 1'}
2026-03-11 11:48:11.284 DEBUG [reactor-tcp-nio-1] i.r.p.client.ReactorNettyClient : [cid: 0x1][pid: 15668] Response: RowDescription{fields=[Field{column=0, dataType=23, dataTypeModifier=-1, dataTypeSize=4, format=FORMAT_TEXT, name='?column?', table=0}]}
2026-03-11 11:48:11.285 DEBUG [reactor-tcp-nio-1] i.r.p.client.ReactorNettyClient : [cid: 0x1][pid: 15668] Response: DataRow{columns=[PooledSlicedByteBuf(ridx: 0, widx: 1, cap: 1/1, unwrapped: PooledUnsafeDirectByteBuf(ridx: 46, widx: 66, cap: 1024))]}
2026-03-11 11:48:11.287 DEBUG [reactor-tcp-nio-1] i.r.p.client.ReactorNettyClient : [cid: 0x1][pid: 15668] Response: CommandComplete{command=SELECT, rowId=null, rows=1}
2026-03-11 11:48:11.287 DEBUG [reactor-tcp-nio-1] i.r.p.client.ReactorNettyClient : [cid: 0x1][pid: 15668] Response: ReadyForQuery{transactionStatus=IDLE}
2026-03-11 11:48:11.288 DEBUG [reactor-tcp-nio-1] o.s.r.c.R2dbcTransactionManager : Acquired Connection [PooledConnection[PostgresqlConnection{client=io.r2dbc.postgresql.client.ReactorNettyClient@26f0803, codecs=io.r2dbc.postgresql.codec.DefaultCodecs@67332f49}]] for R2DBC transaction
2026-03-11 11:48:11.289 DEBUG [reactor-tcp-nio-1] o.s.r.c.R2dbcTransactionManager : Starting R2DBC transaction on Connection [PooledConnection[PostgresqlConnection{client=io.r2dbc.postgresql.client.ReactorNettyClient@26f0803, codecs=io.r2dbc.postgresql.codec.DefaultCodecs@67332f49}]] using [ExtendedTransactionDefinition [transactionName='com.fund.transfer.user.service.service.user.UserServiceImpl.saveUser', readOnly=false, isolationLevel=null, lockWaitTimeout=PT0S]]
2026-03-11 11:48:11.290 DEBUG [reactor-tcp-nio-1] io.r2dbc.postgresql.QUERY : [cid: 0x1][pid: 15668] Executing query: BEGIN READ WRITE
2026-03-11 11:48:11.291 DEBUG [reactor-tcp-nio-1] i.r.p.client.ReactorNettyClient : [cid: 0x1][pid: 15668] Request:  Query{query='BEGIN READ WRITE'}
2026-03-11 11:48:11.291 DEBUG [reactor-tcp-nio-1] i.r.p.client.ReactorNettyClient : [cid: 0x1][pid: 15668] Response: CommandComplete{command=BEGIN, rowId=null, rows=null}
2026-03-11 11:48:11.292 DEBUG [reactor-tcp-nio-1] i.r.p.client.ReactorNettyClient : [cid: 0x1][pid: 15668] Response: ReadyForQuery{transactionStatus=TRANSACTION}
2026-03-11 11:48:11.423 DEBUG [reactor-tcp-nio-2] i.r.p.client.ReactorNettyClient : [cid: 0x2] Response: AuthenticationSASL{authenticationMechanisms=[SCRAM-SHA-256]}
2026-03-11 11:48:11.424 DEBUG [reactor-tcp-nio-2] i.r.p.client.ReactorNettyClient : [cid: 0x2] Request:  SASLInitialResponse{initialResponse=java.nio.HeapByteBuffer[pos=0 lim=45 cap=49], name='SCRAM-SHA-256'}
2026-03-11 11:48:11.425 DEBUG [reactor-tcp-nio-2] i.r.p.client.ReactorNettyClient : [cid: 0x2] Response: AuthenticationSASLContinue{data=java.nio.HeapByteBuffer[pos=0 lim=84 cap=84]}
2026-03-11 11:48:11.434 DEBUG [reactor-tcp-nio-2] i.r.p.client.ReactorNettyClient : [cid: 0x2] Request:  SASLResponse{data=java.nio.HeapByteBuffer[pos=0 lim=104 cap=114]}
2026-03-11 11:48:11.439 DEBUG [reactor-tcp-nio-2] i.r.p.client.ReactorNettyClient : [cid: 0x2] Response: AuthenticationSASLFinal{additionalData=java.nio.HeapByteBuffer[pos=0 lim=46 cap=46]}
2026-03-11 11:48:11.440 DEBUG [reactor-tcp-nio-2] i.r.p.client.ReactorNettyClient : [cid: 0x2] Response: AuthenticationOk{}
2026-03-11 11:48:11.440 DEBUG [reactor-tcp-nio-2] i.r.p.client.ReactorNettyClient : [cid: 0x2] Response: ParameterStatus{name='in_hot_standby', value='off'}
2026-03-11 11:48:11.440 DEBUG [reactor-tcp-nio-2] i.r.p.client.ReactorNettyClient : [cid: 0x2] Response: ParameterStatus{name='integer_datetimes', value='on'}
2026-03-11 11:48:11.440 DEBUG [reactor-tcp-nio-2] i.r.p.client.ReactorNettyClient : [cid: 0x2] Response: ParameterStatus{name='TimeZone', value='Asia/Dhaka'}
2026-03-11 11:48:11.440 DEBUG [reactor-tcp-nio-2] i.r.p.client.ReactorNettyClient : [cid: 0x2] Response: ParameterStatus{name='IntervalStyle', value='postgres'}
2026-03-11 11:48:11.440 DEBUG [reactor-tcp-nio-2] i.r.p.client.ReactorNettyClient : [cid: 0x2] Response: ParameterStatus{name='search_path', value='user_service'}
2026-03-11 11:48:11.440 DEBUG [reactor-tcp-nio-2] i.r.p.client.ReactorNettyClient : [cid: 0x2] Response: ParameterStatus{name='is_superuser', value='off'}
2026-03-11 11:48:11.440 DEBUG [reactor-tcp-nio-2] i.r.p.client.ReactorNettyClient : [cid: 0x2] Response: ParameterStatus{name='application_name', value='r2dbc-postgresql'}
2026-03-11 11:48:11.440 DEBUG [reactor-tcp-nio-2] i.r.p.client.ReactorNettyClient : [cid: 0x2] Response: ParameterStatus{name='default_transaction_read_only', value='off'}
2026-03-11 11:48:11.441 DEBUG [reactor-tcp-nio-2] i.r.p.client.ReactorNettyClient : [cid: 0x2] Response: ParameterStatus{name='scram_iterations', value='4096'}
2026-03-11 11:48:11.441 DEBUG [reactor-tcp-nio-2] i.r.p.client.ReactorNettyClient : [cid: 0x2] Response: ParameterStatus{name='DateStyle', value='ISO, MDY'}
2026-03-11 11:48:11.441 DEBUG [reactor-tcp-nio-2] i.r.p.client.ReactorNettyClient : [cid: 0x2] Response: ParameterStatus{name='standard_conforming_strings', value='on'}
2026-03-11 11:48:11.441 DEBUG [reactor-tcp-nio-2] i.r.p.client.ReactorNettyClient : [cid: 0x2] Response: ParameterStatus{name='session_authorization', value='fund-transfer'}
2026-03-11 11:48:11.441 DEBUG [reactor-tcp-nio-2] i.r.p.client.ReactorNettyClient : [cid: 0x2] Response: ParameterStatus{name='client_encoding', value='UTF8'}
2026-03-11 11:48:11.441 DEBUG [reactor-tcp-nio-2] i.r.p.client.ReactorNettyClient : [cid: 0x2] Response: ParameterStatus{name='server_version', value='18.0'}
2026-03-11 11:48:11.441 DEBUG [reactor-tcp-nio-2] i.r.p.client.ReactorNettyClient : [cid: 0x2] Response: ParameterStatus{name='server_encoding', value='UTF8'}
2026-03-11 11:48:11.441 DEBUG [reactor-tcp-nio-2] i.r.p.client.ReactorNettyClient : [cid: 0x2] Response: BackendKeyData{processId=24680, secretKey=-1123745254}
2026-03-11 11:48:11.442 DEBUG [reactor-tcp-nio-2] i.r.p.client.ReactorNettyClient : [cid: 0x2][pid: 24680] Response: ReadyForQuery{transactionStatus=IDLE}
2026-03-11 11:48:11.443 DEBUG [reactor-tcp-nio-2] io.r2dbc.postgresql.QUERY : [cid: 0x2][pid: 24680] Executing query: SHOW TRANSACTION ISOLATION LEVEL
2026-03-11 11:48:11.444 DEBUG [reactor-tcp-nio-2] i.r.p.client.ReactorNettyClient : [cid: 0x2][pid: 24680] Request:  Query{query='SHOW TRANSACTION ISOLATION LEVEL'}
2026-03-11 11:48:11.444 DEBUG [reactor-tcp-nio-2] i.r.p.client.ReactorNettyClient : [cid: 0x2][pid: 24680] Response: RowDescription{fields=[Field{column=0, dataType=25, dataTypeModifier=-1, dataTypeSize=-1, format=FORMAT_TEXT, name='transaction_isolation', table=0}]}
2026-03-11 11:48:11.445 DEBUG [reactor-tcp-nio-2] i.r.p.client.ReactorNettyClient : [cid: 0x2][pid: 24680] Response: DataRow{columns=[PooledSlicedByteBuf(ridx: 0, widx: 14, cap: 14/14, unwrapped: PooledUnsafeDirectByteBuf(ridx: 72, widx: 88, cap: 1024))]}
2026-03-11 11:48:11.445 DEBUG [reactor-tcp-nio-2] i.r.p.client.ReactorNettyClient : [cid: 0x2][pid: 24680] Response: CommandComplete{command=SHOW, rowId=null, rows=null}
2026-03-11 11:48:11.445 DEBUG [reactor-tcp-nio-2] i.r.p.client.ReactorNettyClient : [cid: 0x2][pid: 24680] Response: ReadyForQuery{transactionStatus=IDLE}
2026-03-11 11:48:11.445 DEBUG [reactor-tcp-nio-2] io.r2dbc.postgresql.QUERY : [cid: 0x2][pid: 24680] Executing query: SELECT oid, * FROM pg_catalog.pg_type WHERE typname IN ('hstore','geometry','vector')
2026-03-11 11:48:11.445 DEBUG [reactor-tcp-nio-2] i.r.p.client.ReactorNettyClient : [cid: 0x2][pid: 24680] Request:  Query{query='SELECT oid, * FROM pg_catalog.pg_type WHERE typname IN ('hstore','geometry','vector')'}
2026-03-11 11:48:11.449 DEBUG [reactor-tcp-nio-2] i.r.p.client.ReactorNettyClient : [cid: 0x2][pid: 24680] Response: RowDescription{fields=[Field{column=1, dataType=26, dataTypeModifier=-1, dataTypeSize=4, format=FORMAT_TEXT, name='oid', table=1247}, Field{column=1, dataType=26, dataTypeModifier=-1, dataTypeSize=4, format=FORMAT_TEXT, name='oid', table=1247}, Field{column=2, dataType=19, dataTypeModifier=-1, dataTypeSize=64, format=FORMAT_TEXT, name='typname', table=1247}, Field{column=3, dataType=26, dataTypeModifier=-1, dataTypeSize=4, format=FORMAT_TEXT, name='typnamespace', table=1247}, Field{column=4, dataType=26, dataTypeModifier=-1, dataTypeSize=4, format=FORMAT_TEXT, name='typowner', table=1247}, Field{column=5, dataType=21, dataTypeModifier=-1, dataTypeSize=2, format=FORMAT_TEXT, name='typlen', table=1247}, Field{column=6, dataType=16, dataTypeModifier=-1, dataTypeSize=1, format=FORMAT_TEXT, name='typbyval', table=1247}, Field{column=7, dataType=18, dataTypeModifier=-1, dataTypeSize=1, format=FORMAT_TEXT, name='typtype', table=1247}, Field{column=8, dataType=18, dataTypeModifier=-1, dataTypeSize=1, format=FORMAT_TEXT, name='typcategory', table=1247}, Field{column=9, dataType=16, dataTypeModifier=-1, dataTypeSize=1, format=FORMAT_TEXT, name='typispreferred', table=1247}, Field{column=10, dataType=16, dataTypeModifier=-1, dataTypeSize=1, format=FORMAT_TEXT, name='typisdefined', table=1247}, Field{column=11, dataType=18, dataTypeModifier=-1, dataTypeSize=1, format=FORMAT_TEXT, name='typdelim', table=1247}, Field{column=12, dataType=26, dataTypeModifier=-1, dataTypeSize=4, format=FORMAT_TEXT, name='typrelid', table=1247}, Field{column=13, dataType=24, dataTypeModifier=-1, dataTypeSize=4, format=FORMAT_TEXT, name='typsubscript', table=1247}, Field{column=14, dataType=26, dataTypeModifier=-1, dataTypeSize=4, format=FORMAT_TEXT, name='typelem', table=1247}, Field{column=15, dataType=26, dataTypeModifier=-1, dataTypeSize=4, format=FORMAT_TEXT, name='typarray', table=1247}, Field{column=16, dataType=24, dataTypeModifier=-1, dataTypeSize=4, format=FORMAT_TEXT, name='typinput', table=1247}, Field{column=17, dataType=24, dataTypeModifier=-1, dataTypeSize=4, format=FORMAT_TEXT, name='typoutput', table=1247}, Field{column=18, dataType=24, dataTypeModifier=-1, dataTypeSize=4, format=FORMAT_TEXT, name='typreceive', table=1247}, Field{column=19, dataType=24, dataTypeModifier=-1, dataTypeSize=4, format=FORMAT_TEXT, name='typsend', table=1247}, Field{column=20, dataType=24, dataTypeModifier=-1, dataTypeSize=4, format=FORMAT_TEXT, name='typmodin', table=1247}, Field{column=21, dataType=24, dataTypeModifier=-1, dataTypeSize=4, format=FORMAT_TEXT, name='typmodout', table=1247}, Field{column=22, dataType=24, dataTypeModifier=-1, dataTypeSize=4, format=FORMAT_TEXT, name='typanalyze', table=1247}, Field{column=23, dataType=18, dataTypeModifier=-1, dataTypeSize=1, format=FORMAT_TEXT, name='typalign', table=1247}, Field{column=24, dataType=18, dataTypeModifier=-1, dataTypeSize=1, format=FORMAT_TEXT, name='typstorage', table=1247}, Field{column=25, dataType=16, dataTypeModifier=-1, dataTypeSize=1, format=FORMAT_TEXT, name='typnotnull', table=1247}, Field{column=26, dataType=26, dataTypeModifier=-1, dataTypeSize=4, format=FORMAT_TEXT, name='typbasetype', table=1247}, Field{column=27, dataType=23, dataTypeModifier=-1, dataTypeSize=4, format=FORMAT_TEXT, name='typtypmod', table=1247}, Field{column=28, dataType=23, dataTypeModifier=-1, dataTypeSize=4, format=FORMAT_TEXT, name='typndims', table=1247}, Field{column=29, dataType=26, dataTypeModifier=-1, dataTypeSize=4, format=FORMAT_TEXT, name='typcollation', table=1247}, Field{column=30, dataType=194, dataTypeModifier=-1, dataTypeSize=-1, format=FORMAT_TEXT, name='typdefaultbin', table=1247}, Field{column=31, dataType=25, dataTypeModifier=-1, dataTypeSize=-1, format=FORMAT_TEXT, name='typdefault', table=1247}, Field{column=32, dataType=1034, dataTypeModifier=-1, dataTypeSize=-1, format=FORMAT_TEXT, name='typacl', table=1247}]}
2026-03-11 11:48:11.450 DEBUG [reactor-tcp-nio-2] i.r.p.client.ReactorNettyClient : [cid: 0x2][pid: 24680] Response: CommandComplete{command=SELECT, rowId=null, rows=0}
2026-03-11 11:48:11.450 DEBUG [reactor-tcp-nio-2] i.r.p.client.ReactorNettyClient : [cid: 0x2][pid: 24680] Response: ReadyForQuery{transactionStatus=IDLE}
2026-03-11 11:48:11.454 DEBUG [reactor-tcp-nio-3] i.r.p.client.ReactorNettyClient : [cid: 0x3] Request:  StartupMessage{, database='fund-transfer', username='fund-transfer'}
2026-03-11 11:48:11.484 DEBUG [reactor-tcp-nio-3] i.r.p.client.ReactorNettyClient : [cid: 0x3] Response: AuthenticationSASL{authenticationMechanisms=[SCRAM-SHA-256]}
2026-03-11 11:48:11.485 DEBUG [reactor-tcp-nio-3] i.r.p.client.ReactorNettyClient : [cid: 0x3] Request:  SASLInitialResponse{initialResponse=java.nio.HeapByteBuffer[pos=0 lim=45 cap=49], name='SCRAM-SHA-256'}
2026-03-11 11:48:11.487 DEBUG [reactor-tcp-nio-3] i.r.p.client.ReactorNettyClient : [cid: 0x3] Response: AuthenticationSASLContinue{data=java.nio.HeapByteBuffer[pos=0 lim=84 cap=84]}
2026-03-11 11:48:11.500 DEBUG [reactor-tcp-nio-3] i.r.p.client.ReactorNettyClient : [cid: 0x3] Request:  SASLResponse{data=java.nio.HeapByteBuffer[pos=0 lim=104 cap=114]}
2026-03-11 11:48:11.505 DEBUG [reactor-tcp-nio-3] i.r.p.client.ReactorNettyClient : [cid: 0x3] Response: AuthenticationSASLFinal{additionalData=java.nio.HeapByteBuffer[pos=0 lim=46 cap=46]}
2026-03-11 11:48:11.505 DEBUG [reactor-tcp-nio-3] i.r.p.client.ReactorNettyClient : [cid: 0x3] Response: AuthenticationOk{}
2026-03-11 11:48:11.506 DEBUG [reactor-tcp-nio-3] i.r.p.client.ReactorNettyClient : [cid: 0x3] Response: ParameterStatus{name='in_hot_standby', value='off'}
2026-03-11 11:48:11.506 DEBUG [reactor-tcp-nio-3] i.r.p.client.ReactorNettyClient : [cid: 0x3] Response: ParameterStatus{name='integer_datetimes', value='on'}
2026-03-11 11:48:11.506 DEBUG [reactor-tcp-nio-3] i.r.p.client.ReactorNettyClient : [cid: 0x3] Response: ParameterStatus{name='TimeZone', value='Asia/Dhaka'}
2026-03-11 11:48:11.506 DEBUG [reactor-tcp-nio-3] i.r.p.client.ReactorNettyClient : [cid: 0x3] Response: ParameterStatus{name='IntervalStyle', value='postgres'}
2026-03-11 11:48:11.507 DEBUG [reactor-tcp-nio-3] i.r.p.client.ReactorNettyClient : [cid: 0x3] Response: ParameterStatus{name='search_path', value='user_service'}
2026-03-11 11:48:11.507 DEBUG [reactor-tcp-nio-3] i.r.p.client.ReactorNettyClient : [cid: 0x3] Response: ParameterStatus{name='is_superuser', value='off'}
2026-03-11 11:48:11.507 DEBUG [reactor-tcp-nio-3] i.r.p.client.ReactorNettyClient : [cid: 0x3] Response: ParameterStatus{name='application_name', value='r2dbc-postgresql'}
2026-03-11 11:48:11.507 DEBUG [reactor-tcp-nio-3] i.r.p.client.ReactorNettyClient : [cid: 0x3] Response: ParameterStatus{name='default_transaction_read_only', value='off'}
2026-03-11 11:48:11.507 DEBUG [reactor-tcp-nio-3] i.r.p.client.ReactorNettyClient : [cid: 0x3] Response: ParameterStatus{name='scram_iterations', value='4096'}
2026-03-11 11:48:11.507 DEBUG [reactor-tcp-nio-3] i.r.p.client.ReactorNettyClient : [cid: 0x3] Response: ParameterStatus{name='DateStyle', value='ISO, MDY'}
2026-03-11 11:48:11.507 DEBUG [reactor-tcp-nio-3] i.r.p.client.ReactorNettyClient : [cid: 0x3] Response: ParameterStatus{name='standard_conforming_strings', value='on'}
2026-03-11 11:48:11.507 DEBUG [reactor-tcp-nio-3] i.r.p.client.ReactorNettyClient : [cid: 0x3] Response: ParameterStatus{name='session_authorization', value='fund-transfer'}
2026-03-11 11:48:11.508 DEBUG [reactor-tcp-nio-3] i.r.p.client.ReactorNettyClient : [cid: 0x3] Response: ParameterStatus{name='client_encoding', value='UTF8'}
2026-03-11 11:48:11.508 DEBUG [reactor-tcp-nio-3] i.r.p.client.ReactorNettyClient : [cid: 0x3] Response: ParameterStatus{name='server_version', value='18.0'}
2026-03-11 11:48:11.508 DEBUG [reactor-tcp-nio-3] i.r.p.client.ReactorNettyClient : [cid: 0x3] Response: ParameterStatus{name='server_encoding', value='UTF8'}
2026-03-11 11:48:11.508 DEBUG [reactor-tcp-nio-3] i.r.p.client.ReactorNettyClient : [cid: 0x3] Response: BackendKeyData{processId=15372, secretKey=1918293582}
2026-03-11 11:48:11.508 DEBUG [reactor-tcp-nio-3] i.r.p.client.ReactorNettyClient : [cid: 0x3][pid: 15372] Response: ReadyForQuery{transactionStatus=IDLE}
2026-03-11 11:48:11.512 DEBUG [reactor-tcp-nio-3] io.r2dbc.postgresql.QUERY : [cid: 0x3][pid: 15372] Executing query: SHOW TRANSACTION ISOLATION LEVEL
2026-03-11 11:48:11.513 DEBUG [reactor-tcp-nio-3] i.r.p.client.ReactorNettyClient : [cid: 0x3][pid: 15372] Request:  Query{query='SHOW TRANSACTION ISOLATION LEVEL'}
2026-03-11 11:48:11.519 DEBUG [reactor-tcp-nio-3] i.r.p.client.ReactorNettyClient : [cid: 0x3][pid: 15372] Response: RowDescription{fields=[Field{column=0, dataType=25, dataTypeModifier=-1, dataTypeSize=-1, format=FORMAT_TEXT, name='transaction_isolation', table=0}]}
2026-03-11 11:48:11.520 DEBUG [reactor-tcp-nio-3] i.r.p.client.ReactorNettyClient : [cid: 0x3][pid: 15372] Response: DataRow{columns=[PooledSlicedByteBuf(ridx: 0, widx: 14, cap: 14/14, unwrapped: PooledUnsafeDirectByteBuf(ridx: 72, widx: 88, cap: 1024))]}
2026-03-11 11:48:11.520 DEBUG [reactor-tcp-nio-3] i.r.p.client.ReactorNettyClient : [cid: 0x3][pid: 15372] Response: CommandComplete{command=SHOW, rowId=null, rows=null}
2026-03-11 11:48:11.521 DEBUG [reactor-tcp-nio-3] i.r.p.client.ReactorNettyClient : [cid: 0x3][pid: 15372] Response: ReadyForQuery{transactionStatus=IDLE}
2026-03-11 11:48:11.521 DEBUG [reactor-tcp-nio-3] io.r2dbc.postgresql.QUERY : [cid: 0x3][pid: 15372] Executing query: SELECT oid, * FROM pg_catalog.pg_type WHERE typname IN ('hstore','geometry','vector')
2026-03-11 11:48:11.521 DEBUG [reactor-tcp-nio-3] i.r.p.client.ReactorNettyClient : [cid: 0x3][pid: 15372] Request:  Query{query='SELECT oid, * FROM pg_catalog.pg_type WHERE typname IN ('hstore','geometry','vector')'}
2026-03-11 11:48:11.525 DEBUG [reactor-tcp-nio-3] i.r.p.client.ReactorNettyClient : [cid: 0x3][pid: 15372] Response: RowDescription{fields=[Field{column=1, dataType=26, dataTypeModifier=-1, dataTypeSize=4, format=FORMAT_TEXT, name='oid', table=1247}, Field{column=1, dataType=26, dataTypeModifier=-1, dataTypeSize=4, format=FORMAT_TEXT, name='oid', table=1247}, Field{column=2, dataType=19, dataTypeModifier=-1, dataTypeSize=64, format=FORMAT_TEXT, name='typname', table=1247}, Field{column=3, dataType=26, dataTypeModifier=-1, dataTypeSize=4, format=FORMAT_TEXT, name='typnamespace', table=1247}, Field{column=4, dataType=26, dataTypeModifier=-1, dataTypeSize=4, format=FORMAT_TEXT, name='typowner', table=1247}, Field{column=5, dataType=21, dataTypeModifier=-1, dataTypeSize=2, format=FORMAT_TEXT, name='typlen', table=1247}, Field{column=6, dataType=16, dataTypeModifier=-1, dataTypeSize=1, format=FORMAT_TEXT, name='typbyval', table=1247}, Field{column=7, dataType=18, dataTypeModifier=-1, dataTypeSize=1, format=FORMAT_TEXT, name='typtype', table=1247}, Field{column=8, dataType=18, dataTypeModifier=-1, dataTypeSize=1, format=FORMAT_TEXT, name='typcategory', table=1247}, Field{column=9, dataType=16, dataTypeModifier=-1, dataTypeSize=1, format=FORMAT_TEXT, name='typispreferred', table=1247}, Field{column=10, dataType=16, dataTypeModifier=-1, dataTypeSize=1, format=FORMAT_TEXT, name='typisdefined', table=1247}, Field{column=11, dataType=18, dataTypeModifier=-1, dataTypeSize=1, format=FORMAT_TEXT, name='typdelim', table=1247}, Field{column=12, dataType=26, dataTypeModifier=-1, dataTypeSize=4, format=FORMAT_TEXT, name='typrelid', table=1247}, Field{column=13, dataType=24, dataTypeModifier=-1, dataTypeSize=4, format=FORMAT_TEXT, name='typsubscript', table=1247}, Field{column=14, dataType=26, dataTypeModifier=-1, dataTypeSize=4, format=FORMAT_TEXT, name='typelem', table=1247}, Field{column=15, dataType=26, dataTypeModifier=-1, dataTypeSize=4, format=FORMAT_TEXT, name='typarray', table=1247}, Field{column=16, dataType=24, dataTypeModifier=-1, dataTypeSize=4, format=FORMAT_TEXT, name='typinput', table=1247}, Field{column=17, dataType=24, dataTypeModifier=-1, dataTypeSize=4, format=FORMAT_TEXT, name='typoutput', table=1247}, Field{column=18, dataType=24, dataTypeModifier=-1, dataTypeSize=4, format=FORMAT_TEXT, name='typreceive', table=1247}, Field{column=19, dataType=24, dataTypeModifier=-1, dataTypeSize=4, format=FORMAT_TEXT, name='typsend', table=1247}, Field{column=20, dataType=24, dataTypeModifier=-1, dataTypeSize=4, format=FORMAT_TEXT, name='typmodin', table=1247}, Field{column=21, dataType=24, dataTypeModifier=-1, dataTypeSize=4, format=FORMAT_TEXT, name='typmodout', table=1247}, Field{column=22, dataType=24, dataTypeModifier=-1, dataTypeSize=4, format=FORMAT_TEXT, name='typanalyze', table=1247}, Field{column=23, dataType=18, dataTypeModifier=-1, dataTypeSize=1, format=FORMAT_TEXT, name='typalign', table=1247}, Field{column=24, dataType=18, dataTypeModifier=-1, dataTypeSize=1, format=FORMAT_TEXT, name='typstorage', table=1247}, Field{column=25, dataType=16, dataTypeModifier=-1, dataTypeSize=1, format=FORMAT_TEXT, name='typnotnull', table=1247}, Field{column=26, dataType=26, dataTypeModifier=-1, dataTypeSize=4, format=FORMAT_TEXT, name='typbasetype', table=1247}, Field{column=27, dataType=23, dataTypeModifier=-1, dataTypeSize=4, format=FORMAT_TEXT, name='typtypmod', table=1247}, Field{column=28, dataType=23, dataTypeModifier=-1, dataTypeSize=4, format=FORMAT_TEXT, name='typndims', table=1247}, Field{column=29, dataType=26, dataTypeModifier=-1, dataTypeSize=4, format=FORMAT_TEXT, name='typcollation', table=1247}, Field{column=30, dataType=194, dataTypeModifier=-1, dataTypeSize=-1, format=FORMAT_TEXT, name='typdefaultbin', table=1247}, Field{column=31, dataType=25, dataTypeModifier=-1, dataTypeSize=-1, format=FORMAT_TEXT, name='typdefault', table=1247}, Field{column=32, dataType=1034, dataTypeModifier=-1, dataTypeSize=-1, format=FORMAT_TEXT, name='typacl', table=1247}]}
2026-03-11 11:48:11.526 DEBUG [reactor-tcp-nio-3] i.r.p.client.ReactorNettyClient : [cid: 0x3][pid: 15372] Response: CommandComplete{command=SELECT, rowId=null, rows=0}
2026-03-11 11:48:11.526 DEBUG [reactor-tcp-nio-3] i.r.p.client.ReactorNettyClient : [cid: 0x3][pid: 15372] Response: ReadyForQuery{transactionStatus=IDLE}
2026-03-11 11:48:11.528 DEBUG [reactor-tcp-nio-4] i.r.p.client.ReactorNettyClient : [cid: 0x4] Request:  StartupMessage{, database='fund-transfer', username='fund-transfer'}
2026-03-11 11:48:11.635 INFO  [lettuce-nioEventLoop-5-1] c.f.t.u.s.s.user.UserServiceImpl : UserId from JWT: 2
2026-03-11 11:48:11.657 DEBUG [reactor-tcp-nio-4] i.r.p.client.ReactorNettyClient : [cid: 0x4] Response: AuthenticationSASL{authenticationMechanisms=[SCRAM-SHA-256]}
2026-03-11 11:48:11.658 DEBUG [reactor-tcp-nio-4] i.r.p.client.ReactorNettyClient : [cid: 0x4] Request:  SASLInitialResponse{initialResponse=java.nio.HeapByteBuffer[pos=0 lim=45 cap=49], name='SCRAM-SHA-256'}
2026-03-11 11:48:11.659 DEBUG [reactor-tcp-nio-4] i.r.p.client.ReactorNettyClient : [cid: 0x4] Response: AuthenticationSASLContinue{data=java.nio.HeapByteBuffer[pos=0 lim=84 cap=84]}
2026-03-11 11:48:11.671 DEBUG [reactor-tcp-nio-4] i.r.p.client.ReactorNettyClient : [cid: 0x4] Request:  SASLResponse{data=java.nio.HeapByteBuffer[pos=0 lim=104 cap=114]}
2026-03-11 11:48:11.672 DEBUG [lettuce-nioEventLoop-5-1] o.s.d.r.core.NamedParameterExpander : Expanding SQL statement [WITH inserted_user AS (
    INSERT INTO users(email, first_name, last_name, phone, gender, date_of_birth, image_url, download_url, created_by)
    VALUES (:email, :firstName, :lastName, :phone, :gender, :dateOfBirth, :imageUrl, :downloadUrl, :createdBy)
    RETURNING *
)
SELECT u.id, u.email, u.first_name, u.last_name, u.phone, u.gender,
       u.date_of_birth, u.image_url, u.download_url, u.active, u.created_by, u.updated_by,
       l.user_name
FROM inserted_user u
LEFT JOIN logins l ON u.id = l.user_id
] to [WITH inserted_user AS (
    INSERT INTO users(email, first_name, last_name, phone, gender, date_of_birth, image_url, download_url, created_by)
    VALUES ($1, $2, $3, $4, $5, $6, $7, $8, $9)
    RETURNING *
)
SELECT u.id, u.email, u.first_name, u.last_name, u.phone, u.gender,
       u.date_of_birth, u.image_url, u.download_url, u.active, u.created_by, u.updated_by,
       l.user_name
FROM inserted_user u
LEFT JOIN logins l ON u.id = l.user_id
]
2026-03-11 11:48:11.676 DEBUG [reactor-tcp-nio-4] i.r.p.client.ReactorNettyClient : [cid: 0x4] Response: AuthenticationSASLFinal{additionalData=java.nio.HeapByteBuffer[pos=0 lim=46 cap=46]}
2026-03-11 11:48:11.677 DEBUG [reactor-tcp-nio-4] i.r.p.client.ReactorNettyClient : [cid: 0x4] Response: AuthenticationOk{}
2026-03-11 11:48:11.677 DEBUG [reactor-tcp-nio-4] i.r.p.client.ReactorNettyClient : [cid: 0x4] Response: ParameterStatus{name='in_hot_standby', value='off'}
2026-03-11 11:48:11.677 DEBUG [reactor-tcp-nio-4] i.r.p.client.ReactorNettyClient : [cid: 0x4] Response: ParameterStatus{name='integer_datetimes', value='on'}
2026-03-11 11:48:11.677 DEBUG [reactor-tcp-nio-4] i.r.p.client.ReactorNettyClient : [cid: 0x4] Response: ParameterStatus{name='TimeZone', value='Asia/Dhaka'}
2026-03-11 11:48:11.677 DEBUG [reactor-tcp-nio-4] i.r.p.client.ReactorNettyClient : [cid: 0x4] Response: ParameterStatus{name='IntervalStyle', value='postgres'}
2026-03-11 11:48:11.677 DEBUG [reactor-tcp-nio-4] i.r.p.client.ReactorNettyClient : [cid: 0x4] Response: ParameterStatus{name='search_path', value='user_service'}
2026-03-11 11:48:11.677 DEBUG [reactor-tcp-nio-4] i.r.p.client.ReactorNettyClient : [cid: 0x4] Response: ParameterStatus{name='is_superuser', value='off'}
2026-03-11 11:48:11.678 DEBUG [reactor-tcp-nio-4] i.r.p.client.ReactorNettyClient : [cid: 0x4] Response: ParameterStatus{name='application_name', value='r2dbc-postgresql'}
2026-03-11 11:48:11.678 DEBUG [reactor-tcp-nio-4] i.r.p.client.ReactorNettyClient : [cid: 0x4] Response: ParameterStatus{name='default_transaction_read_only', value='off'}
2026-03-11 11:48:11.678 DEBUG [reactor-tcp-nio-4] i.r.p.client.ReactorNettyClient : [cid: 0x4] Response: ParameterStatus{name='scram_iterations', value='4096'}
2026-03-11 11:48:11.678 DEBUG [reactor-tcp-nio-4] i.r.p.client.ReactorNettyClient : [cid: 0x4] Response: ParameterStatus{name='DateStyle', value='ISO, MDY'}
2026-03-11 11:48:11.678 DEBUG [reactor-tcp-nio-4] i.r.p.client.ReactorNettyClient : [cid: 0x4] Response: ParameterStatus{name='standard_conforming_strings', value='on'}
2026-03-11 11:48:11.679 DEBUG [reactor-tcp-nio-4] i.r.p.client.ReactorNettyClient : [cid: 0x4] Response: ParameterStatus{name='session_authorization', value='fund-transfer'}
2026-03-11 11:48:11.679 DEBUG [reactor-tcp-nio-4] i.r.p.client.ReactorNettyClient : [cid: 0x4] Response: ParameterStatus{name='client_encoding', value='UTF8'}
2026-03-11 11:48:11.679 DEBUG [reactor-tcp-nio-4] i.r.p.client.ReactorNettyClient : [cid: 0x4] Response: ParameterStatus{name='server_version', value='18.0'}
2026-03-11 11:48:11.679 DEBUG [reactor-tcp-nio-4] i.r.p.client.ReactorNettyClient : [cid: 0x4] Response: ParameterStatus{name='server_encoding', value='UTF8'}
2026-03-11 11:48:11.679 DEBUG [reactor-tcp-nio-4] i.r.p.client.ReactorNettyClient : [cid: 0x4] Response: BackendKeyData{processId=26896, secretKey=102951238}
2026-03-11 11:48:11.679 DEBUG [reactor-tcp-nio-4] i.r.p.client.ReactorNettyClient : [cid: 0x4][pid: 26896] Response: ReadyForQuery{transactionStatus=IDLE}
2026-03-11 11:48:11.681 DEBUG [reactor-tcp-nio-4] io.r2dbc.postgresql.QUERY : [cid: 0x4][pid: 26896] Executing query: SHOW TRANSACTION ISOLATION LEVEL
2026-03-11 11:48:11.681 DEBUG [reactor-tcp-nio-4] i.r.p.client.ReactorNettyClient : [cid: 0x4][pid: 26896] Request:  Query{query='SHOW TRANSACTION ISOLATION LEVEL'}
2026-03-11 11:48:11.682 DEBUG [reactor-tcp-nio-4] i.r.p.client.ReactorNettyClient : [cid: 0x4][pid: 26896] Response: RowDescription{fields=[Field{column=0, dataType=25, dataTypeModifier=-1, dataTypeSize=-1, format=FORMAT_TEXT, name='transaction_isolation', table=0}]}
2026-03-11 11:48:11.683 DEBUG [reactor-tcp-nio-4] i.r.p.client.ReactorNettyClient : [cid: 0x4][pid: 26896] Response: DataRow{columns=[PooledSlicedByteBuf(ridx: 0, widx: 14, cap: 14/14, unwrapped: PooledUnsafeDirectByteBuf(ridx: 72, widx: 88, cap: 1024))]}
2026-03-11 11:48:11.683 DEBUG [reactor-tcp-nio-4] i.r.p.client.ReactorNettyClient : [cid: 0x4][pid: 26896] Response: CommandComplete{command=SHOW, rowId=null, rows=null}
2026-03-11 11:48:11.683 DEBUG [reactor-tcp-nio-4] i.r.p.client.ReactorNettyClient : [cid: 0x4][pid: 26896] Response: ReadyForQuery{transactionStatus=IDLE}
2026-03-11 11:48:11.683 DEBUG [reactor-tcp-nio-4] io.r2dbc.postgresql.QUERY : [cid: 0x4][pid: 26896] Executing query: SELECT oid, * FROM pg_catalog.pg_type WHERE typname IN ('hstore','geometry','vector')
2026-03-11 11:48:11.683 DEBUG [reactor-tcp-nio-4] i.r.p.client.ReactorNettyClient : [cid: 0x4][pid: 26896] Request:  Query{query='SELECT oid, * FROM pg_catalog.pg_type WHERE typname IN ('hstore','geometry','vector')'}
2026-03-11 11:48:11.690 DEBUG [reactor-tcp-nio-4] i.r.p.client.ReactorNettyClient : [cid: 0x4][pid: 26896] Response: RowDescription{fields=[Field{column=1, dataType=26, dataTypeModifier=-1, dataTypeSize=4, format=FORMAT_TEXT, name='oid', table=1247}, Field{column=1, dataType=26, dataTypeModifier=-1, dataTypeSize=4, format=FORMAT_TEXT, name='oid', table=1247}, Field{column=2, dataType=19, dataTypeModifier=-1, dataTypeSize=64, format=FORMAT_TEXT, name='typname', table=1247}, Field{column=3, dataType=26, dataTypeModifier=-1, dataTypeSize=4, format=FORMAT_TEXT, name='typnamespace', table=1247}, Field{column=4, dataType=26, dataTypeModifier=-1, dataTypeSize=4, format=FORMAT_TEXT, name='typowner', table=1247}, Field{column=5, dataType=21, dataTypeModifier=-1, dataTypeSize=2, format=FORMAT_TEXT, name='typlen', table=1247}, Field{column=6, dataType=16, dataTypeModifier=-1, dataTypeSize=1, format=FORMAT_TEXT, name='typbyval', table=1247}, Field{column=7, dataType=18, dataTypeModifier=-1, dataTypeSize=1, format=FORMAT_TEXT, name='typtype', table=1247}, Field{column=8, dataType=18, dataTypeModifier=-1, dataTypeSize=1, format=FORMAT_TEXT, name='typcategory', table=1247}, Field{column=9, dataType=16, dataTypeModifier=-1, dataTypeSize=1, format=FORMAT_TEXT, name='typispreferred', table=1247}, Field{column=10, dataType=16, dataTypeModifier=-1, dataTypeSize=1, format=FORMAT_TEXT, name='typisdefined', table=1247}, Field{column=11, dataType=18, dataTypeModifier=-1, dataTypeSize=1, format=FORMAT_TEXT, name='typdelim', table=1247}, Field{column=12, dataType=26, dataTypeModifier=-1, dataTypeSize=4, format=FORMAT_TEXT, name='typrelid', table=1247}, Field{column=13, dataType=24, dataTypeModifier=-1, dataTypeSize=4, format=FORMAT_TEXT, name='typsubscript', table=1247}, Field{column=14, dataType=26, dataTypeModifier=-1, dataTypeSize=4, format=FORMAT_TEXT, name='typelem', table=1247}, Field{column=15, dataType=26, dataTypeModifier=-1, dataTypeSize=4, format=FORMAT_TEXT, name='typarray', table=1247}, Field{column=16, dataType=24, dataTypeModifier=-1, dataTypeSize=4, format=FORMAT_TEXT, name='typinput', table=1247}, Field{column=17, dataType=24, dataTypeModifier=-1, dataTypeSize=4, format=FORMAT_TEXT, name='typoutput', table=1247}, Field{column=18, dataType=24, dataTypeModifier=-1, dataTypeSize=4, format=FORMAT_TEXT, name='typreceive', table=1247}, Field{column=19, dataType=24, dataTypeModifier=-1, dataTypeSize=4, format=FORMAT_TEXT, name='typsend', table=1247}, Field{column=20, dataType=24, dataTypeModifier=-1, dataTypeSize=4, format=FORMAT_TEXT, name='typmodin', table=1247}, Field{column=21, dataType=24, dataTypeModifier=-1, dataTypeSize=4, format=FORMAT_TEXT, name='typmodout', table=1247}, Field{column=22, dataType=24, dataTypeModifier=-1, dataTypeSize=4, format=FORMAT_TEXT, name='typanalyze', table=1247}, Field{column=23, dataType=18, dataTypeModifier=-1, dataTypeSize=1, format=FORMAT_TEXT, name='typalign', table=1247}, Field{column=24, dataType=18, dataTypeModifier=-1, dataTypeSize=1, format=FORMAT_TEXT, name='typstorage', table=1247}, Field{column=25, dataType=16, dataTypeModifier=-1, dataTypeSize=1, format=FORMAT_TEXT, name='typnotnull', table=1247}, Field{column=26, dataType=26, dataTypeModifier=-1, dataTypeSize=4, format=FORMAT_TEXT, name='typbasetype', table=1247}, Field{column=27, dataType=23, dataTypeModifier=-1, dataTypeSize=4, format=FORMAT_TEXT, name='typtypmod', table=1247}, Field{column=28, dataType=23, dataTypeModifier=-1, dataTypeSize=4, format=FORMAT_TEXT, name='typndims', table=1247}, Field{column=29, dataType=26, dataTypeModifier=-1, dataTypeSize=4, format=FORMAT_TEXT, name='typcollation', table=1247}, Field{column=30, dataType=194, dataTypeModifier=-1, dataTypeSize=-1, format=FORMAT_TEXT, name='typdefaultbin', table=1247}, Field{column=31, dataType=25, dataTypeModifier=-1, dataTypeSize=-1, format=FORMAT_TEXT, name='typdefault', table=1247}, Field{column=32, dataType=1034, dataTypeModifier=-1, dataTypeSize=-1, format=FORMAT_TEXT, name='typacl', table=1247}]}
2026-03-11 11:48:11.690 DEBUG [reactor-tcp-nio-4] i.r.p.client.ReactorNettyClient : [cid: 0x4][pid: 26896] Response: CommandComplete{command=SELECT, rowId=null, rows=0}
2026-03-11 11:48:11.691 DEBUG [reactor-tcp-nio-4] i.r.p.client.ReactorNettyClient : [cid: 0x4][pid: 26896] Response: ReadyForQuery{transactionStatus=IDLE}
2026-03-11 11:48:11.692 DEBUG [lettuce-nioEventLoop-5-1] o.s.r2dbc.core.DefaultDatabaseClient : Executing SQL statement [WITH inserted_user AS (
    INSERT INTO users(email, first_name, last_name, phone, gender, date_of_birth, image_url, download_url, created_by)
    VALUES ($1, $2, $3, $4, $5, $6, $7, $8, $9)
    RETURNING *
)
SELECT u.id, u.email, u.first_name, u.last_name, u.phone, u.gender,
       u.date_of_birth, u.image_url, u.download_url, u.active, u.created_by, u.updated_by,
       l.user_name
FROM inserted_user u
LEFT JOIN logins l ON u.id = l.user_id
]
2026-03-11 11:48:11.693 DEBUG [lettuce-nioEventLoop-5-1] io.r2dbc.postgresql.PARAM : [cid: 0x1][pid: 15668] Bind parameter [0] to: john.doe1@example.com
2026-03-11 11:48:11.693 DEBUG [reactor-tcp-nio-5] i.r.p.client.ReactorNettyClient : [cid: 0x5] Request:  StartupMessage{, database='fund-transfer', username='fund-transfer'}
2026-03-11 11:48:11.697 DEBUG [lettuce-nioEventLoop-5-1] io.r2dbc.postgresql.PARAM : [cid: 0x1][pid: 15668] Bind parameter [1] to: John
2026-03-11 11:48:11.697 DEBUG [lettuce-nioEventLoop-5-1] io.r2dbc.postgresql.PARAM : [cid: 0x1][pid: 15668] Bind parameter [2] to: Doe
2026-03-11 11:48:11.697 DEBUG [lettuce-nioEventLoop-5-1] io.r2dbc.postgresql.PARAM : [cid: 0x1][pid: 15668] Bind parameter [3] to: +8801712345678
2026-03-11 11:48:11.697 DEBUG [lettuce-nioEventLoop-5-1] io.r2dbc.postgresql.PARAM : [cid: 0x1][pid: 15668] Bind parameter [4] to: Male
2026-03-11 11:48:11.697 DEBUG [lettuce-nioEventLoop-5-1] io.r2dbc.postgresql.PARAM : [cid: 0x1][pid: 15668] Bind parameter [5] to: 1990-05-15
2026-03-11 11:48:11.697 DEBUG [lettuce-nioEventLoop-5-1] io.r2dbc.postgresql.PARAM : [cid: 0x1][pid: 15668] Bind parameter [6] to: https://example.com/images/john-doe.jpg
2026-03-11 11:48:11.698 DEBUG [lettuce-nioEventLoop-5-1] io.r2dbc.postgresql.PARAM : [cid: 0x1][pid: 15668] Bind parameter [7] to: https://example.com/files/john-doe-profile.pdf
2026-03-11 11:48:11.698 DEBUG [lettuce-nioEventLoop-5-1] io.r2dbc.postgresql.PARAM : [cid: 0x1][pid: 15668] Bind parameter [8] to: 2
2026-03-11 11:48:11.718 DEBUG [lettuce-nioEventLoop-5-1] io.r2dbc.postgresql.QUERY : [cid: 0x1][pid: 15668] Executing query: WITH inserted_user AS (
    INSERT INTO users(email, first_name, last_name, phone, gender, date_of_birth, image_url, download_url, created_by)
    VALUES ($1, $2, $3, $4, $5, $6, $7, $8, $9)
    RETURNING *
)
SELECT u.id, u.email, u.first_name, u.last_name, u.phone, u.gender,
       u.date_of_birth, u.image_url, u.download_url, u.active, u.created_by, u.updated_by,
       l.user_name
FROM inserted_user u
LEFT JOIN logins l ON u.id = l.user_id

2026-03-11 11:48:11.719 DEBUG [lettuce-nioEventLoop-5-1] i.r.p.client.ReactorNettyClient : [cid: 0x1][pid: 15668] Request:  [Parse{name='S_0', parameters=[1043, 1043, 1043, 1043, 1043, 1082, 1043, 1043, 20], query='WITH inserted_user AS (
    INSERT INTO users(email, first_name, last_name, phone, gender, date_of_birth, image_url, download_url, created_by)
    VALUES ($1, $2, $3, $4, $5, $6, $7, $8, $9)
    RETURNING *
)
SELECT u.id, u.email, u.first_name, u.last_name, u.phone, u.gender,
       u.date_of_birth, u.image_url, u.download_url, u.active, u.created_by, u.updated_by,
       l.user_name
FROM inserted_user u
LEFT JOIN logins l ON u.id = l.user_id
'}, Bind{name='B_0', parameterFormats=[FORMAT_TEXT, FORMAT_TEXT, FORMAT_TEXT, FORMAT_TEXT, FORMAT_TEXT, FORMAT_TEXT, FORMAT_TEXT, FORMAT_TEXT, FORMAT_BINARY], parameters=[CompositeByteBuf(ridx: 0, widx: 21, cap: 21, components=1), CompositeByteBuf(ridx: 0, widx: 4, cap: 4, components=1), CompositeByteBuf(ridx: 0, widx: 3, cap: 3, components=1), CompositeByteBuf(ridx: 0, widx: 14, cap: 14, components=1), CompositeByteBuf(ridx: 0, widx: 4, cap: 4, components=1), CompositeByteBuf(ridx: 0, widx: 10, cap: 10, components=1), CompositeByteBuf(ridx: 0, widx: 39, cap: 39, components=1), CompositeByteBuf(ridx: 0, widx: 46, cap: 46, components=1), CompositeByteBuf(ridx: 0, widx: 8, cap: 8, components=1)], resultFormats=[], source='S_0'}, Describe{name='B_0', type=PORTAL}, Execute{name='B_0', rows=0}, Close{name='B_0', type=PORTAL}, Sync{}]
2026-03-11 11:48:11.724 DEBUG [reactor-tcp-nio-5] i.r.p.client.ReactorNettyClient : [cid: 0x5] Response: AuthenticationSASL{authenticationMechanisms=[SCRAM-SHA-256]}
2026-03-11 11:48:11.725 DEBUG [reactor-tcp-nio-5] i.r.p.client.ReactorNettyClient : [cid: 0x5] Request:  SASLInitialResponse{initialResponse=java.nio.HeapByteBuffer[pos=0 lim=45 cap=49], name='SCRAM-SHA-256'}
2026-03-11 11:48:11.726 DEBUG [reactor-tcp-nio-5] i.r.p.client.ReactorNettyClient : [cid: 0x5] Response: AuthenticationSASLContinue{data=java.nio.HeapByteBuffer[pos=0 lim=84 cap=84]}
2026-03-11 11:48:11.730 DEBUG [reactor-tcp-nio-1] i.r.p.client.ReactorNettyClient : [cid: 0x1][pid: 15668] Response: ParseComplete{}
2026-03-11 11:48:11.731 DEBUG [reactor-tcp-nio-1] i.r.p.client.ReactorNettyClient : [cid: 0x1][pid: 15668] Response: BindComplete{}
2026-03-11 11:48:11.731 DEBUG [reactor-tcp-nio-1] i.r.p.client.ReactorNettyClient : [cid: 0x1][pid: 15668] Response: RowDescription{fields=[Field{column=1, dataType=20, dataTypeModifier=-1, dataTypeSize=8, format=FORMAT_TEXT, name='id', table=113086}, Field{column=2, dataType=1043, dataTypeModifier=259, dataTypeSize=-1, format=FORMAT_TEXT, name='email', table=113086}, Field{column=3, dataType=1043, dataTypeModifier=259, dataTypeSize=-1, format=FORMAT_TEXT, name='first_name', table=113086}, Field{column=4, dataType=1043, dataTypeModifier=259, dataTypeSize=-1, format=FORMAT_TEXT, name='last_name', table=113086}, Field{column=5, dataType=1043, dataTypeModifier=22, dataTypeSize=-1, format=FORMAT_TEXT, name='phone', table=113086}, Field{column=6, dataType=1043, dataTypeModifier=14, dataTypeSize=-1, format=FORMAT_TEXT, name='gender', table=113086}, Field{column=7, dataType=1082, dataTypeModifier=-1, dataTypeSize=4, format=FORMAT_TEXT, name='date_of_birth', table=113086}, Field{column=9, dataType=25, dataTypeModifier=-1, dataTypeSize=-1, format=FORMAT_TEXT, name='image_url', table=113086}, Field{column=10, dataType=25, dataTypeModifier=-1, dataTypeSize=-1, format=FORMAT_TEXT, name='download_url', table=113086}, Field{column=11, dataType=16, dataTypeModifier=-1, dataTypeSize=1, format=FORMAT_TEXT, name='active', table=113086}, Field{column=12, dataType=20, dataTypeModifier=-1, dataTypeSize=8, format=FORMAT_TEXT, name='created_by', table=113086}, Field{column=14, dataType=20, dataTypeModifier=-1, dataTypeSize=8, format=FORMAT_TEXT, name='updated_by', table=113086}, Field{column=3, dataType=1043, dataTypeModifier=64, dataTypeSize=-1, format=FORMAT_TEXT, name='user_name', table=113106}]}
2026-03-11 11:48:11.732 DEBUG [reactor-tcp-nio-1] i.r.p.client.ReactorNettyClient : [cid: 0x1][pid: 15668] Response: DataRow{columns=[PooledSlicedByteBuf(ridx: 0, widx: 1, cap: 1/1, unwrapped: PooledUnsafeDirectByteBuf(ridx: 573, widx: 598, cap: 1024)), PooledSlicedByteBuf(ridx: 0, widx: 21, cap: 21/21, unwrapped: PooledUnsafeDirectByteBuf(ridx: 573, widx: 598, cap: 1024)), PooledSlicedByteBuf(ridx: 0, widx: 4, cap: 4/4, unwrapped: PooledUnsafeDirectByteBuf(ridx: 573, widx: 598, cap: 1024)), PooledSlicedByteBuf(ridx: 0, widx: 3, cap: 3/3, unwrapped: PooledUnsafeDirectByteBuf(ridx: 573, widx: 598, cap: 1024)), PooledSlicedByteBuf(ridx: 0, widx: 14, cap: 14/14, unwrapped: PooledUnsafeDirectByteBuf(ridx: 573, widx: 598, cap: 1024)), PooledSlicedByteBuf(ridx: 0, widx: 4, cap: 4/4, unwrapped: PooledUnsafeDirectByteBuf(ridx: 573, widx: 598, cap: 1024)), PooledSlicedByteBuf(ridx: 0, widx: 10, cap: 10/10, unwrapped: PooledUnsafeDirectByteBuf(ridx: 573, widx: 598, cap: 1024)), PooledSlicedByteBuf(ridx: 0, widx: 39, cap: 39/39, unwrapped: PooledUnsafeDirectByteBuf(ridx: 573, widx: 598, cap: 1024)), PooledSlicedByteBuf(ridx: 0, widx: 46, cap: 46/46, unwrapped: PooledUnsafeDirectByteBuf(ridx: 573, widx: 598, cap: 1024)), PooledSlicedByteBuf(ridx: 0, widx: 1, cap: 1/1, unwrapped: PooledUnsafeDirectByteBuf(ridx: 573, widx: 598, cap: 1024)), PooledSlicedByteBuf(ridx: 0, widx: 1, cap: 1/1, unwrapped: PooledUnsafeDirectByteBuf(ridx: 573, widx: 598, cap: 1024)), null, null]}
2026-03-11 11:48:11.735 DEBUG [reactor-tcp-nio-5] i.r.p.client.ReactorNettyClient : [cid: 0x5] Request:  SASLResponse{data=java.nio.HeapByteBuffer[pos=0 lim=104 cap=114]}
2026-03-11 11:48:11.739 DEBUG [reactor-tcp-nio-5] i.r.p.client.ReactorNettyClient : [cid: 0x5] Response: AuthenticationSASLFinal{additionalData=java.nio.HeapByteBuffer[pos=0 lim=46 cap=46]}
2026-03-11 11:48:11.740 DEBUG [reactor-tcp-nio-5] i.r.p.client.ReactorNettyClient : [cid: 0x5] Response: AuthenticationOk{}
2026-03-11 11:48:11.740 DEBUG [reactor-tcp-nio-5] i.r.p.client.ReactorNettyClient : [cid: 0x5] Response: ParameterStatus{name='in_hot_standby', value='off'}
2026-03-11 11:48:11.740 DEBUG [reactor-tcp-nio-5] i.r.p.client.ReactorNettyClient : [cid: 0x5] Response: ParameterStatus{name='integer_datetimes', value='on'}
2026-03-11 11:48:11.740 DEBUG [reactor-tcp-nio-5] i.r.p.client.ReactorNettyClient : [cid: 0x5] Response: ParameterStatus{name='TimeZone', value='Asia/Dhaka'}
2026-03-11 11:48:11.740 DEBUG [reactor-tcp-nio-5] i.r.p.client.ReactorNettyClient : [cid: 0x5] Response: ParameterStatus{name='IntervalStyle', value='postgres'}
2026-03-11 11:48:11.740 DEBUG [reactor-tcp-nio-5] i.r.p.client.ReactorNettyClient : [cid: 0x5] Response: ParameterStatus{name='search_path', value='user_service'}
2026-03-11 11:48:11.740 DEBUG [reactor-tcp-nio-5] i.r.p.client.ReactorNettyClient : [cid: 0x5] Response: ParameterStatus{name='is_superuser', value='off'}
2026-03-11 11:48:11.740 DEBUG [reactor-tcp-nio-5] i.r.p.client.ReactorNettyClient : [cid: 0x5] Response: ParameterStatus{name='application_name', value='r2dbc-postgresql'}
2026-03-11 11:48:11.740 DEBUG [reactor-tcp-nio-5] i.r.p.client.ReactorNettyClient : [cid: 0x5] Response: ParameterStatus{name='default_transaction_read_only', value='off'}
2026-03-11 11:48:11.740 DEBUG [reactor-tcp-nio-5] i.r.p.client.ReactorNettyClient : [cid: 0x5] Response: ParameterStatus{name='scram_iterations', value='4096'}
2026-03-11 11:48:11.740 DEBUG [reactor-tcp-nio-5] i.r.p.client.ReactorNettyClient : [cid: 0x5] Response: ParameterStatus{name='DateStyle', value='ISO, MDY'}
2026-03-11 11:48:11.740 DEBUG [reactor-tcp-nio-5] i.r.p.client.ReactorNettyClient : [cid: 0x5] Response: ParameterStatus{name='standard_conforming_strings', value='on'}
2026-03-11 11:48:11.740 DEBUG [reactor-tcp-nio-5] i.r.p.client.ReactorNettyClient : [cid: 0x5] Response: ParameterStatus{name='session_authorization', value='fund-transfer'}
2026-03-11 11:48:11.740 DEBUG [reactor-tcp-nio-5] i.r.p.client.ReactorNettyClient : [cid: 0x5] Response: ParameterStatus{name='client_encoding', value='UTF8'}
2026-03-11 11:48:11.740 DEBUG [reactor-tcp-nio-5] i.r.p.client.ReactorNettyClient : [cid: 0x5] Response: ParameterStatus{name='server_version', value='18.0'}
2026-03-11 11:48:11.741 DEBUG [reactor-tcp-nio-5] i.r.p.client.ReactorNettyClient : [cid: 0x5] Response: ParameterStatus{name='server_encoding', value='UTF8'}
2026-03-11 11:48:11.741 DEBUG [reactor-tcp-nio-5] i.r.p.client.ReactorNettyClient : [cid: 0x5] Response: BackendKeyData{processId=18152, secretKey=-17190771}
2026-03-11 11:48:11.741 DEBUG [reactor-tcp-nio-5] i.r.p.client.ReactorNettyClient : [cid: 0x5][pid: 18152] Response: ReadyForQuery{transactionStatus=IDLE}
2026-03-11 11:48:11.742 DEBUG [reactor-tcp-nio-5] io.r2dbc.postgresql.QUERY : [cid: 0x5][pid: 18152] Executing query: SHOW TRANSACTION ISOLATION LEVEL
2026-03-11 11:48:11.742 DEBUG [reactor-tcp-nio-5] i.r.p.client.ReactorNettyClient : [cid: 0x5][pid: 18152] Request:  Query{query='SHOW TRANSACTION ISOLATION LEVEL'}
2026-03-11 11:48:11.743 DEBUG [reactor-tcp-nio-5] i.r.p.client.ReactorNettyClient : [cid: 0x5][pid: 18152] Response: RowDescription{fields=[Field{column=0, dataType=25, dataTypeModifier=-1, dataTypeSize=-1, format=FORMAT_TEXT, name='transaction_isolation', table=0}]}
2026-03-11 11:48:11.743 DEBUG [reactor-tcp-nio-5] i.r.p.client.ReactorNettyClient : [cid: 0x5][pid: 18152] Response: DataRow{columns=[PooledSlicedByteBuf(ridx: 0, widx: 14, cap: 14/14, unwrapped: PooledUnsafeDirectByteBuf(ridx: 72, widx: 88, cap: 1024))]}
2026-03-11 11:48:11.743 DEBUG [reactor-tcp-nio-5] i.r.p.client.ReactorNettyClient : [cid: 0x5][pid: 18152] Response: CommandComplete{command=SHOW, rowId=null, rows=null}
2026-03-11 11:48:11.743 DEBUG [reactor-tcp-nio-5] i.r.p.client.ReactorNettyClient : [cid: 0x5][pid: 18152] Response: ReadyForQuery{transactionStatus=IDLE}
2026-03-11 11:48:11.743 DEBUG [reactor-tcp-nio-5] io.r2dbc.postgresql.QUERY : [cid: 0x5][pid: 18152] Executing query: SELECT oid, * FROM pg_catalog.pg_type WHERE typname IN ('hstore','geometry','vector')
2026-03-11 11:48:11.743 DEBUG [reactor-tcp-nio-5] i.r.p.client.ReactorNettyClient : [cid: 0x5][pid: 18152] Request:  Query{query='SELECT oid, * FROM pg_catalog.pg_type WHERE typname IN ('hstore','geometry','vector')'}
2026-03-11 11:48:11.746 DEBUG [reactor-tcp-nio-5] i.r.p.client.ReactorNettyClient : [cid: 0x5][pid: 18152] Response: RowDescription{fields=[Field{column=1, dataType=26, dataTypeModifier=-1, dataTypeSize=4, format=FORMAT_TEXT, name='oid', table=1247}, Field{column=1, dataType=26, dataTypeModifier=-1, dataTypeSize=4, format=FORMAT_TEXT, name='oid', table=1247}, Field{column=2, dataType=19, dataTypeModifier=-1, dataTypeSize=64, format=FORMAT_TEXT, name='typname', table=1247}, Field{column=3, dataType=26, dataTypeModifier=-1, dataTypeSize=4, format=FORMAT_TEXT, name='typnamespace', table=1247}, Field{column=4, dataType=26, dataTypeModifier=-1, dataTypeSize=4, format=FORMAT_TEXT, name='typowner', table=1247}, Field{column=5, dataType=21, dataTypeModifier=-1, dataTypeSize=2, format=FORMAT_TEXT, name='typlen', table=1247}, Field{column=6, dataType=16, dataTypeModifier=-1, dataTypeSize=1, format=FORMAT_TEXT, name='typbyval', table=1247}, Field{column=7, dataType=18, dataTypeModifier=-1, dataTypeSize=1, format=FORMAT_TEXT, name='typtype', table=1247}, Field{column=8, dataType=18, dataTypeModifier=-1, dataTypeSize=1, format=FORMAT_TEXT, name='typcategory', table=1247}, Field{column=9, dataType=16, dataTypeModifier=-1, dataTypeSize=1, format=FORMAT_TEXT, name='typispreferred', table=1247}, Field{column=10, dataType=16, dataTypeModifier=-1, dataTypeSize=1, format=FORMAT_TEXT, name='typisdefined', table=1247}, Field{column=11, dataType=18, dataTypeModifier=-1, dataTypeSize=1, format=FORMAT_TEXT, name='typdelim', table=1247}, Field{column=12, dataType=26, dataTypeModifier=-1, dataTypeSize=4, format=FORMAT_TEXT, name='typrelid', table=1247}, Field{column=13, dataType=24, dataTypeModifier=-1, dataTypeSize=4, format=FORMAT_TEXT, name='typsubscript', table=1247}, Field{column=14, dataType=26, dataTypeModifier=-1, dataTypeSize=4, format=FORMAT_TEXT, name='typelem', table=1247}, Field{column=15, dataType=26, dataTypeModifier=-1, dataTypeSize=4, format=FORMAT_TEXT, name='typarray', table=1247}, Field{column=16, dataType=24, dataTypeModifier=-1, dataTypeSize=4, format=FORMAT_TEXT, name='typinput', table=1247}, Field{column=17, dataType=24, dataTypeModifier=-1, dataTypeSize=4, format=FORMAT_TEXT, name='typoutput', table=1247}, Field{column=18, dataType=24, dataTypeModifier=-1, dataTypeSize=4, format=FORMAT_TEXT, name='typreceive', table=1247}, Field{column=19, dataType=24, dataTypeModifier=-1, dataTypeSize=4, format=FORMAT_TEXT, name='typsend', table=1247}, Field{column=20, dataType=24, dataTypeModifier=-1, dataTypeSize=4, format=FORMAT_TEXT, name='typmodin', table=1247}, Field{column=21, dataType=24, dataTypeModifier=-1, dataTypeSize=4, format=FORMAT_TEXT, name='typmodout', table=1247}, Field{column=22, dataType=24, dataTypeModifier=-1, dataTypeSize=4, format=FORMAT_TEXT, name='typanalyze', table=1247}, Field{column=23, dataType=18, dataTypeModifier=-1, dataTypeSize=1, format=FORMAT_TEXT, name='typalign', table=1247}, Field{column=24, dataType=18, dataTypeModifier=-1, dataTypeSize=1, format=FORMAT_TEXT, name='typstorage', table=1247}, Field{column=25, dataType=16, dataTypeModifier=-1, dataTypeSize=1, format=FORMAT_TEXT, name='typnotnull', table=1247}, Field{column=26, dataType=26, dataTypeModifier=-1, dataTypeSize=4, format=FORMAT_TEXT, name='typbasetype', table=1247}, Field{column=27, dataType=23, dataTypeModifier=-1, dataTypeSize=4, format=FORMAT_TEXT, name='typtypmod', table=1247}, Field{column=28, dataType=23, dataTypeModifier=-1, dataTypeSize=4, format=FORMAT_TEXT, name='typndims', table=1247}, Field{column=29, dataType=26, dataTypeModifier=-1, dataTypeSize=4, format=FORMAT_TEXT, name='typcollation', table=1247}, Field{column=30, dataType=194, dataTypeModifier=-1, dataTypeSize=-1, format=FORMAT_TEXT, name='typdefaultbin', table=1247}, Field{column=31, dataType=25, dataTypeModifier=-1, dataTypeSize=-1, format=FORMAT_TEXT, name='typdefault', table=1247}, Field{column=32, dataType=1034, dataTypeModifier=-1, dataTypeSize=-1, format=FORMAT_TEXT, name='typacl', table=1247}]}
2026-03-11 11:48:11.746 DEBUG [reactor-tcp-nio-5] i.r.p.client.ReactorNettyClient : [cid: 0x5][pid: 18152] Response: CommandComplete{command=SELECT, rowId=null, rows=0}
2026-03-11 11:48:11.746 DEBUG [reactor-tcp-nio-5] i.r.p.client.ReactorNettyClient : [cid: 0x5][pid: 18152] Response: ReadyForQuery{transactionStatus=IDLE}
2026-03-11 11:48:11.748 DEBUG [reactor-tcp-nio-1] i.r.p.client.ReactorNettyClient : [cid: 0x1][pid: 15668] Response: CommandComplete{command=SELECT, rowId=null, rows=1}
2026-03-11 11:48:11.749 DEBUG [reactor-tcp-nio-1] i.r.p.client.ReactorNettyClient : [cid: 0x1][pid: 15668] Response: CloseComplete{}
2026-03-11 11:48:11.749 DEBUG [reactor-tcp-nio-1] i.r.p.client.ReactorNettyClient : [cid: 0x1][pid: 15668] Response: ReadyForQuery{transactionStatus=TRANSACTION}
2026-03-11 11:48:11.751 INFO  [reactor-tcp-nio-1] c.f.t.u.s.s.user.UserServiceImpl : User entity saved with id: 3
2026-03-11 11:48:11.752 DEBUG [reactor-tcp-nio-1] o.s.d.r.core.NamedParameterExpander : Expanding SQL statement [INSERT INTO logins(user_id, user_name, password, created_by)
VALUES (:userId, :user_name, :password, :createdBy)
] to [INSERT INTO logins(user_id, user_name, password, created_by)
VALUES ($1, $2, $3, $4)
]
2026-03-11 11:48:11.754 DEBUG [reactor-tcp-nio-1] o.s.r2dbc.core.DefaultDatabaseClient : Executing SQL statement [INSERT INTO logins(user_id, user_name, password, created_by)
VALUES ($1, $2, $3, $4)
]
2026-03-11 11:48:11.755 DEBUG [reactor-tcp-nio-1] io.r2dbc.postgresql.PARAM : [cid: 0x1][pid: 15668] Bind parameter [0] to: 3
2026-03-11 11:48:11.755 DEBUG [reactor-tcp-nio-1] io.r2dbc.postgresql.PARAM : [cid: 0x1][pid: 15668] Bind parameter [1] to: polashossain1
2026-03-11 11:48:11.755 DEBUG [reactor-tcp-nio-1] io.r2dbc.postgresql.PARAM : [cid: 0x1][pid: 15668] Bind parameter [2] to: 123456
2026-03-11 11:48:11.755 DEBUG [reactor-tcp-nio-1] io.r2dbc.postgresql.PARAM : [cid: 0x1][pid: 15668] Bind parameter [3] to: 2
2026-03-11 11:48:11.755 DEBUG [reactor-tcp-nio-1] io.r2dbc.postgresql.QUERY : [cid: 0x1][pid: 15668] Executing query: INSERT INTO logins(user_id, user_name, password, created_by)
VALUES ($1, $2, $3, $4)

2026-03-11 11:48:11.755 DEBUG [reactor-tcp-nio-1] i.r.p.client.ReactorNettyClient : [cid: 0x1][pid: 15668] Request:  [Parse{name='S_1', parameters=[20, 1043, 1043, 20], query='INSERT INTO logins(user_id, user_name, password, created_by)
VALUES ($1, $2, $3, $4)
'}, Bind{name='B_1', parameterFormats=[FORMAT_BINARY, FORMAT_TEXT, FORMAT_TEXT, FORMAT_BINARY], parameters=[CompositeByteBuf(ridx: 0, widx: 8, cap: 8, components=1), CompositeByteBuf(ridx: 0, widx: 13, cap: 13, components=1), CompositeByteBuf(ridx: 0, widx: 6, cap: 6, components=1), CompositeByteBuf(ridx: 0, widx: 8, cap: 8, components=1)], resultFormats=[], source='S_1'}, Describe{name='B_1', type=PORTAL}, Execute{name='B_1', rows=0}, Close{name='B_1', type=PORTAL}, Sync{}]
2026-03-11 11:48:11.758 DEBUG [reactor-tcp-nio-1] i.r.p.client.ReactorNettyClient : [cid: 0x1][pid: 15668] Response: ParseComplete{}
2026-03-11 11:48:11.758 DEBUG [reactor-tcp-nio-1] i.r.p.client.ReactorNettyClient : [cid: 0x1][pid: 15668] Response: BindComplete{}
2026-03-11 11:48:11.758 DEBUG [reactor-tcp-nio-1] i.r.p.client.ReactorNettyClient : [cid: 0x1][pid: 15668] Response: NoData{}
2026-03-11 11:48:11.758 DEBUG [reactor-tcp-nio-1] i.r.p.client.ReactorNettyClient : [cid: 0x1][pid: 15668] Response: CommandComplete{command=INSERT, rowId=0, rows=1}
2026-03-11 11:48:11.758 DEBUG [reactor-tcp-nio-1] i.r.p.client.ReactorNettyClient : [cid: 0x1][pid: 15668] Response: CloseComplete{}
2026-03-11 11:48:11.758 DEBUG [reactor-tcp-nio-1] i.r.p.client.ReactorNettyClient : [cid: 0x1][pid: 15668] Response: ReadyForQuery{transactionStatus=TRANSACTION}
2026-03-11 11:48:11.779 INFO  [boundedElastic-1] c.f.t.u.s.g.g.c.BankAccountGrpcClient : Calling gRPC createBankAccount for userId: 3
2026-03-11 11:48:12.014 WARN  [boundedElastic-1] c.f.t.u.s.g.g.c.BankAccountGrpcClient : gRPC retry attempt 1 time to save bank account for userId: 3 due to: UNAVAILABLE: io exception
2026-03-11 11:48:14.045 INFO  [parallel-4] c.f.t.u.s.g.g.c.BankAccountGrpcClient : Calling gRPC createBankAccount for userId: 3
2026-03-11 11:48:14.045 WARN  [parallel-4] c.f.t.u.s.g.g.c.BankAccountGrpcClient : gRPC retry attempt 2 time to save bank account for userId: 3 due to: UNAVAILABLE: io exception
2026-03-11 11:48:16.519 DEBUG [DiscoveryClient-HeartbeatExecutor-%d] o.s.web.client.RestTemplate : HTTP PUT http://localhost:8761/eureka/apps/USER-SERVICE/user-service:9090?status=UP&lastDirtyTimestamp=1773208081511
2026-03-11 11:48:16.528 DEBUG [DiscoveryClient-HeartbeatExecutor-%d] o.s.web.client.RestTemplate : Accept=[application/json, application/*+json]
2026-03-11 11:48:16.535 DEBUG [DiscoveryClient-HeartbeatExecutor-%d] o.s.web.client.RestTemplate : Response 200 OK
2026-03-11 11:48:16.595 INFO  [parallel-5] c.f.t.u.s.g.g.c.BankAccountGrpcClient : Calling gRPC createBankAccount for userId: 3
2026-03-11 11:48:16.595 WARN  [parallel-5] c.f.t.u.s.g.g.c.BankAccountGrpcClient : gRPC retry attempt 3 time to save bank account for userId: 3 due to: UNAVAILABLE: io exception
2026-03-11 11:48:18.903 INFO  [parallel-6] c.f.t.u.s.g.g.c.BankAccountGrpcClient : Calling gRPC createBankAccount for userId: 3
2026-03-11 11:48:18.903 ERROR [parallel-6] c.f.t.u.s.s.user.UserServiceImpl : gRPC failed after retries for userId: 3, publishing to RabbitMQ: Retries exhausted: 3/3
2026-03-11 11:48:18.910 INFO  [boundedElastic-2] o.s.a.r.c.CachingConnectionFactory : Attempting to connect to: [localhost:5672]
2026-03-11 11:48:18.949 INFO  [boundedElastic-2] o.s.a.r.c.CachingConnectionFactory : Created new connection: rabbitConnectionFactory#7645e64:0/SimpleConnection@48c15e4e [delegate=amqp://fundtransfer@127.0.0.1:5672/fundtransfer, localPort=9872]
2026-03-11 11:48:18.952 DEBUG [boundedElastic-2] o.s.amqp.rabbit.core.RabbitAdmin : Initializing declarations
2026-03-11 11:48:18.960 DEBUG [boundedElastic-2] o.s.a.r.c.CachingConnectionFactory : Creating cached Rabbit Channel from PublisherCallbackChannelImpl: AMQChannel(amqp://fundtransfer@127.0.0.1:5672/fundtransfer,1)
2026-03-11 11:48:18.967 DEBUG [boundedElastic-2] o.s.a.r.c.PublisherCallbackChannelImpl : Added listener org.springframework.amqp.rabbit.core.RabbitTemplate@65ace480
2026-03-11 11:48:18.967 DEBUG [boundedElastic-2] o.s.amqp.rabbit.core.RabbitTemplate : Added publisher confirm channel: Cached Rabbit Channel: PublisherCallbackChannelImpl: AMQChannel(amqp://fundtransfer@127.0.0.1:5672/fundtransfer,1), conn: Proxy@7226bdfa Shared Rabbit Connection: SimpleConnection@48c15e4e [delegate=amqp://fundtransfer@127.0.0.1:5672/fundtransfer, localPort=9872] to map, size now 1
2026-03-11 11:48:18.967 DEBUG [boundedElastic-2] o.s.amqp.rabbit.core.RabbitTemplate : Executing callback RabbitAdmin$$Lambda/0x000001d258cf1810 on RabbitMQ Channel: Cached Rabbit Channel: PublisherCallbackChannelImpl: AMQChannel(amqp://fundtransfer@127.0.0.1:5672/fundtransfer,1), conn: Proxy@7226bdfa Shared Rabbit Connection: SimpleConnection@48c15e4e [delegate=amqp://fundtransfer@127.0.0.1:5672/fundtransfer, localPort=9872]
2026-03-11 11:48:18.967 DEBUG [boundedElastic-2] o.s.amqp.rabbit.core.RabbitAdmin : declaring Exchange 'bank.account.exchange'
2026-03-11 11:48:18.971 DEBUG [boundedElastic-2] o.s.amqp.rabbit.core.RabbitAdmin : Declarations finished
2026-03-11 11:48:18.971 DEBUG [boundedElastic-2] o.s.a.r.c.PublisherCallbackChannelImpl : Added listener org.springframework.amqp.rabbit.core.RabbitTemplate@6568a57d
2026-03-11 11:48:18.971 DEBUG [boundedElastic-2] o.s.amqp.rabbit.core.RabbitTemplate : Added publisher confirm channel: Cached Rabbit Channel: PublisherCallbackChannelImpl: AMQChannel(amqp://fundtransfer@127.0.0.1:5672/fundtransfer,1), conn: Proxy@7226bdfa Shared Rabbit Connection: SimpleConnection@48c15e4e [delegate=amqp://fundtransfer@127.0.0.1:5672/fundtransfer, localPort=9872] to map, size now 1
2026-03-11 11:48:18.971 DEBUG [boundedElastic-2] o.s.amqp.rabbit.core.RabbitTemplate : Executing callback RabbitTemplate$$Lambda/0x000001d258ccf0a8 on RabbitMQ Channel: Cached Rabbit Channel: PublisherCallbackChannelImpl: AMQChannel(amqp://fundtransfer@127.0.0.1:5672/fundtransfer,1), conn: Proxy@7226bdfa Shared Rabbit Connection: SimpleConnection@48c15e4e [delegate=amqp://fundtransfer@127.0.0.1:5672/fundtransfer, localPort=9872]
2026-03-11 11:48:18.977 DEBUG [boundedElastic-2] o.s.amqp.rabbit.core.RabbitTemplate : Publishing message [(Body:'[B@7edf9cbd(byte[194])' MessageProperties [headers={spring_listener_return_correlation=031c6dd1-cf8f-4970-9bbd-75e58d082a13, spring_returned_message_correlation=038756f4-bf88-46e6-b8b7-b08ca791158d, correlation_id=038756f4-bf88-46e6-b8b7-b08ca791158d, __TypeId__=com.fund.transfer.user.service.global.messaging.bankaccount.model.BankAccountMessage}, contentType=application/json, contentEncoding=UTF-8, contentLength=194, deliveryMode=PERSISTENT, priority=0, deliveryTag=0])] on exchange [bank.account.exchange], routingKey = [bank.account.create]
2026-03-11 11:48:18.982 INFO  [boundedElastic-2] c.f.t.u.s.g.m.b.p.BankAccountEventPublisher : Published event to save bank account for userId: 3, correlationId: 038756f4-bf88-46e6-b8b7-b08ca791158d
2026-03-11 11:48:18.983 INFO  [boundedElastic-2] c.f.t.u.s.s.user.UserServiceImpl : Bank account event queued in RabbitMQ for userId: 3
2026-03-11 11:48:18.983 INFO  [boundedElastic-2] c.f.t.u.s.s.user.UserServiceImpl : User saved successfully: john.doe1@example.com
2026-03-11 11:48:18.985 DEBUG [boundedElastic-2] o.s.r.c.R2dbcTransactionManager : Initiating transaction commit
2026-03-11 11:48:18.985 DEBUG [boundedElastic-2] o.s.r.c.R2dbcTransactionManager : Committing R2DBC transaction on Connection [PooledConnection[PostgresqlConnection{client=io.r2dbc.postgresql.client.ReactorNettyClient@26f0803, codecs=io.r2dbc.postgresql.codec.DefaultCodecs@67332f49}]]
2026-03-11 11:48:18.986 DEBUG [boundedElastic-2] io.r2dbc.postgresql.QUERY : [cid: 0x1][pid: 15668] Executing query: COMMIT
2026-03-11 11:48:18.986 DEBUG [boundedElastic-2] i.r.p.client.ReactorNettyClient : [cid: 0x1][pid: 15668] Request:  Query{query='COMMIT'}
2026-03-11 11:48:18.988 DEBUG [reactor-tcp-nio-1] i.r.p.client.ReactorNettyClient : [cid: 0x1][pid: 15668] Response: CommandComplete{command=COMMIT, rowId=null, rows=null}
2026-03-11 11:48:18.988 DEBUG [reactor-tcp-nio-1] i.r.p.client.ReactorNettyClient : [cid: 0x1][pid: 15668] Response: ReadyForQuery{transactionStatus=IDLE}
2026-03-11 11:48:18.990 DEBUG [reactor-tcp-nio-1] o.s.r.c.R2dbcTransactionManager : Releasing R2DBC Connection [PooledConnection[PostgresqlConnection{client=io.r2dbc.postgresql.client.ReactorNettyClient@26f0803, codecs=io.r2dbc.postgresql.codec.DefaultCodecs@67332f49}]] after transaction
2026-03-11 11:48:18.991 DEBUG [reactor-tcp-nio-1] io.r2dbc.pool.PooledConnection : Releasing connection
2026-03-11 11:48:18.994 DEBUG [reactor-tcp-nio-1] c.f.t.u.s.g.f.o.ResponseSanitizer : Sanitizing UserResponseModel for role: 'ADMIN'
2026-03-11 11:48:18.994 DEBUG [AMQP Connection 127.0.0.1:5672] o.s.a.r.c.PublisherCallbackChannelImpl : PublisherCallbackChannelImpl: AMQChannel(amqp://fundtransfer@127.0.0.1:5672/fundtransfer,1) PC:Ack:1:false
2026-03-11 11:48:18.995 DEBUG [reactor-tcp-nio-1] c.f.t.u.s.g.f.o.ResponseSanitizer : Field 'userName' — role: 'ADMIN', canSee: true
2026-03-11 11:48:18.995 DEBUG [reactor-tcp-nio-1] c.f.t.u.s.g.f.o.ResponseSanitizer : Field 'email' — role: 'ADMIN', canSee: true
2026-03-11 11:48:18.995 DEBUG [reactor-tcp-nio-1] c.f.t.u.s.g.f.o.ResponseSanitizer : Field 'firstName' — role: 'ADMIN', canSee: true
2026-03-11 11:48:18.995 DEBUG [reactor-tcp-nio-1] c.f.t.u.s.g.f.o.ResponseSanitizer : Field 'lastName' — role: 'ADMIN', canSee: true
2026-03-11 11:48:18.995 DEBUG [reactor-tcp-nio-1] c.f.t.u.s.g.f.o.ResponseSanitizer : Field 'phone' — role: 'ADMIN', canSee: true
2026-03-11 11:48:18.995 DEBUG [reactor-tcp-nio-1] c.f.t.u.s.g.f.o.ResponseSanitizer : Field 'phone' unmasked for role 'ADMIN'
2026-03-11 11:48:18.995 DEBUG [reactor-tcp-nio-1] c.f.t.u.s.g.f.o.ResponseSanitizer : Field 'gender' — role: 'ADMIN', canSee: true
2026-03-11 11:48:18.995 DEBUG [reactor-tcp-nio-1] c.f.t.u.s.g.f.o.ResponseSanitizer : Field 'imageUrl' — role: 'ADMIN', canSee: true
2026-03-11 11:48:18.995 DEBUG [reactor-tcp-nio-1] c.f.t.u.s.g.f.o.ResponseSanitizer : Field 'downloadUrl' — role: 'ADMIN', canSee: true
2026-03-11 11:48:18.996 DEBUG [rabbitConnectionFactory2] o.s.a.r.c.PublisherCallbackChannelImpl : Sending confirm PendingConfirm [correlationData=CorrelationData [id=038756f4-bf88-46e6-b8b7-b08ca791158d]]
2026-03-11 11:48:18.996 INFO  [rabbitConnectionFactory2] c.f.t.u.s.g.c.r.RabbitMQCoreConfig : Message confirmed by broker, correlationId: 038756f4-bf88-46e6-b8b7-b08ca791158d
2026-03-11 11:48:18.998 DEBUG [reactor-tcp-nio-1] o.s.w.r.r.m.a.ResponseEntityResultHandler : [6ffc0572-1] Using 'application/json' given [*/*] and supported [application/json, application/*+json, application/x-ndjson, text/event-stream]
2026-03-11 11:48:18.998 DEBUG [reactor-tcp-nio-1] o.s.w.r.r.m.a.ResponseEntityResultHandler : [6ffc0572-1] 0..1 [com.fund.transfer.user.service.ui.model.response.user.UserResponseModel]
2026-03-11 11:48:19.001 DEBUG [reactor-tcp-nio-1] o.s.h.codec.json.Jackson2JsonEncoder : [6ffc0572-1] Encoding [UserResponseModel(id=3, userName=polashossain1, email=john.doe1@example.com, firstName=John, lastNam (truncated)...]
2026-03-11 11:48:19.006 DEBUG [reactor-tcp-nio-1] r.n.http.server.HttpServerOperations : [6ffc0572-1, L:/192.168.1.136:9090 - R:/192.168.1.136:9854] Last HTTP response frame
2026-03-11 11:48:19.007 DEBUG [reactor-tcp-nio-1] r.n.http.server.HttpServerOperations : [6ffc0572-1, L:/192.168.1.136:9090 - R:/192.168.1.136:9854] Headers are not sent before onComplete().
2026-03-11 11:48:19.007 DEBUG [reactor-tcp-nio-1] o.s.w.s.a.HttpWebHandlerAdapter : [6ffc0572-1] Completed 200 OK
2026-03-11 11:48:19.008 DEBUG [reactor-http-nio-2] r.n.http.server.HttpServerOperations : [6ffc0572-1, L:/192.168.1.136:9090 - R:/192.168.1.136:9854] Decreasing pending responses count: 0
2026-03-11 11:48:19.008 DEBUG [reactor-http-nio-2] r.n.http.server.HttpServerOperations : [6ffc0572-1, L:/192.168.1.136:9090 - R:/192.168.1.136:9854] Last HTTP packet was sent, terminating the channel
2026-03-11 11:48:31.512 DEBUG [DiscoveryClient-CacheRefreshExecutor-%d] o.s.web.client.RestTemplate : HTTP GET http://localhost:8761/eureka/apps/delta
2026-03-11 11:48:31.514 DEBUG [DiscoveryClient-CacheRefreshExecutor-%d] o.s.web.client.RestTemplate : Accept=[application/json, application/*+json]
2026-03-11 11:48:31.530 DEBUG [DiscoveryClient-CacheRefreshExecutor-%d] o.s.web.client.RestTemplate : Response 200 OK
2026-03-11 11:48:31.530 DEBUG [DiscoveryClient-CacheRefreshExecutor-%d] o.s.web.client.RestTemplate : Reading to [org.springframework.cloud.netflix.eureka.http.EurekaApplications]
2026-03-11 11:48:31.545 DEBUG [DiscoveryClient-HeartbeatExecutor-%d] o.s.web.client.RestTemplate : HTTP PUT http://localhost:8761/eureka/apps/USER-SERVICE/user-service:9090?status=UP&lastDirtyTimestamp=1773208081511
2026-03-11 11:48:31.545 DEBUG [DiscoveryClient-HeartbeatExecutor-%d] o.s.web.client.RestTemplate : Accept=[application/json, application/*+json]
2026-03-11 11:48:31.562 DEBUG [DiscoveryClient-HeartbeatExecutor-%d] o.s.web.client.RestTemplate : Response 200 OK
2026-03-11 11:48:46.569 DEBUG [DiscoveryClient-HeartbeatExecutor-%d] o.s.web.client.RestTemplate : HTTP PUT http://localhost:8761/eureka/apps/USER-SERVICE/user-service:9090?status=UP&lastDirtyTimestamp=1773208081511
2026-03-11 11:48:46.569 DEBUG [DiscoveryClient-HeartbeatExecutor-%d] o.s.web.client.RestTemplate : Accept=[application/json, application/*+json]
2026-03-11 11:48:46.587 DEBUG [DiscoveryClient-HeartbeatExecutor-%d] o.s.web.client.RestTemplate : Response 200 OK
2026-03-11 11:49:01.545 DEBUG [DiscoveryClient-CacheRefreshExecutor-%d] o.s.web.client.RestTemplate : HTTP GET http://localhost:8761/eureka/apps/delta
2026-03-11 11:49:01.545 DEBUG [DiscoveryClient-CacheRefreshExecutor-%d] o.s.web.client.RestTemplate : Accept=[application/json, application/*+json]
2026-03-11 11:49:01.549 DEBUG [DiscoveryClient-CacheRefreshExecutor-%d] o.s.web.client.RestTemplate : Response 200 OK
2026-03-11 11:49:01.549 DEBUG [DiscoveryClient-CacheRefreshExecutor-%d] o.s.web.client.RestTemplate : Reading to [org.springframework.cloud.netflix.eureka.http.EurekaApplications]
2026-03-11 11:49:01.588 DEBUG [DiscoveryClient-HeartbeatExecutor-%d] o.s.web.client.RestTemplate : HTTP PUT http://localhost:8761/eureka/apps/USER-SERVICE/user-service:9090?status=UP&lastDirtyTimestamp=1773208081511
2026-03-11 11:49:01.588 DEBUG [DiscoveryClient-HeartbeatExecutor-%d] o.s.web.client.RestTemplate : Accept=[application/json, application/*+json]
2026-03-11 11:49:01.593 DEBUG [DiscoveryClient-HeartbeatExecutor-%d] o.s.web.client.RestTemplate : Response 200 OK
2026-03-11 11:49:16.600 DEBUG [DiscoveryClient-HeartbeatExecutor-%d] o.s.web.client.RestTemplate : HTTP PUT http://localhost:8761/eureka/apps/USER-SERVICE/user-service:9090?status=UP&lastDirtyTimestamp=1773208081511
2026-03-11 11:49:16.601 DEBUG [DiscoveryClient-HeartbeatExecutor-%d] o.s.web.client.RestTemplate : Accept=[application/json, application/*+json]
2026-03-11 11:49:16.621 DEBUG [DiscoveryClient-HeartbeatExecutor-%d] o.s.web.client.RestTemplate : Response 200 OK
2026-03-11 11:49:31.555 DEBUG [DiscoveryClient-CacheRefreshExecutor-%d] o.s.web.client.RestTemplate : HTTP GET http://localhost:8761/eureka/apps/delta
2026-03-11 11:49:31.555 DEBUG [DiscoveryClient-CacheRefreshExecutor-%d] o.s.web.client.RestTemplate : Accept=[application/json, application/*+json]
2026-03-11 11:49:31.575 DEBUG [DiscoveryClient-CacheRefreshExecutor-%d] o.s.web.client.RestTemplate : Response 200 OK
2026-03-11 11:49:31.575 DEBUG [DiscoveryClient-CacheRefreshExecutor-%d] o.s.web.client.RestTemplate : Reading to [org.springframework.cloud.netflix.eureka.http.EurekaApplications]
2026-03-11 11:49:31.633 DEBUG [DiscoveryClient-HeartbeatExecutor-%d] o.s.web.client.RestTemplate : HTTP PUT http://localhost:8761/eureka/apps/USER-SERVICE/user-service:9090?status=UP&lastDirtyTimestamp=1773208081511
2026-03-11 11:49:31.633 DEBUG [DiscoveryClient-HeartbeatExecutor-%d] o.s.web.client.RestTemplate : Accept=[application/json, application/*+json]
2026-03-11 11:49:31.649 DEBUG [DiscoveryClient-HeartbeatExecutor-%d] o.s.web.client.RestTemplate : Response 200 OK
2026-03-11 11:49:46.652 DEBUG [DiscoveryClient-HeartbeatExecutor-%d] o.s.web.client.RestTemplate : HTTP PUT http://localhost:8761/eureka/apps/USER-SERVICE/user-service:9090?status=UP&lastDirtyTimestamp=1773208081511
2026-03-11 11:49:46.653 DEBUG [DiscoveryClient-HeartbeatExecutor-%d] o.s.web.client.RestTemplate : Accept=[application/json, application/*+json]
2026-03-11 11:49:46.671 DEBUG [DiscoveryClient-HeartbeatExecutor-%d] o.s.web.client.RestTemplate : Response 200 OK
